Transaction_ID,Amount,Transaction_Hour,Previous_Transaction_Amount,Transaction_Frequency,Account_Age,Is_New_Device,Is_International,Fraud
T00001,1407.8,22,605.59,3,5,0,0,0
T00002,9030.36,3,2005.62,3,2,1,1,1
T00003,3950.24,17,2301.78,2,5,0,0,0
T00004,2738.83,4,16515.21,2,4,0,0,0
T00005,508.87,15,561.56,5,9,0,0,0
T00006,508.79,13,1851.74,3,6,0,0,0
T00007,179.52,18,1062.33,0,3,1,0,0
T00008,6033.69,13,1865.81,0,2,0,1,1
T00009,2757.25,8,660.33,1,7,1,0,1
T00010,3693.75,5,121.96,5,1,0,0,1
T00011,62.4,16,2124.89,5,5,0,1,0
T00012,10510.67,18,1023.13,1,5,0,0,1
T00013,5359.29,11,502.05,5,4,1,0,0
T00014,716.06,3,978.67,3,3,0,0,0
T00015,602.04,15,126.34,5,9,0,0,0
T00016,607.83,10,7511.54,5,4,0,0,0
T00017,1088.26,21,2175.59,2,9,0,0,0
T00018,2231.78,3,4215.37,4,7,0,0,0
T00019,1696.61,16,1375.29,1,9,0,1,0
T00020,1032.67,7,5840.73,2,2,0,0,0
T00021,2839.11,13,1650.82,4,2,0,0,0
T00022,450.7,1,2132.97,5,8,0,0,1
T00023,1036.55,10,1692.17,1,9,0,0,0
T00024,1368.83,10,3303.87,1,2,0,1,1
T00025,1826.8,23,2090.56,1,6,0,0,0
T00026,4613.81,21,792.26,1,6,1,0,1
T00027,668.21,23,393.21,1,7,0,0,0
T00028,2166.09,5,2329.3,2,5,0,1,0
T00029,2692.51,20,1679.34,2,3,0,0,0
T00030,142.69,20,252.25,5,10,0,0,0
T00031,2806.0,13,1258.87,2,3,0,0,0
T00032,560.88,9,1807.86,5,6,0,0,0
T00033,201.79,7,4384.62,4,1,0,1,0
T00034,8921.06,6,197.88,6,8,0,1,0
T00035,10111.89,7,1071.18,6,7,1,0,1
T00036,4956.99,7,4324.16,6,7,0,0,0
T00037,1089.86,22,2613.32,1,6,0,0,0
T00038,308.33,1,856.08,2,3,0,0,0
T00039,3458.25,15,4666.24,5,9,0,0,0
T00040,1740.27,8,1699.56,5,10,0,1,0
T00041,390.46,12,1724.64,2,6,0,0,0
T00042,2050.64,22,9386.2,5,6,1,0,0
T00043,104.98,11,7349.16,4,6,0,1,0
T00044,7201.27,21,1109.99,3,6,0,0,0
T00045,898.37,16,378.74,2,6,0,0,0
T00046,3258.77,1,985.08,2,4,0,0,1
T00047,1120.64,12,77.39,2,2,0,0,0
T00048,2202.33,0,52.47,2,1,0,0,0
T00049,2373.67,18,1258.48,3,8,0,0,0
T00050,613.17,10,7076.38,6,5,0,0,0
T00051,10478.42,4,5126.79,1,3,0,0,1
T00052,4476.74,0,1790.75,4,9,0,0,0
T00053,8415.28,19,2082.32,1,3,0,0,0
T00054,6756.46,12,14.88,2,5,1,0,0
T00055,2733.16,7,606.78,4,2,1,0,1
T00056,7648.31,5,62.72,2,6,0,0,0
T00057,277.97,16,3511.55,2,9,0,0,0
T00058,654.4,11,393.52,6,1,0,0,0
T00059,138.85,0,5082.29,4,3,1,0,1
T00060,1180.6,2,2577.32,1,10,0,0,1
T00061,1476.39,13,651.53,1,1,0,0,0
T00062,949.68,7,429.11,3,5,0,1,0
T00063,5293.67,10,2469.63,3,5,0,0,0
T00064,1323.68,13,5777.48,3,4,0,1,1
T00065,989.41,7,3167.82,4,5,0,0,0
T00066,2347.22,2,1071.37,0,8,0,0,1
T00067,455.69,6,2213.09,3,8,1,0,0
T00068,4861.45,18,930.42,3,6,0,0,0
T00069,232.43,3,17674.41,2,4,1,0,0
T00070,13002.44,15,3454.15,5,4,0,0,0
T00071,4438.45,12,2382.27,2,5,1,0,0
T00072,664.62,19,1375.91,4,5,0,0,0
T00073,16.61,18,2406.83,3,2,0,0,0
T00074,5069.69,4,1044.92,1,6,0,0,1
T00075,3681.29,22,73.22,1,7,0,1,0
T00076,3916.99,4,1256.68,3,3,0,0,0
T00077,4425.64,19,6665.38,1,10,1,1,0
T00078,230.79,23,2460.76,3,4,0,0,0
T00079,1331.68,3,219.23,7,9,1,0,1
T00080,369.45,1,5406.92,2,4,0,0,0
T00081,5965.59,12,782.93,4,10,0,0,0
T00082,2928.9,15,698.52,2,7,0,0,0
T00083,1205.46,21,881.32,2,2,0,0,0
T00084,197.0,1,2152.15,2,5,0,0,0
T00085,1117.47,18,1966.93,1,6,0,1,1
T00086,1179.94,16,1690.3,2,2,1,0,0
T00087,3923.63,4,3160.52,4,1,0,0,0
T00088,3044.67,17,951.46,2,9,0,0,0
T00089,6546.76,22,3808.89,2,7,0,1,0
T00090,1917.2,20,481.9,0,8,0,0,0
T00091,382.12,17,3815.28,1,5,0,0,0
T00092,3747.38,7,2725.2,3,5,1,0,0
T00093,4291.18,14,2873.78,4,1,0,1,1
T00094,2471.66,12,1642.3,3,3,1,0,1
T00095,4421.67,12,2749.04,4,7,0,0,0
T00096,2042.44,15,207.9,3,10,0,0,0
T00097,2219.04,21,4768.79,7,9,0,0,0
T00098,1673.44,19,142.87,1,8,0,1,0
T00099,77.24,12,402.6,3,5,1,0,0
T00100,342.5,19,2149.72,0,3,0,0,0
T00101,95.8,1,3362.03,3,9,0,0,0
T00102,3035.19,2,198.29,4,4,0,0,1
T00103,1132.19,14,6338.34,2,9,0,0,0
T00104,2131.31,22,9086.7,1,3,1,0,0
T00105,7143.8,18,2328.19,3,7,0,1,0
T00106,860.22,12,1640.8,5,1,0,0,0
T00107,1584.85,4,3381.13,6,10,0,0,0
T00108,4226.25,21,995.07,4,5,0,0,0
T00109,779.42,5,1699.41,0,9,1,0,0
T00110,240.31,13,6196.85,4,9,0,0,0
T00111,1026.42,3,7789.41,2,6,0,1,1
T00112,527.43,21,6545.61,2,6,0,0,0
T00113,7964.85,18,761.05,2,3,0,1,0
T00114,4952.66,22,661.44,3,9,0,0,0
T00115,3010.48,6,883.36,3,1,0,0,1
T00116,6154.56,3,1455.41,4,7,0,0,0
T00117,4883.91,1,942.8,1,3,0,0,1
T00118,619.49,6,1171.86,1,2,1,0,0
T00119,6692.44,2,2423.15,2,5,0,1,0
T00120,2325.3,14,3594.24,3,5,0,0,0
T00121,4942.04,0,3325.34,3,2,0,0,0
T00122,6792.73,1,4210.72,5,8,0,0,1
T00123,1148.19,9,81.78,3,2,0,0,0
T00124,349.78,15,122.28,0,8,0,0,0
T00125,776.06,14,3894.28,5,6,0,0,0
T00126,1671.17,23,1903.99,1,10,1,0,1
T00127,5111.49,14,2157.71,2,4,0,0,0
T00128,5914.03,13,135.05,5,3,0,0,0
T00129,20.93,21,736.98,4,9,0,0,0
T00130,2144.63,13,2542.73,1,6,0,0,0
T00131,1620.82,5,4900.72,4,5,0,0,0
T00132,753.5,13,6221.79,10,10,0,0,1
T00133,383.04,16,1734.97,3,3,0,0,0
T00134,1235.73,17,1971.25,3,3,1,0,0
T00135,8589.36,19,4475.15,7,6,0,0,0
T00136,1171.15,18,1928.45,4,10,0,0,0
T00137,2194.36,16,1818.61,2,4,1,0,0
T00138,3642.26,15,5886.91,5,4,1,0,0
T00139,1355.92,7,3900.82,3,8,0,0,0
T00140,10703.39,6,5994.23,2,2,0,1,0
T00141,9846.03,19,615.54,5,6,0,0,1
T00142,870.18,11,1857.82,3,9,0,0,0
T00143,2062.98,8,4620.38,5,3,1,1,0
T00144,1073.79,13,294.56,4,5,0,0,0
T00145,1005.75,19,3957.75,2,7,1,0,0
T00146,112.75,0,505.21,3,1,0,0,0
T00147,2821.48,9,4127.2,2,8,0,1,0
T00148,2095.56,16,2366.88,4,6,0,0,0
T00149,158.55,16,536.81,3,4,0,0,0
T00150,979.88,16,1603.07,2,6,0,0,0
T00151,7166.58,3,2863.51,3,2,1,0,0
T00152,821.58,16,2511.8,2,4,0,0,0
T00153,469.59,17,1393.25,3,8,0,0,0
T00154,2016.82,19,5740.68,2,4,0,0,0
T00155,12732.11,22,1831.09,3,5,1,0,0
T00156,831.43,1,1762.38,4,2,0,0,1
T00157,3345.47,7,160.68,2,3,1,1,0
T00158,4301.66,12,6381.48,0,3,1,0,0
T00159,814.0,22,487.35,0,2,0,0,0
T00160,3908.25,21,1878.77,1,8,0,0,0
T00161,1375.57,19,4068.59,2,3,0,0,0
T00162,3001.51,21,606.62,1,1,0,0,0
T00163,3011.51,14,1873.62,1,2,0,0,0
T00164,2302.16,19,688.35,4,8,0,0,0
T00165,283.89,22,3564.62,0,1,0,0,0
T00166,5410.93,8,2077.24,3,1,0,0,0
T00167,1160.43,2,4844.44,3,1,0,0,1
T00168,619.3,2,5623.99,1,10,0,0,0
T00169,124.89,1,2615.53,2,8,0,1,1
T00170,2681.34,0,3231.02,2,6,1,0,1
T00171,3395.56,13,1991.94,0,7,0,0,0
T00172,50.18,16,1213.01,3,4,0,0,0
T00173,2152.89,12,2611.15,3,8,0,0,0
T00174,770.47,18,5972.77,3,2,0,1,0
T00175,3108.37,22,1347.55,3,9,0,0,0
T00176,574.81,14,943.69,1,4,0,0,0
T00177,3522.64,13,1229.34,3,1,0,0,0
T00178,1466.88,1,1429.08,4,2,0,0,0
T00179,8281.03,6,191.02,2,8,1,0,1
T00180,443.83,16,1725.09,2,9,0,0,0
T00181,1251.4,17,1704.6,7,5,1,0,0
T00182,361.33,5,2219.52,1,4,1,0,1
T00183,7758.57,20,1126.76,10,10,1,0,1
T00184,6295.0,7,2374.02,1,7,1,0,0
T00185,894.98,1,5263.77,0,2,0,0,0
T00186,3236.29,0,7779.04,3,7,1,0,1
T00187,5098.45,15,2190.35,3,9,0,0,0
T00188,2430.4,6,108.81,3,2,0,0,0
T00189,2262.84,21,8703.53,3,8,0,0,0
T00190,830.63,23,3059.27,4,6,0,0,0
T00191,293.18,10,1023.55,1,6,0,0,0
T00192,6825.37,14,397.95,3,4,1,0,0
T00193,6920.32,12,387.01,5,9,0,0,0
T00194,3008.01,23,459.04,2,8,0,1,1
T00195,1242.14,1,116.61,3,7,0,1,1
T00196,1288.7,13,5810.91,2,5,0,0,0
T00197,3883.4,23,1945.5,1,5,0,0,0
T00198,6822.29,5,3009.59,2,2,0,0,0
T00199,6543.4,8,4402.23,5,5,0,0,0
T00200,4540.69,6,3920.03,3,3,0,0,0
T00201,3081.93,17,5355.54,1,7,0,0,0
T00202,263.68,23,8547.48,1,9,0,0,0
T00203,528.88,8,1445.4,5,10,0,0,0
T00204,6864.69,22,7506.16,2,6,0,0,0
T00205,2797.48,3,3211.96,3,10,1,0,1
T00206,27.72,8,183.22,5,7,0,0,0
T00207,320.99,3,2862.56,0,7,0,1,0
T00208,3267.49,11,2901.62,5,7,0,0,0
T00209,15.22,3,5907.45,3,4,0,0,0
T00210,525.95,23,1166.75,1,6,0,0,0
T00211,2387.09,19,2198.16,2,7,1,0,0
T00212,3531.95,13,30.66,3,10,0,0,0
T00213,3166.32,23,1008.95,4,4,1,0,0
T00214,761.85,23,160.66,4,9,1,0,1
T00215,3736.25,6,1844.7,3,9,1,1,1
T00216,812.47,12,4251.8,2,4,0,0,0
T00217,1180.9,21,578.07,1,8,0,0,0
T00218,4117.07,7,1873.98,6,8,0,0,0
T00219,3146.32,22,570.42,5,2,1,0,0
T00220,5675.87,4,321.54,0,6,0,0,1
T00221,3215.44,11,1788.47,1,9,0,0,0
T00222,2520.13,12,206.14,3,8,0,0,0
T00223,295.07,19,2212.92,5,1,1,0,0
T00224,1375.25,13,79.6,1,5,1,1,0
T00225,924.48,17,282.12,3,5,0,0,0
T00226,839.1,23,1996.26,5,9,0,0,0
T00227,10836.93,19,2237.59,1,2,0,0,1
T00228,1498.16,3,73.54,3,5,0,0,1
T00229,6678.17,20,2129.64,2,1,0,1,1
T00230,2992.0,17,4558.16,5,8,1,1,1
T00231,4751.48,6,3203.18,4,8,1,0,0
T00232,2095.31,14,351.56,1,2,0,1,1
T00233,2580.47,20,2244.13,6,10,0,0,0
T00234,2034.88,5,2788.78,2,1,0,0,0
T00235,651.64,15,94.85,2,3,0,1,1
T00236,3845.29,19,4833.56,4,9,0,0,0
T00237,988.73,23,5918.27,1,7,0,0,0
T00238,73.85,7,4750.35,3,7,0,0,0
T00239,3110.91,20,4352.16,3,10,0,0,0
T00240,584.8,15,3415.89,3,4,0,0,0
T00241,8463.25,21,2508.93,3,5,0,0,0
T00242,9232.69,15,2837.88,4,7,0,0,0
T00243,7390.53,2,4104.84,4,2,0,0,1
T00244,1386.86,16,2715.46,3,3,0,0,0
T00245,46.73,8,992.73,3,3,1,0,0
T00246,7906.57,2,1178.86,4,7,0,0,1
T00247,1676.81,19,5683.96,3,7,0,1,0
T00248,10202.53,6,43.18,2,6,0,0,1
T00249,9941.21,17,3000.12,3,1,0,0,1
T00250,5752.16,11,7740.4,3,10,0,0,0
T00251,1046.33,18,3062.38,2,8,1,1,0
T00252,1458.88,15,12753.58,3,10,1,0,0
T00253,5714.18,21,2908.24,3,10,1,0,0
T00254,1143.44,23,87.42,4,4,0,0,0
T00255,557.16,16,4386.3,7,8,0,0,0
T00256,2441.21,19,837.39,3,7,1,0,0
T00257,8253.88,14,1476.73,4,1,0,0,0
T00258,3572.48,0,935.25,3,7,0,0,1
T00259,2532.34,1,781.83,4,4,0,0,0
T00260,306.68,7,1411.47,4,5,0,1,0
T00261,2863.59,21,1190.06,2,6,0,0,0
T00262,13831.71,1,2508.29,3,5,0,0,0
T00263,452.76,18,4193.64,3,2,0,0,0
T00264,2191.49,8,881.31,1,8,0,0,0
T00265,6295.83,8,601.11,1,8,0,0,0
T00266,4050.1,12,2748.25,2,5,0,0,0
T00267,3582.22,5,2774.08,2,5,0,0,0
T00268,3636.86,14,5784.9,4,7,0,0,0
T00269,1336.48,18,40.19,2,2,0,0,1
T00270,1042.69,20,4794.0,2,5,0,0,0
T00271,4972.12,14,1840.15,3,1,1,1,1
T00272,4983.98,17,2427.54,2,4,0,0,0
T00273,6053.85,6,239.55,1,8,0,0,1
T00274,7333.85,10,1416.79,3,1,1,0,1
T00275,2148.28,7,644.67,2,10,0,0,0
T00276,2088.55,5,733.33,2,1,0,0,0
T00277,4802.85,7,1753.43,2,4,0,0,0
T00278,3149.16,1,4184.35,5,10,1,0,0
T00279,3631.65,18,3404.31,2,5,0,0,0
T00280,4765.86,15,2235.1,2,9,0,0,0
T00281,6621.97,6,1938.16,3,5,0,0,0
T00282,1237.45,9,1393.51,3,1,0,0,1
T00283,1412.81,11,9003.08,4,3,0,0,0
T00284,296.09,16,2053.55,3,4,0,0,0
T00285,2590.24,6,732.46,4,7,0,0,0
T00286,109.81,21,653.71,3,2,1,0,0
T00287,1879.82,7,2362.71,1,4,0,0,0
T00288,2346.88,6,1849.69,3,8,0,0,0
T00289,1012.89,3,19.32,3,5,0,0,1
T00290,2680.9,2,4430.85,1,6,0,0,0
T00291,92.93,18,3044.52,3,3,0,0,0
T00292,114.19,14,2710.51,2,4,0,0,0
T00293,5188.05,3,178.15,0,9,1,0,1
T00294,1339.76,8,1123.76,0,2,0,0,0
T00295,407.67,12,6848.17,2,3,0,1,0
T00296,2215.96,17,4961.95,4,2,0,0,0
T00297,4408.94,20,840.58,2,2,0,0,0
T00298,729.35,15,427.15,4,9,1,0,1
T00299,2925.66,0,1490.45,1,8,0,0,0
T00300,267.63,3,1099.48,3,7,0,1,1
T00301,159.2,17,2866.04,3,9,0,0,0
T00302,2273.73,7,8485.66,0,8,0,0,0
T00303,2333.73,19,1127.47,1,9,0,0,0
T00304,3043.61,15,160.61,4,2,0,0,0
T00305,3884.88,20,5697.51,3,7,0,0,0
T00306,11170.67,10,96.72,1,9,0,0,0
T00307,2178.87,19,7631.6,1,9,0,0,0
T00308,1170.06,20,2730.93,4,8,1,0,0
T00309,4756.96,20,7104.92,3,1,0,0,0
T00310,947.55,20,556.8,6,3,1,0,0
T00311,1733.95,18,103.88,5,8,0,0,0
T00312,245.12,22,1674.6,3,3,0,1,0
T00313,77.03,18,1497.43,3,4,0,1,0
T00314,9862.14,17,1006.77,2,10,0,1,0
T00315,5423.3,18,7904.85,2,2,1,0,0
T00316,3571.93,10,4323.14,1,3,0,0,0
T00317,1577.58,2,2708.68,0,5,0,0,0
T00318,570.92,7,444.4,6,6,0,0,0
T00319,510.36,19,3313.69,1,6,0,0,1
T00320,864.02,18,3245.82,4,7,0,0,0
T00321,2390.37,9,1383.76,4,10,0,1,0
T00322,3761.55,15,6468.54,1,8,1,0,0
T00323,3238.17,4,456.74,5,6,0,0,1
T00324,985.24,19,777.68,2,10,1,0,0
T00325,9294.31,8,163.28,4,6,0,0,0
T00326,4017.05,7,3967.37,1,2,0,1,0
T00327,2424.69,10,2430.56,3,3,0,0,0
T00328,2838.09,15,945.62,8,6,0,0,0
T00329,1632.11,6,447.26,4,6,0,0,0
T00330,853.98,14,102.44,0,6,1,0,0
T00331,1320.04,23,456.04,4,4,0,0,0
T00332,4254.55,20,1509.57,6,2,0,0,0
T00333,43.49,19,709.81,2,8,0,0,0
T00334,370.14,22,749.33,4,2,0,0,0
T00335,141.28,16,5210.16,1,3,0,0,0
T00336,124.74,5,1809.73,1,1,1,0,0
T00337,5802.61,14,3266.42,2,9,1,0,0
T00338,3648.72,7,90.91,2,3,0,0,0
T00339,1928.35,6,1135.97,4,2,0,0,0
T00340,308.87,1,1630.83,3,6,0,1,0
T00341,2029.55,12,515.77,1,8,0,0,0
T00342,1924.35,22,320.13,5,4,0,0,0
T00343,570.58,5,5106.4,6,1,0,0,0
T00344,1706.7,4,7009.96,3,7,0,0,0
T00345,1525.01,19,205.21,3,3,0,0,1
T00346,2870.17,0,1073.19,3,5,0,0,0
T00347,3024.34,17,7942.27,5,2,0,0,0
T00348,139.09,14,217.06,2,8,1,0,1
T00349,1408.15,22,2579.54,3,3,1,0,0
T00350,2949.37,9,8958.72,4,9,0,0,0
T00351,2098.32,2,9567.33,3,1,0,1,0
T00352,5824.05,4,1592.97,3,6,0,0,1
T00353,3224.92,23,444.08,3,3,0,0,0
T00354,533.56,12,564.38,0,4,0,0,0
T00355,219.55,7,5509.14,0,4,0,1,0
T00356,3085.18,21,6067.06,3,8,0,0,0
T00357,80.61,20,2340.47,6,9,1,1,0
T00358,2644.04,1,3632.97,6,5,0,0,0
T00359,8451.77,8,3367.02,2,10,0,0,0
T00360,2570.35,16,2710.45,5,10,0,0,0
T00361,1473.9,17,4390.16,2,3,0,0,1
T00362,3092.48,12,2891.19,3,9,0,0,0
T00363,1838.87,0,1908.94,0,1,0,0,0
T00364,2366.44,11,676.1,2,1,0,0,0
T00365,8514.38,19,3405.35,4,3,0,0,0
T00366,1463.78,19,1603.46,3,2,0,0,0
T00367,9747.28,20,873.16,6,8,0,1,0
T00368,7072.73,4,4048.04,4,5,1,0,1
T00369,653.69,7,2982.69,4,10,1,0,1
T00370,215.65,14,6925.06,5,1,1,0,0
T00371,318.68,2,452.13,5,3,0,0,1
T00372,55.17,5,2618.77,0,3,0,0,0
T00373,297.62,12,700.08,4,2,0,1,1
T00374,3446.62,11,5847.68,2,9,1,1,0
T00375,221.55,18,262.01,3,1,0,0,0
T00376,1152.47,17,2668.96,5,10,0,0,0
T00377,5590.58,23,3914.58,2,5,1,0,0
T00378,70.64,0,1095.94,3,9,0,0,0
T00379,5053.59,6,7705.3,2,3,0,1,1
T00380,993.25,11,4755.01,6,10,0,0,0
T00381,377.25,9,872.54,1,3,0,0,0
T00382,3579.47,11,18.92,2,7,0,0,0
T00383,2974.2,10,879.78,3,1,0,1,0
T00384,6298.25,3,825.81,4,9,0,0,1
T00385,3984.88,18,5517.38,1,7,0,0,0
T00386,4880.99,5,8537.32,2,8,1,0,0
T00387,994.0,8,182.61,2,2,0,0,0
T00388,586.0,19,1593.31,2,3,1,0,0
T00389,4166.27,9,1987.02,3,9,1,0,0
T00390,4932.63,4,243.79,3,4,0,0,1
T00391,13971.01,12,1185.02,0,5,0,0,1
T00392,1596.24,8,953.45,5,9,0,0,0
T00393,1395.73,1,1919.98,4,10,0,0,1
T00394,4493.86,17,2705.8,4,8,0,1,1
T00395,1250.2,20,3039.14,0,5,0,0,0
T00396,8010.41,0,367.64,3,2,1,0,0
T00397,5864.52,23,4190.92,4,3,0,0,0
T00398,1681.07,20,2837.22,2,3,1,0,1
T00399,4169.35,11,5497.25,1,7,0,0,0
T00400,4213.9,9,1491.58,2,6,0,0,0
T00401,326.51,1,5608.19,4,7,0,0,1
T00402,6985.34,8,5020.58,3,8,0,0,0
T00403,2111.12,1,1442.46,2,5,0,0,0
T00404,5254.0,22,1199.7,2,6,0,0,0
T00405,1157.21,23,6750.65,3,1,0,0,0
T00406,6776.37,21,3139.61,2,4,1,0,0
T00407,1478.97,13,6586.26,3,6,0,0,0
T00408,32.69,10,3986.06,1,4,0,0,0
T00409,7073.72,22,2349.52,5,1,0,0,1
T00410,287.18,10,307.83,1,3,0,1,0
T00411,1153.96,16,861.44,3,3,0,0,0
T00412,8990.92,3,8671.74,3,3,0,0,0
T00413,9023.85,12,962.03,2,4,1,0,0
T00414,2555.99,6,244.73,2,9,0,1,1
T00415,2997.69,15,3073.68,3,9,0,1,0
T00416,1785.04,0,3310.69,4,8,0,0,0
T00417,1041.07,12,840.28,3,3,0,0,0
T00418,1195.46,0,883.39,0,2,1,0,0
T00419,3348.97,10,1581.98,2,3,0,1,0
T00420,4187.51,5,55.07,1,5,0,0,0
T00421,4704.59,19,3893.57,1,7,0,0,0
T00422,4676.49,2,953.48,3,2,0,0,1
T00423,286.91,11,4806.32,2,6,0,0,0
T00424,2046.15,4,4056.69,2,2,0,1,0
T00425,177.85,8,2707.35,3,1,0,0,0
T00426,2392.38,11,982.14,2,3,0,0,0
T00427,1747.67,9,1815.81,3,4,0,0,0
T00428,6559.86,18,1471.2,3,2,0,1,0
T00429,1296.57,4,1034.56,2,3,0,0,0
T00430,373.52,4,4711.93,4,6,1,0,1
T00431,462.92,8,1651.73,2,9,0,0,0
T00432,4300.29,19,4470.26,3,2,0,0,0
T00433,2888.72,16,277.94,2,7,0,0,0
T00434,319.83,9,380.04,2,1,0,0,0
T00435,263.57,20,9465.71,2,4,1,0,1
T00436,3621.63,0,2215.43,3,2,0,0,0
T00437,226.64,21,1782.2,3,4,0,0,1
T00438,5175.56,15,1851.42,3,2,0,0,0
T00439,3675.0,14,606.04,2,3,0,1,1
T00440,254.55,22,3170.87,3,8,0,0,0
T00441,265.96,16,221.48,1,4,1,1,0
T00442,12946.38,19,2129.32,4,6,0,0,1
T00443,1406.51,12,2114.4,4,9,1,0,0
T00444,1389.17,0,6139.0,2,8,0,1,0
T00445,5026.73,7,1867.33,1,2,0,0,0
T00446,8826.49,4,368.53,3,2,0,0,1
T00447,12806.32,5,2125.98,3,3,0,0,1
T00448,4199.7,22,239.43,2,2,1,1,0
T00449,1416.06,19,569.74,4,3,0,0,0
T00450,261.58,13,79.01,4,2,0,0,1
T00451,4503.73,21,1800.24,2,6,0,0,0
T00452,2452.08,22,220.8,4,9,0,0,0
T00453,1656.1,10,1584.34,3,8,0,0,0
T00454,7104.71,5,6755.61,1,6,1,0,0
T00455,353.64,10,3180.28,4,4,0,0,0
T00456,2035.52,12,201.43,0,10,1,1,0
T00457,34.26,11,634.68,5,5,0,0,0
T00458,1897.06,21,2799.56,1,4,0,0,0
T00459,173.85,1,5627.4,4,5,0,0,0
T00460,379.47,20,83.68,2,2,0,0,0
T00461,375.08,2,4184.29,1,8,0,0,0
T00462,3142.71,22,2062.78,5,1,0,0,0
T00463,4111.79,3,1974.65,3,9,0,0,0
T00464,2626.66,16,7914.12,2,1,0,0,0
T00465,9824.16,21,3442.29,2,5,0,0,0
T00466,1409.39,5,4744.78,7,9,0,0,0
T00467,1009.41,6,1092.37,4,1,1,0,0
T00468,6088.51,14,2020.63,2,1,0,0,0
T00469,759.25,10,2388.92,0,3,0,0,0
T00470,9908.61,23,969.99,2,8,0,0,1
T00471,36.69,2,2111.37,1,3,1,0,1
T00472,10507.58,5,675.11,2,2,0,0,0
T00473,132.36,1,386.89,3,6,0,0,1
T00474,6653.16,13,1170.89,3,10,0,0,0
T00475,2250.43,8,3360.86,3,5,0,0,0
T00476,14870.49,17,6197.92,4,9,0,1,0
T00477,229.98,18,1529.9,1,3,0,0,0
T00478,2421.33,11,2573.81,4,4,1,1,0
T00479,10450.73,12,271.85,4,10,0,0,1
T00480,2221.33,11,5870.62,2,8,0,0,0
T00481,2977.88,11,2101.82,4,2,0,0,0
T00482,3569.7,17,3789.17,6,5,0,0,0
T00483,1818.38,8,3955.06,6,9,1,0,0
T00484,2963.02,16,740.9,2,9,0,0,0
T00485,2633.48,20,1883.17,2,10,0,0,0
T00486,6942.7,15,8077.36,0,9,0,0,0
T00487,139.53,16,234.77,3,1,0,0,0
T00488,989.53,20,2872.53,1,1,0,0,0
T00489,9011.99,23,8192.86,5,1,0,0,0
T00490,6629.03,7,893.75,5,8,0,0,1
T00491,1824.53,10,4941.27,3,4,0,1,0
T00492,2903.8,23,6782.31,2,9,0,0,0
T00493,974.62,1,3436.77,3,6,0,0,0
T00494,625.21,7,657.73,4,3,0,0,0
T00495,1869.18,11,1016.17,2,8,0,0,0
T00496,1307.86,20,91.17,3,1,0,0,1
T00497,2628.73,0,4451.36,2,2,0,1,1
T00498,242.77,22,4736.33,2,8,0,0,0
T00499,10994.88,12,2504.01,1,1,0,0,0
T00500,12851.6,21,1086.7,1,5,0,1,1
T00501,3593.59,20,199.8,5,3,1,0,0
T00502,2304.24,16,3496.5,2,2,0,0,0
T00503,1111.14,13,3241.37,5,4,0,1,0
T00504,5042.72,13,6093.22,2,2,0,0,0
T00505,3462.99,15,3278.26,1,5,0,0,0
T00506,532.42,16,4410.77,5,8,1,0,0
T00507,7254.9,5,3425.61,4,4,0,0,0
T00508,5186.98,6,2490.28,3,7,1,0,0
T00509,8975.22,0,1392.03,1,5,0,0,0
T00510,3880.81,14,5809.96,6,9,0,0,0
T00511,2851.21,19,2631.48,2,2,0,0,0
T00512,1625.11,20,1270.22,3,2,0,1,0
T00513,8097.06,17,217.9,0,1,0,0,1
T00514,6031.18,12,858.71,3,4,0,0,0
T00515,138.82,23,1961.66,4,8,0,0,0
T00516,80.16,1,806.15,4,5,0,0,0
T00517,1417.04,18,625.12,4,5,0,0,0
T00518,4990.94,14,1873.73,0,4,0,0,0
T00519,13092.83,11,465.28,4,7,0,1,0
T00520,489.03,14,4028.73,5,10,0,0,0
T00521,2705.17,17,1655.91,3,8,0,0,0
T00522,1438.42,13,2132.48,2,9,0,0,0
T00523,10511.13,5,398.61,3,6,0,0,0
T00524,5537.74,11,981.04,5,9,0,0,0
T00525,5466.57,19,1319.46,0,1,0,0,0
T00526,1897.25,22,4128.42,4,3,1,1,0
T00527,1607.5,5,3675.92,1,1,0,0,0
T00528,958.17,8,630.71,6,5,0,0,0
T00529,174.08,3,2393.95,3,8,0,1,0
T00530,6001.28,16,697.49,4,6,0,0,0
T00531,5028.35,1,11109.15,1,10,1,0,0
T00532,24517.34,15,7597.85,4,5,0,0,1
T00533,17084.62,23,2071.07,6,1,1,0,1
T00534,2431.95,13,3000.8,2,1,0,0,0
T00535,4395.85,7,4041.54,6,5,0,1,0
T00536,8688.52,13,3191.34,4,5,0,1,0
T00537,5684.32,1,3008.5,4,8,1,1,0
T00538,852.46,15,7958.41,3,2,0,0,0
T00539,1796.48,3,2268.68,3,7,1,0,1
T00540,414.89,0,2528.58,2,5,0,1,1
T00541,9240.67,22,4730.64,3,2,1,0,0
T00542,2795.54,19,2770.83,3,5,0,0,0
T00543,778.81,13,3300.64,3,9,0,0,0
T00544,3341.49,7,666.98,2,5,0,0,0
T00545,2888.01,2,1160.12,2,5,1,1,1
T00546,1330.26,4,398.37,5,2,0,0,0
T00547,361.62,5,1761.86,1,9,0,1,0
T00548,3340.32,21,1520.76,2,2,0,0,0
T00549,2203.83,7,14662.36,6,5,0,0,0
T00550,4439.42,5,2361.78,4,2,0,0,0
T00551,2202.93,5,3859.65,1,2,0,0,0
T00552,5735.31,3,1016.22,3,6,0,0,1
T00553,2408.26,6,4452.72,3,10,1,0,1
T00554,2469.34,23,2386.83,2,3,1,0,0
T00555,6278.28,18,2984.99,1,10,0,0,0
T00556,1549.94,6,871.88,4,9,1,0,0
T00557,431.66,2,1988.72,5,6,0,0,0
T00558,87.62,7,2513.06,2,10,0,0,0
T00559,4221.17,0,2223.48,1,10,0,0,0
T00560,2905.2,0,6168.46,4,2,1,0,0
T00561,3653.0,13,5713.65,3,1,0,0,1
T00562,718.44,5,8849.77,5,2,0,0,0
T00563,439.84,9,2752.25,2,10,0,1,0
T00564,43.95,13,8931.22,1,6,0,1,0
T00565,1295.06,3,4466.6,2,2,0,1,1
T00566,2674.19,5,789.63,1,7,1,0,1
T00567,1493.95,15,1394.08,7,7,0,0,0
T00568,1725.96,20,680.81,2,1,0,1,1
T00569,7035.18,0,10.51,6,6,0,0,0
T00570,1284.31,5,520.79,3,5,0,0,0
T00571,2164.58,8,10.17,1,8,1,0,0
T00572,4592.62,14,3180.97,4,8,0,1,0
T00573,1515.24,11,1385.79,7,9,0,0,0
T00574,2919.27,2,937.01,0,2,1,0,1
T00575,5949.42,10,3585.78,5,1,0,1,0
T00576,8958.57,14,4466.73,3,10,0,0,0
T00577,477.25,2,9252.33,5,6,1,0,0
T00578,7834.99,13,2568.15,3,2,0,0,0
T00579,2032.51,1,1547.55,2,5,0,0,0
T00580,896.21,3,910.56,3,1,0,0,0
T00581,1843.76,18,628.59,2,1,0,0,1
T00582,11740.96,11,598.58,5,5,0,0,0
T00583,2035.47,1,1315.65,3,6,0,0,1
T00584,1195.85,16,12004.9,4,7,0,0,0
T00585,3010.46,2,2.14,2,4,1,0,1
T00586,823.89,9,549.14,1,4,1,0,0
T00587,236.69,15,521.85,5,5,0,0,0
T00588,413.93,21,3156.83,4,6,0,0,0
T00589,411.06,8,1086.53,5,8,0,0,0
T00590,494.28,10,1527.82,5,9,0,0,0
T00591,448.38,20,402.25,3,7,0,0,0
T00592,3072.25,14,1297.97,5,10,0,0,0
T00593,602.24,2,272.31,2,3,0,1,0
T00594,1272.42,15,1903.8,1,6,1,0,0
T00595,6812.92,20,257.68,3,9,1,0,1
T00596,1927.14,20,3907.68,6,6,0,0,0
T00597,3303.87,20,2090.25,4,10,0,0,0
T00598,567.39,11,3218.1,1,8,0,0,0
T00599,640.65,22,1355.43,6,8,0,0,0
T00600,125.18,4,1201.11,3,4,1,0,0
T00601,555.14,6,258.43,2,7,0,0,0
T00602,979.64,8,1855.09,0,7,1,0,1
T00603,584.44,20,1806.45,4,7,1,0,1
T00604,278.66,17,1578.26,1,8,0,1,1
T00605,385.67,20,3372.67,4,2,1,0,1
T00606,1852.89,7,4467.0,2,2,0,0,0
T00607,693.28,11,3473.65,6,6,1,0,0
T00608,1358.94,19,388.32,2,6,1,1,0
T00609,2100.02,1,2432.55,2,5,1,0,1
T00610,3517.37,9,209.33,6,2,0,0,0
T00611,120.32,18,2965.51,5,8,0,0,0
T00612,4819.48,8,1202.52,1,3,0,0,0
T00613,2965.78,23,355.35,4,1,0,1,0
T00614,255.89,7,4952.18,1,1,0,1,1
T00615,6204.4,23,2379.85,4,7,1,1,0
T00616,7610.08,23,1095.2,3,7,0,0,1
T00617,189.07,23,78.02,3,6,0,0,0
T00618,972.53,0,1926.75,3,6,0,0,0
T00619,4922.81,5,6417.22,1,5,0,0,0
T00620,4138.07,11,2268.2,3,6,0,0,0
T00621,611.94,23,8907.87,2,2,1,0,0
T00622,704.7,18,366.76,3,5,1,0,0
T00623,1388.36,16,2100.09,3,2,0,0,0
T00624,1987.99,1,4000.27,1,3,0,0,0
T00625,2889.01,10,1863.95,3,5,0,0,0
T00626,1380.94,17,238.71,4,1,0,1,0
T00627,1862.67,22,2185.99,3,3,0,0,0
T00628,4128.69,21,2365.19,4,10,1,0,1
T00629,112.12,10,3261.41,4,6,0,0,0
T00630,872.81,17,3580.44,2,2,0,1,0
T00631,3748.48,7,3682.6,2,3,0,0,0
T00632,6767.3,14,2722.48,0,9,0,0,0
T00633,2150.34,8,607.76,2,8,0,0,0
T00634,2278.59,14,1294.78,4,3,0,1,0
T00635,340.08,6,3741.72,3,7,0,0,0
T00636,1779.43,19,7666.83,2,4,0,0,0
T00637,2281.82,12,205.59,6,7,0,0,0
T00638,833.08,12,1917.18,1,5,0,0,0
T00639,941.02,0,936.81,2,2,0,0,1
T00640,1420.99,19,638.5,6,6,0,0,0
T00641,60.83,3,1762.09,1,1,0,0,1
T00642,1166.17,23,2329.08,2,6,0,0,0
T00643,712.67,3,24.55,5,1,1,0,0
T00644,1190.25,3,3787.67,3,3,1,0,0
T00645,382.69,12,4285.36,7,10,0,0,0
T00646,6636.24,1,8417.77,2,7,0,0,0
T00647,2701.2,22,498.09,2,2,0,0,0
T00648,3409.9,14,2256.91,1,9,0,0,0
T00649,4670.13,3,1390.54,0,3,0,0,1
T00650,2070.11,5,1019.27,2,3,0,0,0
T00651,272.8,2,2084.67,2,7,0,0,1
T00652,2310.78,6,3812.55,4,1,0,1,1
T00653,2651.77,5,58.31,1,5,0,0,0
T00654,4104.65,2,8716.9,6,10,1,0,0
T00655,1695.1,3,4150.27,3,3,1,0,0
T00656,409.45,9,3477.3,6,1,0,1,0
T00657,1001.29,20,3571.83,5,7,0,1,0
T00658,1353.34,8,1231.89,1,10,0,0,0
T00659,3114.67,5,3481.99,3,7,0,0,0
T00660,2537.35,19,1222.54,5,9,0,0,0
T00661,1320.62,10,5724.34,1,7,1,1,1
T00662,12918.59,6,487.67,4,4,0,1,1
T00663,2792.5,17,864.51,3,3,0,1,1
T00664,812.38,3,2003.71,1,6,0,0,0
T00665,322.03,4,961.26,2,6,0,0,0
T00666,497.66,3,1380.15,3,2,1,0,1
T00667,846.92,3,1695.27,2,7,1,0,0
T00668,525.49,12,4851.0,3,1,0,0,0
T00669,619.48,15,1851.6,3,9,1,0,0
T00670,1006.82,13,1125.35,3,2,0,0,0
T00671,571.21,10,711.67,3,3,0,0,0
T00672,6812.25,1,1313.48,2,6,1,1,0
T00673,250.91,21,1812.81,1,7,0,0,0
T00674,2230.24,13,3427.18,1,1,0,0,0
T00675,1584.92,23,322.56,4,3,0,0,0
T00676,12115.93,23,626.32,2,6,0,0,0
T00677,356.48,6,1193.69,1,4,0,0,0
T00678,1521.77,10,1117.27,2,5,0,0,0
T00679,10467.18,3,1242.92,4,3,1,1,1
T00680,6018.73,6,3943.89,1,8,0,1,0
T00681,5095.99,15,979.48,4,1,0,0,0
T00682,894.83,5,1742.38,3,10,0,0,0
T00683,562.2,5,2444.8,3,7,0,0,0
T00684,3313.68,1,660.5,2,2,1,1,0
T00685,7951.16,23,3170.79,1,8,1,0,0
T00686,2440.95,7,1980.27,3,3,0,1,0
T00687,2543.18,6,1480.0,0,4,0,0,0
T00688,985.43,23,4148.99,2,2,0,0,0
T00689,4402.42,13,697.62,4,5,0,1,0
T00690,621.23,8,5367.72,1,9,0,0,0
T00691,1173.26,14,2058.42,0,4,0,0,0
T00692,1662.43,21,2348.74,0,7,0,0,0
T00693,2125.45,17,5199.78,4,8,0,1,0
T00694,832.84,11,4253.65,1,10,0,0,0
T00695,365.95,22,2300.51,3,1,0,0,0
T00696,2829.6,18,3497.82,4,6,0,1,1
T00697,1021.69,12,1419.9,1,5,0,0,0
T00698,2611.36,6,1981.74,3,10,0,0,0
T00699,502.99,9,160.2,2,10,0,0,0
T00700,1968.36,9,235.39,3,1,0,0,0
T00701,2281.64,1,4421.46,2,9,1,1,0
T00702,159.64,13,153.82,2,10,0,0,0
T00703,1231.15,12,464.01,2,7,1,0,1
T00704,433.05,21,3972.04,2,1,0,0,0
T00705,196.42,5,2.87,4,2,0,0,0
T00706,13803.6,8,829.62,3,4,0,1,1
T00707,1167.39,12,2192.91,2,10,0,1,0
T00708,4980.21,8,2262.45,3,9,0,0,0
T00709,881.67,12,3753.17,4,2,0,0,0
T00710,3432.42,4,1762.68,4,1,0,0,1
T00711,4284.2,13,1780.32,3,1,0,0,0
T00712,2716.34,4,3230.29,5,9,1,0,1
T00713,1913.57,8,1726.0,0,1,0,0,0
T00714,1592.27,7,2344.37,1,4,0,1,1
T00715,1287.13,6,5701.42,2,5,1,0,0
T00716,7957.67,7,1283.12,4,6,0,0,0
T00717,5326.82,21,1215.84,3,6,0,1,1
T00718,10059.53,2,8.89,4,3,1,0,1
T00719,398.19,22,2376.08,2,7,1,0,0
T00720,3937.65,23,75.56,0,8,0,0,0
T00721,8358.38,14,1753.7,1,1,1,0,0
T00722,599.87,7,4077.09,4,9,0,1,0
T00723,206.43,0,1995.83,2,6,0,0,1
T00724,4054.18,6,785.53,3,1,0,0,0
T00725,2563.28,18,3856.42,6,9,0,0,0
T00726,5532.23,1,785.81,3,4,0,0,0
T00727,451.67,13,3301.56,2,9,0,0,0
T00728,4758.15,17,2355.68,2,10,0,0,0
T00729,675.54,14,465.81,2,5,0,1,1
T00730,536.15,13,5888.22,5,6,1,0,0
T00731,538.33,23,559.87,3,9,0,0,0
T00732,5055.31,18,11411.77,1,6,0,0,0
T00733,3282.64,18,18.34,5,1,0,1,0
T00734,2221.13,21,764.56,3,1,0,0,0
T00735,1333.38,16,557.42,3,2,1,0,1
T00736,6291.61,21,35.23,2,2,0,0,0
T00737,1494.94,18,3295.36,2,6,0,0,0
T00738,5088.25,15,2955.74,4,10,0,0,0
T00739,1734.82,19,3929.76,3,10,0,0,0
T00740,1419.36,18,741.63,6,5,0,0,0
T00741,1863.48,0,1468.97,0,7,0,0,1
T00742,1075.94,18,2690.51,3,8,1,0,1
T00743,4130.33,6,1448.51,4,10,0,0,0
T00744,2095.81,22,2987.75,2,10,1,0,0
T00745,792.73,10,2512.62,2,10,0,0,0
T00746,6895.02,4,304.42,2,10,0,0,0
T00747,1453.0,16,3797.2,2,3,1,0,1
T00748,2352.85,10,3188.46,1,9,0,0,0
T00749,7108.49,23,2666.58,5,1,0,0,0
T00750,2936.4,7,421.32,2,3,0,0,0
T00751,372.94,9,779.92,2,2,0,0,0
T00752,8431.85,11,1248.8,1,6,1,0,1
T00753,2964.23,9,821.02,6,1,0,0,0
T00754,1223.48,12,646.31,2,8,0,0,0
T00755,449.93,17,4091.48,2,10,0,0,0
T00756,4740.0,9,2541.88,3,10,1,0,0
T00757,2903.33,18,2083.74,5,3,0,0,0
T00758,2287.24,19,640.31,1,6,0,1,1
T00759,6729.91,16,6254.93,6,2,1,0,0
T00760,4661.97,19,530.46,5,5,0,0,0
T00761,493.47,15,3961.26,6,2,0,0,0
T00762,1120.69,4,8503.44,5,7,0,0,0
T00763,857.01,2,3246.56,3,5,0,0,1
T00764,4087.1,14,12354.68,3,8,1,0,0
T00765,102.32,1,2632.07,2,6,0,0,1
T00766,2531.14,12,613.03,3,8,0,1,1
T00767,4312.24,21,569.82,6,9,1,0,0
T00768,6281.0,7,980.99,5,7,0,0,1
T00769,1256.02,22,17.89,2,1,0,0,1
T00770,5165.42,16,2861.89,1,9,0,0,0
T00771,351.73,3,782.22,7,9,0,0,0
T00772,5621.23,18,4220.98,4,10,0,0,0
T00773,409.14,21,1112.49,2,2,1,0,0
T00774,1518.94,8,1634.61,3,2,1,0,0
T00775,4788.02,22,8430.72,5,7,1,0,1
T00776,487.27,14,693.25,2,5,0,0,0
T00777,781.18,8,3193.64,2,5,0,0,0
T00778,3843.13,23,3517.44,3,1,1,0,1
T00779,3819.29,20,624.35,5,6,0,0,0
T00780,3074.53,8,1737.86,3,8,0,0,0
T00781,3552.01,13,1077.73,3,4,1,0,1
T00782,2347.41,22,3695.0,2,3,0,0,0
T00783,870.25,20,2435.35,4,10,0,0,0
T00784,1272.55,15,1615.58,7,10,0,1,1
T00785,601.2,23,3778.09,1,1,0,0,0
T00786,7172.63,22,670.21,3,4,1,0,0
T00787,2626.83,16,3502.22,3,2,0,0,0
T00788,1536.74,12,5013.14,3,5,0,0,0
T00789,1859.72,8,5272.11,2,10,0,0,0
T00790,8828.47,14,3827.42,1,1,0,0,0
T00791,499.41,6,1310.68,4,9,1,0,1
T00792,2647.33,0,10016.94,4,9,0,0,1
T00793,2114.98,0,1193.45,6,5,0,0,0
T00794,2836.03,4,2544.6,3,1,0,0,0
T00795,54.83,23,439.08,3,3,0,0,0
T00796,6170.08,8,9836.81,3,7,0,0,0
T00797,8069.97,11,3043.37,3,5,0,0,0
T00798,2498.15,5,3499.74,6,9,0,0,0
T00799,3578.61,12,170.1,5,4,1,1,0
T00800,7672.41,7,3603.65,5,5,0,0,0
T00801,3685.19,14,3726.07,3,3,0,0,0
T00802,496.53,5,2785.12,4,8,0,0,0
T00803,2576.11,5,862.96,2,3,1,1,0
T00804,2799.66,3,1681.84,1,6,0,0,0
T00805,1655.62,10,292.55,1,7,0,0,0
T00806,4000.47,20,1594.69,3,2,0,0,0
T00807,8171.03,17,698.7,0,7,0,0,0
T00808,7793.63,2,1073.49,4,3,0,0,0
T00809,1798.09,2,443.63,2,3,0,0,0
T00810,360.54,11,653.59,6,5,1,0,0
T00811,12567.52,20,199.15,4,4,0,0,0
T00812,5477.15,20,6311.24,2,10,1,0,0
T00813,399.44,5,1889.74,5,7,0,0,0
T00814,7608.92,20,1263.53,1,3,0,0,0
T00815,6118.27,5,1914.45,7,9,0,0,0
T00816,2194.65,7,2474.12,2,1,0,0,0
T00817,2684.14,14,6373.73,1,2,0,0,0
T00818,1527.49,17,492.15,5,9,0,1,0
T00819,168.95,19,875.85,3,8,1,0,0
T00820,1224.79,15,9302.41,1,7,0,0,0
T00821,4871.42,5,1159.83,6,9,1,0,0
T00822,13.93,20,57.05,5,5,0,0,0
T00823,1217.14,16,399.38,4,3,0,0,0
T00824,1523.33,8,66.73,4,2,0,0,0
T00825,2312.65,18,11493.78,3,6,0,0,0
T00826,7571.78,17,817.34,4,2,0,0,0
T00827,1275.53,22,6427.56,2,8,0,0,0
T00828,1278.32,4,13733.57,3,5,0,0,0
T00829,4012.53,5,2289.73,0,2,0,0,0
T00830,1805.63,11,84.4,3,6,0,0,1
T00831,763.15,10,212.78,3,6,1,0,0
T00832,1806.85,15,1642.47,2,8,1,0,0
T00833,455.46,19,1302.91,3,6,0,0,0
T00834,582.16,16,2329.64,3,3,0,0,0
T00835,2069.66,19,1444.41,1,8,0,0,0
T00836,1628.63,8,6798.16,1,2,0,0,0
T00837,7389.88,0,1912.9,1,9,0,0,1
T00838,1350.1,2,2958.19,2,6,0,1,0
T00839,2606.71,20,5670.1,2,1,0,0,0
T00840,3001.17,22,397.11,1,4,0,0,0
T00841,39.54,8,652.55,3,1,1,0,0
T00842,3267.8,21,283.81,3,3,1,1,0
T00843,588.18,18,376.01,0,10,1,0,0
T00844,9737.99,12,1796.59,2,6,0,0,0
T00845,482.84,22,968.5,2,3,0,0,0
T00846,1606.5,13,1375.53,6,5,0,0,0
T00847,267.64,19,10112.43,4,8,0,0,0
T00848,17304.24,18,426.09,2,8,1,0,0
T00849,2092.64,22,1945.74,5,9,0,0,0
T00850,2714.46,6,260.27,2,4,1,0,1
T00851,208.3,3,958.63,5,5,0,0,0
T00852,4158.41,11,1874.43,3,4,0,0,0
T00853,706.81,22,7326.35,2,7,0,0,0
T00854,6849.94,13,1240.78,2,9,0,0,0
T00855,688.77,1,167.77,4,6,0,0,1
T00856,634.71,0,1228.22,3,2,0,0,0
T00857,111.7,17,393.8,4,7,0,1,0
T00858,1916.36,19,653.38,7,3,0,0,0
T00859,2496.13,7,2406.43,4,8,0,0,0
T00860,203.9,2,174.51,5,3,0,0,1
T00861,4482.01,5,1562.43,1,9,0,0,0
T00862,1811.5,21,2350.57,2,1,1,0,0
T00863,2229.47,12,1369.84,4,6,0,0,0
T00864,1743.54,8,48.28,0,10,0,0,1
T00865,1536.29,8,10587.36,3,7,0,0,0
T00866,2460.49,19,1143.67,1,3,1,0,0
T00867,506.11,8,3769.2,2,6,0,0,0
T00868,602.42,14,985.0,2,10,0,0,0
T00869,5936.85,12,1610.97,3,3,0,0,1
T00870,8762.74,21,1229.45,3,9,1,1,0
T00871,1401.91,15,1048.43,3,6,0,0,0
T00872,947.19,1,55.23,3,8,0,0,0
T00873,3098.47,13,1115.8,2,4,0,0,0
T00874,1576.47,5,5506.62,3,8,0,0,0
T00875,77.14,1,2931.13,1,5,1,0,1
T00876,509.35,7,392.87,3,8,1,0,0
T00877,3776.05,3,2236.05,3,2,0,0,0
T00878,3226.95,20,5569.41,5,3,0,0,0
T00879,82.41,23,3010.22,6,10,0,0,0
T00880,752.98,13,402.43,1,4,1,0,0
T00881,788.28,10,5059.21,2,1,0,0,1
T00882,3343.24,23,897.21,5,5,1,0,0
T00883,59.72,13,1513.19,3,3,0,1,0
T00884,329.81,11,1867.12,3,7,0,0,0
T00885,4827.06,15,4751.26,3,2,0,0,0
T00886,590.03,5,6706.23,0,1,1,0,0
T00887,3173.1,19,6635.78,0,2,1,0,0
T00888,816.15,0,19.96,1,3,0,1,1
T00889,314.22,11,6374.04,3,10,0,0,0
T00890,835.86,6,139.8,4,5,1,0,0
T00891,3843.28,7,772.34,3,6,1,0,0
T00892,5807.51,8,1808.95,2,8,0,0,0
T00893,5319.75,1,1634.46,3,4,0,0,1
T00894,1518.43,16,2320.34,1,4,0,0,0
T00895,3308.63,19,1632.16,1,2,0,0,0
T00896,688.18,12,6809.52,1,3,0,0,0
T00897,1040.8,4,687.9,3,3,0,1,0
T00898,6799.8,9,800.6,3,2,0,0,1
T00899,39.26,11,6337.49,3,1,0,0,0
T00900,268.16,16,199.61,5,2,1,1,1
T00901,699.15,20,2351.21,5,5,1,0,0
T00902,80.67,5,2862.18,5,8,0,0,0
T00903,600.61,2,1760.73,3,5,0,1,0
T00904,2624.31,14,2962.32,1,3,0,0,0
T00905,1641.56,6,474.13,2,7,0,0,0
T00906,6695.59,5,4787.06,2,4,0,0,0
T00907,5102.09,3,377.13,0,7,1,0,1
T00908,1254.82,18,1280.45,2,8,0,1,0
T00909,900.98,4,195.6,2,3,0,1,1
T00910,1432.62,2,1969.8,1,10,0,0,1
T00911,2676.95,8,2769.73,2,1,0,0,0
T00912,936.19,5,7084.95,2,8,0,0,0
T00913,2935.69,12,3361.31,4,6,1,0,0
T00914,1579.91,21,1947.32,1,3,0,0,0
T00915,2409.2,19,6743.41,7,9,1,0,0
T00916,1718.78,3,1627.31,5,1,0,0,0
T00917,1046.4,1,2059.31,2,8,1,0,0
T00918,8895.8,3,2266.46,1,9,1,0,1
T00919,4326.76,7,1319.0,2,10,0,0,0
T00920,452.86,12,4557.86,4,1,0,1,0
T00921,6085.51,9,511.96,1,9,0,0,0
T00922,2004.96,17,2023.32,3,5,0,0,0
T00923,6748.62,8,3202.43,8,5,0,0,1
T00924,4826.14,0,5857.9,2,5,1,0,1
T00925,1661.27,12,5383.65,3,1,0,0,0
T00926,68.18,17,1776.96,2,5,0,0,0
T00927,938.7,14,2576.18,2,10,1,0,1
T00928,2340.26,1,1253.17,4,10,0,1,0
T00929,3011.09,10,1578.61,9,6,0,0,0
T00930,894.76,13,5918.23,3,5,0,0,0
T00931,450.22,21,6673.42,5,6,0,0,0
T00932,5404.16,14,5644.37,3,9,0,0,0
T00933,12481.87,13,372.33,1,7,0,0,0
T00934,2237.68,15,4744.2,2,5,1,0,0
T00935,565.06,22,7408.83,2,10,1,0,1
T00936,953.63,14,1120.6,5,9,0,0,0
T00937,55.69,18,1827.88,5,5,1,0,1
T00938,7370.67,8,3775.06,2,5,0,0,0
T00939,375.84,4,2064.29,2,6,0,1,1
T00940,2577.72,4,12583.55,6,8,1,0,1
T00941,960.84,10,1520.7,2,1,0,0,0
T00942,2423.51,19,3128.91,6,9,0,1,0
T00943,3161.67,23,3932.66,3,8,0,0,0
T00944,5311.32,3,1703.54,2,7,0,0,0
T00945,693.61,19,4861.99,3,5,0,0,0
T00946,33.17,17,1975.0,2,1,0,0,1
T00947,441.62,2,1326.09,5,7,0,0,1
T00948,6908.31,3,285.23,1,9,0,0,1
T00949,6211.8,13,1249.77,4,3,0,0,0
T00950,2729.53,6,3310.05,4,8,0,0,0
T00951,2752.75,7,6354.85,5,3,0,0,0
T00952,3281.2,23,724.81,4,3,0,0,0
T00953,578.47,15,1097.18,3,7,1,1,1
T00954,7374.63,19,417.97,3,6,0,1,0
T00955,1627.83,14,2933.79,2,5,0,0,0
T00956,1449.33,6,8058.99,1,7,1,0,1
T00957,2195.15,16,2560.75,2,9,0,0,0
T00958,144.31,21,2399.8,5,1,0,0,1
T00959,545.59,21,2015.73,4,10,0,1,0
T00960,4018.62,21,231.54,2,1,1,0,0
T00961,259.28,11,3268.74,3,5,0,0,0
T00962,2772.61,17,2303.57,2,8,0,0,1
T00963,844.5,23,2707.91,6,7,0,0,0
T00964,1479.43,13,5726.92,4,7,0,0,0
T00965,1021.96,14,3830.74,6,3,0,0,0
T00966,1318.65,14,3795.74,3,9,0,0,0
T00967,3808.69,4,6549.54,0,5,0,0,1
T00968,1057.71,15,11496.72,2,10,0,1,0
T00969,2506.93,4,2176.4,5,3,0,0,1
T00970,1939.08,1,288.19,4,6,0,0,0
T00971,3269.0,19,1536.44,2,8,0,0,0
T00972,8285.76,8,3873.22,1,8,0,1,0
T00973,3956.72,21,70.29,4,4,0,0,1
T00974,725.99,8,146.42,6,4,0,0,0
T00975,95.04,3,173.8,8,9,0,0,0
T00976,912.51,14,3282.94,2,10,0,1,0
T00977,2712.18,10,1738.71,1,2,0,1,0
T00978,158.39,0,1150.72,3,9,0,0,0
T00979,2057.72,17,279.05,2,8,0,0,0
T00980,2725.29,0,3294.16,4,3,0,0,1
T00981,1220.5,7,967.91,2,2,0,1,0
T00982,4420.95,15,770.81,6,2,0,0,0
T00983,338.16,21,2641.18,2,1,0,0,1
T00984,234.33,17,2046.84,0,10,0,0,0
T00985,3907.94,21,1125.15,4,9,0,0,0
T00986,2052.51,8,2564.48,3,1,0,1,0
T00987,3498.13,11,790.96,3,2,1,0,1
T00988,1711.87,18,3959.79,1,7,0,1,0
T00989,848.69,17,651.2,5,5,1,0,0
T00990,5129.47,4,432.43,4,1,0,0,1
T00991,4819.56,1,3813.19,2,4,0,1,0
T00992,3559.35,6,3076.58,4,6,0,0,0
T00993,952.96,9,504.19,4,8,0,0,0
T00994,2676.48,14,308.94,2,2,0,0,1
T00995,1343.43,6,4556.56,4,10,0,1,0
T00996,288.15,4,3746.96,3,3,1,1,1
T00997,7478.1,14,990.98,3,7,0,0,0
T00998,441.39,19,2683.8,1,1,0,0,0
T00999,9001.47,19,331.43,4,7,0,0,1
T01000,1771.8,14,1768.36,3,1,1,0,0
T01001,614.19,9,47.27,2,8,0,0,0
T01002,2342.01,23,1242.31,3,6,1,0,0
T01003,6189.43,13,194.48,3,10,1,0,1
T01004,3952.82,9,1611.59,2,7,0,0,0
T01005,4928.38,16,1369.08,4,2,0,0,0
T01006,3225.71,20,1469.2,0,6,0,1,0
T01007,3535.66,13,115.98,1,5,0,0,0
T01008,5675.32,1,1122.04,4,3,0,0,0
T01009,861.72,15,3531.43,2,9,0,0,0
T01010,2016.65,12,1150.78,5,5,0,0,0
T01011,750.04,8,3139.67,3,8,0,0,0
T01012,13186.68,6,1153.02,6,4,0,1,1
T01013,8650.39,15,1375.82,3,6,0,0,0
T01014,120.68,9,2074.66,3,4,0,0,0
T01015,3668.19,23,7523.66,3,4,0,0,0
T01016,7780.75,21,288.14,2,9,0,0,0
T01017,597.46,8,83.67,3,5,1,0,0
T01018,2517.61,21,2340.96,1,1,0,0,0
T01019,7412.6,22,7444.59,5,7,0,0,0
T01020,103.61,6,11444.65,2,3,0,0,0
T01021,3586.23,15,1654.92,0,3,0,0,0
T01022,1058.68,8,1578.16,9,6,0,0,0
T01023,7746.75,23,2588.84,3,3,0,0,0
T01024,10627.41,16,2027.77,5,1,0,0,1
T01025,8661.52,19,2513.41,1,6,0,0,0
T01026,1928.58,6,5178.67,4,7,0,0,0
T01027,5942.43,10,3429.07,4,5,1,0,0
T01028,5584.28,7,1717.3,3,1,0,0,1
T01029,1153.02,6,1549.11,4,2,0,0,0
T01030,5296.79,18,2551.36,2,2,0,0,0
T01031,113.13,19,1520.67,3,10,0,1,0
T01032,2721.03,11,1530.21,5,8,0,0,0
T01033,784.13,6,41.1,2,8,0,0,0
T01034,385.43,7,478.1,3,8,0,0,0
T01035,240.23,6,1676.09,2,2,0,0,0
T01036,3575.03,5,4324.12,4,5,0,0,0
T01037,1245.98,8,816.84,1,5,0,1,0
T01038,3870.41,12,1848.73,1,4,0,0,0
T01039,202.77,6,1057.66,3,8,0,1,0
T01040,1136.28,7,276.78,2,8,0,0,0
T01041,2326.27,21,7943.04,3,9,0,0,0
T01042,4692.29,16,4821.94,5,4,0,0,0
T01043,1151.49,16,204.36,2,1,1,0,1
T01044,2949.63,15,3180.52,1,9,0,0,0
T01045,6514.08,21,1067.67,4,1,0,0,0
T01046,2870.27,1,13171.8,3,4,0,0,0
T01047,795.65,7,900.27,6,10,0,0,0
T01048,74.11,16,681.95,3,1,0,0,1
T01049,6122.95,12,2097.69,4,3,1,0,1
T01050,64.5,17,4506.44,1,3,0,0,0
T01051,6231.17,23,534.59,6,7,0,0,0
T01052,2258.29,21,3089.54,4,3,0,0,0
T01053,8393.98,9,158.43,4,6,1,0,0
T01054,4810.12,1,6281.25,4,10,0,0,0
T01055,18546.58,1,211.38,4,4,0,0,1
T01056,1295.64,13,6140.26,1,6,1,0,0
T01057,4372.58,15,1687.32,2,9,0,0,0
T01058,1542.15,6,1485.93,5,7,0,0,0
T01059,1961.06,20,9058.39,2,1,0,1,0
T01060,2962.6,20,11610.86,5,8,0,0,0
T01061,6206.74,23,2625.83,2,4,0,0,0
T01062,12421.19,11,339.89,0,8,1,0,1
T01063,4386.59,22,1763.91,3,3,0,0,0
T01064,1622.65,13,1883.11,4,10,0,0,0
T01065,1641.21,3,1806.16,1,5,0,0,0
T01066,4013.45,3,2106.97,1,3,0,0,0
T01067,818.49,17,47.26,4,3,0,0,0
T01068,351.2,2,3105.29,3,3,1,0,0
T01069,1313.76,0,3115.41,3,4,0,0,0
T01070,1015.83,16,306.75,3,3,0,0,0
T01071,1054.24,6,2111.32,2,2,0,0,0
T01072,798.18,15,2100.42,2,6,1,0,0
T01073,129.01,4,2867.8,3,1,0,0,1
T01074,54.11,18,223.16,2,5,0,0,0
T01075,13199.93,6,2462.12,4,6,1,0,1
T01076,1674.66,13,823.87,2,1,0,0,0
T01077,1455.12,1,1768.13,3,1,1,1,1
T01078,3415.0,2,3710.58,1,7,0,0,0
T01079,738.68,16,3057.43,4,6,0,0,0
T01080,8984.87,15,316.47,2,9,1,0,1
T01081,4630.18,7,2236.23,4,4,0,0,0
T01082,280.99,17,8693.84,3,3,0,0,0
T01083,1621.69,14,426.29,4,6,0,0,0
T01084,6338.83,6,4791.73,5,8,0,0,0
T01085,8686.68,8,3031.26,5,5,1,1,0
T01086,1889.96,5,3718.09,3,3,0,0,0
T01087,2851.18,17,828.07,2,3,1,0,1
T01088,548.29,17,848.8,2,1,0,0,0
T01089,14188.33,23,5911.67,1,6,1,0,1
T01090,790.61,13,1115.06,3,10,0,0,0
T01091,8580.03,13,162.72,3,7,1,0,1
T01092,3146.44,13,2294.46,1,9,0,0,0
T01093,2807.47,3,333.31,0,6,0,0,1
T01094,2156.56,3,3981.41,2,8,0,0,1
T01095,786.71,14,2566.29,1,6,0,1,0
T01096,582.68,14,5193.14,5,2,0,1,0
T01097,747.25,17,3840.9,4,3,0,0,0
T01098,619.0,13,297.28,3,1,0,0,0
T01099,4536.72,0,1199.41,6,5,0,0,0
T01100,1292.93,9,3724.26,5,6,0,0,0
T01101,178.75,19,1350.38,3,6,0,0,0
T01102,10431.25,9,8971.72,6,2,0,0,1
T01103,6456.96,9,3327.06,4,1,1,0,1
T01104,7882.96,23,39.05,1,7,0,0,0
T01105,15840.15,1,5300.36,5,4,0,0,1
T01106,573.1,7,265.64,8,9,0,1,1
T01107,1513.75,0,378.58,2,8,0,0,0
T01108,4259.41,0,3315.28,2,6,0,1,0
T01109,3572.39,3,5005.62,4,10,0,0,1
T01110,501.34,6,1921.56,4,3,0,0,0
T01111,5075.74,8,852.88,1,8,0,0,0
T01112,762.51,15,1082.02,0,10,1,1,0
T01113,760.1,4,1049.76,3,1,0,0,0
T01114,2309.92,1,988.83,2,9,0,1,0
T01115,2696.38,22,695.68,6,10,0,0,0
T01116,2603.12,10,2346.77,2,9,0,1,0
T01117,287.84,17,5766.62,2,10,0,0,0
T01118,6297.97,18,917.11,3,8,0,0,0
T01119,926.1,12,516.62,4,10,1,0,1
T01120,416.11,23,4559.33,4,4,0,0,0
T01121,6587.87,10,3384.89,1,9,0,1,0
T01122,9347.03,19,6678.22,2,9,0,0,0
T01123,5944.28,18,452.37,8,10,0,0,1
T01124,4974.56,16,389.45,3,5,0,1,1
T01125,3194.74,4,1949.1,3,6,0,0,0
T01126,2401.24,12,2382.6,3,7,1,0,0
T01127,273.01,19,1635.65,2,9,0,0,0
T01128,1575.04,0,2284.28,2,7,0,0,0
T01129,1398.94,9,497.29,2,1,0,0,0
T01130,902.32,7,1632.96,1,9,0,0,0
T01131,3855.77,23,2683.04,5,6,0,0,0
T01132,2054.8,7,1417.2,6,2,1,0,0
T01133,253.56,18,2844.27,3,10,0,0,0
T01134,746.09,5,1500.01,6,9,0,0,0
T01135,3449.01,11,1014.66,2,1,0,0,0
T01136,237.55,6,904.6,3,5,0,1,0
T01137,5715.6,15,1322.91,2,9,0,0,0
T01138,2050.46,8,58.4,3,1,0,0,0
T01139,1965.17,20,2760.51,5,2,1,0,0
T01140,2692.46,21,4662.53,3,7,0,0,0
T01141,5223.44,9,1094.82,3,10,1,0,0
T01142,1282.25,9,117.82,3,2,0,0,0
T01143,3399.76,9,10814.23,5,9,0,0,0
T01144,2502.28,19,765.29,4,9,0,0,0
T01145,931.94,15,338.46,3,10,0,0,0
T01146,6326.73,0,1154.11,1,8,1,0,1
T01147,4789.95,16,3353.85,4,2,0,1,0
T01148,3222.8,20,870.05,1,10,0,0,0
T01149,5703.02,13,2137.42,7,3,0,0,0
T01150,6058.86,18,1342.75,5,3,0,0,0
T01151,3696.74,20,313.24,4,8,0,0,0
T01152,5442.26,20,1002.27,7,8,0,0,0
T01153,3586.74,16,3226.28,4,6,0,0,0
T01154,3419.62,13,2366.9,7,7,0,0,0
T01155,2891.81,7,318.95,4,1,1,0,0
T01156,4191.66,20,445.79,3,8,0,0,0
T01157,518.08,20,2559.23,1,7,0,0,0
T01158,6382.64,8,4197.18,3,5,1,1,1
T01159,6163.51,7,1074.94,1,5,0,0,0
T01160,89.05,12,2261.59,4,2,1,0,0
T01161,5242.94,16,467.76,3,1,0,1,1
T01162,413.89,18,932.65,3,9,0,0,0
T01163,1224.44,6,51.2,3,10,0,0,0
T01164,4081.98,16,3655.52,2,3,0,0,0
T01165,525.78,0,1281.28,4,5,0,0,0
T01166,5110.7,4,4233.76,6,8,1,0,1
T01167,5353.77,5,3080.7,1,7,0,0,0
T01168,2124.59,1,4411.49,6,7,0,0,1
T01169,19.22,15,840.99,7,10,1,0,1
T01170,1014.98,21,511.75,2,10,1,0,0
T01171,2878.59,4,8930.47,3,10,0,0,0
T01172,11919.49,4,3158.67,1,4,0,1,0
T01173,2997.5,11,4490.06,2,10,0,0,0
T01174,902.52,2,33.05,2,4,0,0,0
T01175,3015.41,15,1094.18,3,10,0,0,0
T01176,2329.49,5,3394.92,3,6,1,0,0
T01177,4540.28,14,202.98,4,10,0,0,0
T01178,339.44,14,2094.51,0,4,0,0,0
T01179,4294.23,15,1401.23,2,7,0,0,0
T01180,2337.86,19,44.43,3,2,0,1,1
T01181,9889.86,12,672.89,4,7,0,0,1
T01182,1255.07,11,837.95,1,3,0,0,0
T01183,3004.09,9,296.56,1,8,1,0,0
T01184,8065.98,13,2496.04,3,5,0,0,0
T01185,324.46,1,693.99,3,9,1,0,0
T01186,8304.76,2,813.01,3,4,0,0,1
T01187,3493.16,8,5712.81,4,5,0,0,0
T01188,210.74,10,1573.66,2,1,1,0,0
T01189,1074.16,10,1244.48,4,3,1,0,0
T01190,3694.77,21,3217.22,5,4,0,0,0
T01191,209.18,9,6009.16,5,9,1,1,1
T01192,2618.05,13,63.39,5,8,0,0,0
T01193,1273.41,8,1486.6,1,2,0,0,0
T01194,2909.99,19,2359.04,1,6,0,0,0
T01195,140.46,20,958.88,1,4,1,0,1
T01196,6156.34,9,3700.5,5,5,0,0,0
T01197,10890.58,21,8892.62,5,10,0,0,1
T01198,10409.51,8,7180.57,5,9,0,0,1
T01199,4154.71,4,773.06,1,4,0,0,0
T01200,418.08,7,641.55,2,5,0,0,0
T01201,4259.72,10,7895.07,3,7,0,1,1
T01202,74.68,0,1534.12,3,7,0,0,0
T01203,67.12,20,583.92,3,6,0,0,0
T01204,1172.96,9,3068.93,3,3,0,0,0
T01205,2012.06,0,836.66,1,1,0,0,1
T01206,4414.35,21,777.37,2,9,0,0,0
T01207,3449.36,6,5285.06,1,6,0,1,0
T01208,1771.24,13,443.27,3,3,1,0,1
T01209,959.07,4,166.4,6,1,0,0,1
T01210,17554.59,16,783.99,4,6,0,0,0
T01211,1666.33,21,2334.52,5,3,0,0,0
T01212,1801.09,20,328.37,3,1,0,0,0
T01213,536.03,5,1594.73,1,5,1,0,0
T01214,4751.45,15,2467.7,2,1,0,0,0
T01215,3549.4,10,4721.84,5,3,1,0,0
T01216,748.35,9,652.99,7,3,0,0,0
T01217,257.92,14,4250.41,5,6,0,0,0
T01218,3422.99,6,669.39,3,4,0,0,1
T01219,3188.39,22,2823.45,4,8,0,0,0
T01220,957.56,1,1408.25,2,3,0,0,1
T01221,9039.46,11,304.52,3,8,0,0,0
T01222,491.29,18,3131.71,4,7,0,1,0
T01223,1698.67,11,613.99,1,2,0,1,0
T01224,8626.71,15,485.85,4,8,1,0,1
T01225,1632.77,5,1109.18,4,1,0,0,0
T01226,3052.7,2,2648.17,1,9,0,0,0
T01227,1520.47,1,666.42,0,7,0,0,0
T01228,961.51,19,507.32,2,6,1,0,1
T01229,12401.31,4,25.01,3,8,1,0,1
T01230,1579.51,10,1594.96,4,9,0,0,0
T01231,6735.76,2,1399.36,3,8,0,0,0
T01232,783.92,2,666.0,3,6,0,0,0
T01233,718.98,21,137.86,2,4,0,0,0
T01234,94.89,4,1402.04,3,9,0,0,0
T01235,3163.79,21,3880.34,4,8,0,0,0
T01236,1379.1,22,3140.64,6,8,0,0,0
T01237,5993.21,10,4929.52,3,3,0,0,0
T01238,1922.86,2,24.07,5,10,0,0,1
T01239,10344.25,12,8484.51,3,9,0,0,0
T01240,615.64,20,1044.14,3,7,0,0,0
T01241,6089.06,7,11614.41,2,1,0,1,0
T01242,4496.33,19,727.95,3,2,0,0,1
T01243,4421.08,9,1594.45,2,2,0,0,0
T01244,5588.8,1,1092.11,2,1,0,0,1
T01245,4294.18,3,1099.21,5,1,0,0,1
T01246,2952.27,17,4617.37,4,4,1,1,0
T01247,422.08,18,3430.18,0,7,0,0,0
T01248,99.2,3,12118.56,2,6,0,0,0
T01249,7609.15,19,2376.65,4,7,0,1,1
T01250,2876.42,8,1555.59,5,8,1,0,0
T01251,4776.82,15,235.98,2,8,1,0,0
T01252,1970.58,5,14181.74,2,3,0,0,0
T01253,374.34,3,2004.79,4,7,0,1,0
T01254,401.23,8,3013.91,3,6,0,0,0
T01255,3470.94,12,1305.32,4,8,0,1,0
T01256,1687.97,8,1983.61,2,3,0,0,0
T01257,671.4,5,7143.31,4,9,0,1,0
T01258,2029.43,20,455.06,2,5,1,0,1
T01259,199.09,18,864.59,0,2,0,0,0
T01260,2616.62,13,412.36,3,4,0,0,0
T01261,940.0,20,3928.14,3,7,0,0,0
T01262,4791.92,14,160.13,5,1,0,0,1
T01263,1114.77,2,212.89,6,1,1,1,1
T01264,1822.12,4,886.31,2,9,0,1,1
T01265,35.07,20,1804.83,10,3,0,0,0
T01266,225.62,17,1303.35,3,1,0,1,0
T01267,1495.18,13,114.63,1,7,1,0,1
T01268,1961.43,15,7895.13,5,7,1,0,1
T01269,2749.03,13,7637.09,3,2,1,0,0
T01270,1034.5,8,819.03,2,8,1,0,0
T01271,3562.15,14,3287.5,2,3,0,1,1
T01272,5900.96,6,2160.29,6,3,0,0,0
T01273,4540.35,13,677.81,1,5,0,0,0
T01274,121.28,5,760.11,2,2,1,0,0
T01275,1964.71,20,1689.02,5,4,0,0,0
T01276,332.56,14,1358.53,2,2,0,0,0
T01277,831.39,19,860.56,4,9,0,0,0
T01278,12951.55,7,4119.3,3,6,0,0,0
T01279,461.19,1,1641.86,3,1,0,0,0
T01280,2072.78,7,2659.43,3,9,0,0,0
T01281,2888.23,0,524.56,1,8,0,0,1
T01282,3636.67,16,1906.28,1,2,1,0,0
T01283,2460.55,18,956.73,4,3,1,0,0
T01284,29.46,4,1868.55,4,7,0,0,1
T01285,1185.63,21,3794.72,2,4,0,0,0
T01286,2187.64,19,3662.4,4,8,0,0,0
T01287,275.91,15,1093.24,2,1,0,0,1
T01288,1295.24,6,2962.69,2,10,0,0,0
T01289,101.3,6,7087.86,3,4,0,0,0
T01290,245.51,17,2456.54,3,1,0,0,0
T01291,1517.13,17,401.63,2,7,0,0,0
T01292,427.17,1,2846.31,2,9,0,0,0
T01293,2514.8,14,277.06,2,1,0,0,0
T01294,3508.38,13,5141.47,1,8,1,0,0
T01295,4837.13,17,1817.59,2,10,0,0,0
T01296,669.99,8,1215.9,3,6,0,0,0
T01297,549.9,13,146.74,1,6,0,0,1
T01298,331.35,4,1198.25,3,8,0,0,0
T01299,3035.35,10,5837.94,1,1,1,0,0
T01300,3677.38,7,53.02,1,9,0,0,0
T01301,96.29,4,1609.22,3,6,0,0,0
T01302,8256.58,10,6689.86,4,3,0,0,0
T01303,160.11,4,1255.66,7,1,0,0,0
T01304,2338.05,16,1397.31,2,4,0,0,1
T01305,3703.92,21,2160.19,3,5,0,0,0
T01306,6143.11,3,1554.1,2,4,0,0,1
T01307,3756.2,14,461.62,4,7,0,0,0
T01308,4854.35,18,46.82,1,6,0,0,1
T01309,1244.05,21,2352.81,3,10,0,0,0
T01310,5059.36,1,6339.66,6,5,0,0,1
T01311,250.52,23,281.14,1,3,0,0,0
T01312,6756.15,16,592.32,4,9,0,0,1
T01313,2379.52,11,1156.0,3,3,0,0,0
T01314,5099.69,23,4135.33,3,3,0,0,0
T01315,1806.18,16,784.24,2,3,0,0,0
T01316,3094.92,9,5343.83,3,8,0,1,0
T01317,2242.19,17,141.31,4,2,0,0,0
T01318,3945.71,18,7073.71,1,4,0,0,0
T01319,255.46,17,2056.7,3,8,0,0,0
T01320,186.75,12,2688.05,4,1,0,0,0
T01321,851.48,13,1145.94,4,3,0,0,0
T01322,521.43,23,3808.09,3,4,0,0,0
T01323,6162.11,15,455.5,2,6,1,0,0
T01324,742.36,17,125.37,4,2,0,0,0
T01325,11172.31,17,1258.45,6,7,0,0,1
T01326,1232.47,15,4805.17,3,3,0,0,0
T01327,603.11,16,3515.5,7,8,0,0,0
T01328,4677.64,6,1820.15,3,2,0,0,0
T01329,3225.05,11,2122.38,2,9,1,0,1
T01330,2068.64,1,347.85,2,4,1,0,1
T01331,2431.49,9,4592.12,5,8,0,0,0
T01332,3810.36,4,3865.68,4,4,0,0,1
T01333,778.08,20,2671.2,1,6,0,0,0
T01334,16825.89,2,1569.29,3,8,0,0,1
T01335,11041.92,18,8342.69,1,5,0,0,0
T01336,3152.26,12,5280.57,5,6,0,0,0
T01337,667.72,11,2585.09,4,2,0,0,0
T01338,3420.44,2,1162.25,0,4,0,0,0
T01339,224.81,5,2405.98,2,5,0,0,0
T01340,93.4,13,2141.76,2,1,0,1,1
T01341,893.94,3,1253.19,3,7,0,0,0
T01342,1863.17,12,915.64,6,6,0,1,0
T01343,6081.06,18,1306.45,3,4,0,0,0
T01344,3896.71,17,2132.77,3,4,1,0,1
T01345,4072.61,2,1397.13,3,3,0,0,0
T01346,1662.73,19,764.87,3,1,0,0,0
T01347,1273.65,5,3577.85,2,6,0,0,0
T01348,1391.06,15,1895.37,1,5,0,0,0
T01349,13182.19,19,175.18,1,6,0,0,1
T01350,122.81,23,1148.42,2,10,0,0,0
T01351,6052.93,2,5405.18,1,1,1,1,0
T01352,2593.06,11,3518.66,4,2,0,0,0
T01353,1732.05,18,976.12,5,7,0,0,0
T01354,3875.76,18,6958.95,5,9,0,0,0
T01355,2000.5,23,199.24,2,6,0,1,0
T01356,6200.72,3,8125.57,4,6,0,0,0
T01357,6928.89,0,704.93,2,5,1,0,1
T01358,1643.1,1,22.84,4,5,0,0,1
T01359,972.32,12,1422.06,4,6,0,0,0
T01360,2692.04,12,1111.7,7,2,0,0,0
T01361,7303.67,1,1936.38,2,10,0,0,1
T01362,709.68,18,3983.58,2,6,1,0,0
T01363,2926.26,21,4619.73,9,4,0,1,0
T01364,2995.43,23,1282.19,4,3,0,0,0
T01365,3962.79,15,1404.62,5,7,0,1,0
T01366,423.2,11,400.94,1,5,0,0,0
T01367,3774.49,0,121.79,0,10,0,0,0
T01368,7191.76,8,2562.58,4,3,0,0,0
T01369,594.19,16,166.52,3,8,0,0,0
T01370,813.63,9,3309.05,1,5,0,0,0
T01371,10662.53,17,1936.38,6,3,0,0,1
T01372,598.93,18,553.43,1,9,0,0,0
T01373,5780.37,6,1938.73,0,2,0,0,0
T01374,2033.46,18,505.28,1,3,1,0,1
T01375,851.99,23,1443.92,1,3,1,0,0
T01376,6138.02,14,4018.1,6,1,0,0,0
T01377,1768.01,8,1549.37,3,7,0,0,0
T01378,2169.69,9,402.47,2,6,1,0,0
T01379,1335.27,22,3216.83,7,6,0,0,0
T01380,2696.46,19,516.85,4,6,0,0,1
T01381,535.67,19,3353.78,2,7,0,0,0
T01382,1488.21,3,1631.7,2,6,0,0,0
T01383,10461.47,5,1511.66,3,9,0,0,1
T01384,895.76,3,4766.83,1,5,0,0,0
T01385,3207.77,4,3082.68,1,1,1,0,0
T01386,1179.97,8,83.66,2,1,0,1,0
T01387,4454.68,11,878.06,3,1,0,0,0
T01388,420.8,22,5118.32,3,2,0,0,0
T01389,10501.83,7,46.24,6,4,0,0,1
T01390,1814.25,20,1970.04,8,6,0,0,1
T01391,807.76,4,3253.28,2,7,0,1,0
T01392,229.01,10,2431.2,2,5,0,0,0
T01393,558.11,22,3573.34,2,7,0,0,0
T01394,2200.5,10,3233.76,1,2,0,0,0
T01395,1232.96,12,2944.39,3,6,1,0,0
T01396,5296.23,13,4308.48,1,3,0,0,0
T01397,1691.03,7,2593.96,4,9,1,0,1
T01398,857.91,17,1287.16,4,10,0,0,0
T01399,2880.3,18,1596.22,4,10,0,0,0
T01400,3680.47,11,3153.34,2,4,0,0,0
T01401,548.32,11,5224.86,1,5,0,1,0
T01402,550.4,17,794.39,2,5,0,0,0
T01403,112.08,9,1046.67,2,2,0,0,0
T01404,3999.99,6,6674.7,5,4,0,0,0
T01405,3270.19,17,2159.91,3,7,0,0,0
T01406,1930.96,11,492.96,2,2,0,0,0
T01407,5576.98,13,2724.34,6,5,0,0,0
T01408,4914.59,14,11711.12,4,5,0,0,0
T01409,2640.99,15,4335.43,4,5,0,0,0
T01410,6081.03,1,3423.51,2,7,0,0,1
T01411,691.42,17,583.13,1,10,0,1,0
T01412,356.08,11,5221.5,2,7,0,0,1
T01413,943.1,15,1865.26,5,8,1,1,1
T01414,176.34,12,5502.1,3,1,0,1,0
T01415,2272.54,19,1000.55,4,3,0,0,0
T01416,8275.14,16,160.15,1,1,0,0,0
T01417,120.42,17,1615.54,4,7,0,0,0
T01418,390.7,2,786.22,5,5,0,0,1
T01419,1805.53,22,3140.18,3,2,0,0,0
T01420,8148.63,9,7872.59,1,10,0,0,0
T01421,1140.08,0,2935.83,3,2,0,0,0
T01422,2123.17,5,5449.46,2,7,1,0,0
T01423,127.39,2,1508.38,5,5,0,0,0
T01424,481.71,18,3692.09,3,4,1,0,0
T01425,12944.25,3,4629.47,2,8,0,0,1
T01426,10067.41,19,3102.25,3,3,1,0,1
T01427,14.86,22,1772.06,1,3,1,0,0
T01428,9097.92,2,2457.85,1,8,1,0,0
T01429,3057.63,7,3014.16,4,2,0,0,0
T01430,6073.0,7,729.51,5,3,0,0,0
T01431,1819.48,6,4146.3,1,4,1,0,0
T01432,2174.51,1,7505.61,3,10,0,1,0
T01433,2013.26,20,1564.84,3,3,0,0,0
T01434,3297.62,5,3018.84,2,8,0,0,0
T01435,451.25,15,3339.25,2,6,1,0,0
T01436,91.3,9,2713.61,4,3,0,0,0
T01437,1104.2,3,1980.29,4,7,0,0,0
T01438,3659.1,12,5335.23,1,4,0,1,0
T01439,676.39,9,1489.72,2,3,0,0,0
T01440,3357.36,20,157.62,3,2,0,0,0
T01441,10510.89,13,4653.68,0,8,0,1,0
T01442,295.82,8,2802.0,1,8,0,0,0
T01443,3349.74,10,4730.47,7,2,1,0,1
T01444,1759.61,22,372.84,3,9,0,0,0
T01445,6078.09,17,78.09,2,7,0,0,0
T01446,584.94,10,6809.48,7,6,0,1,0
T01447,3539.07,16,399.62,4,3,0,0,0
T01448,5462.61,1,4147.26,1,3,0,0,0
T01449,8680.3,2,4331.98,3,4,0,0,1
T01450,3448.91,10,3083.55,2,9,0,0,1
T01451,2062.54,17,351.78,3,8,0,0,1
T01452,2885.8,2,2752.03,11,2,1,0,1
T01453,6095.5,14,5497.51,4,5,0,0,0
T01454,2536.17,10,1385.78,1,10,0,0,0
T01455,92.57,10,1334.03,2,6,0,0,0
T01456,8018.72,19,1462.34,3,5,0,0,0
T01457,3508.97,10,214.64,2,1,0,0,1
T01458,3385.79,18,5564.65,2,9,0,0,0
T01459,728.8,0,5084.89,2,10,0,0,0
T01460,3226.61,4,15425.67,2,6,0,0,0
T01461,1501.95,9,2199.8,2,5,0,0,0
T01462,3160.05,9,3477.68,7,6,0,0,0
T01463,338.14,13,566.22,3,3,0,1,0
T01464,3217.48,1,2753.01,0,9,0,0,0
T01465,22325.17,3,2622.65,5,4,1,0,1
T01466,148.24,1,5786.87,2,6,0,0,0
T01467,11339.59,17,4441.58,4,6,0,0,0
T01468,1567.22,12,6970.43,2,2,0,0,0
T01469,6138.1,18,5078.22,3,9,0,1,0
T01470,4575.09,4,5075.56,3,2,0,0,1
T01471,2511.17,19,164.61,8,10,0,0,1
T01472,4023.38,1,4676.39,5,5,0,0,0
T01473,6323.91,10,2337.91,7,2,1,0,0
T01474,1553.25,17,1196.88,3,9,0,1,0
T01475,1188.18,5,145.44,2,2,0,0,0
T01476,3304.19,22,2830.48,4,8,0,0,0
T01477,4948.37,9,994.49,4,1,1,0,0
T01478,4310.05,21,1576.73,3,3,0,0,0
T01479,4795.7,22,2862.13,3,7,0,0,0
T01480,1715.89,16,6069.65,0,6,0,0,0
T01481,5108.51,21,4363.67,3,2,0,0,0
T01482,384.21,10,1497.31,1,9,1,0,0
T01483,2359.01,18,1226.67,1,2,0,0,0
T01484,17.33,16,685.37,3,6,0,0,0
T01485,1177.29,23,1164.74,2,1,1,0,0
T01486,1369.3,3,294.28,3,3,0,0,0
T01487,1513.4,23,8860.26,3,5,0,1,0
T01488,3566.93,13,2132.81,1,7,1,0,0
T01489,1475.81,19,341.86,3,3,0,0,0
T01490,1786.39,3,1087.77,3,9,0,0,1
T01491,813.63,13,1979.87,4,4,0,0,0
T01492,1401.63,3,1902.95,1,9,0,0,1
T01493,773.48,5,90.37,1,3,0,0,0
T01494,228.04,8,7531.74,2,3,0,0,0
T01495,2774.85,20,805.25,2,4,1,1,0
T01496,3309.78,11,40.79,2,2,1,0,0
T01497,2898.73,7,198.81,3,5,0,0,1
T01498,1868.03,23,2169.91,0,9,0,0,0
T01499,1433.07,3,370.63,6,8,1,0,1
T01500,5970.64,4,106.55,2,8,0,1,1
T01501,2196.17,5,1193.58,5,8,0,0,0
T01502,1957.06,4,2437.19,0,8,0,0,0
T01503,77.93,18,296.51,2,6,0,0,0
T01504,1252.22,7,939.75,5,7,0,0,0
T01505,1435.05,8,1352.18,4,10,1,0,0
T01506,1526.6,14,434.28,2,5,0,0,0
T01507,2603.73,3,1763.42,2,6,0,0,0
T01508,2288.15,8,222.66,3,3,0,0,0
T01509,2808.75,6,119.09,1,5,0,1,1
T01510,4343.02,7,1834.07,3,10,0,0,0
T01511,5029.71,14,712.2,6,3,1,0,1
T01512,3798.85,18,250.58,2,5,0,0,0
T01513,9338.4,14,1378.74,3,10,0,0,0
T01514,55.2,4,6166.9,1,1,0,0,0
T01515,653.64,18,3220.13,0,1,1,0,0
T01516,22.77,6,4226.84,2,10,0,0,0
T01517,3127.9,5,5137.63,3,6,0,0,0
T01518,6849.25,18,8995.56,6,8,0,0,0
T01519,837.09,16,3601.84,1,4,0,0,0
T01520,7853.31,9,2343.84,2,7,0,1,1
T01521,186.48,18,1137.0,4,5,1,0,0
T01522,8174.19,10,501.14,3,2,1,0,1
T01523,1299.85,14,2901.17,6,5,0,0,0
T01524,320.82,9,13220.91,2,2,0,0,0
T01525,1995.85,10,1574.77,4,9,1,0,0
T01526,890.28,22,3215.48,6,1,0,0,0
T01527,1005.88,2,1708.45,2,3,0,0,1
T01528,1101.43,2,1413.79,3,1,0,0,1
T01529,4874.05,17,1320.38,1,5,0,1,1
T01530,2324.12,10,1756.1,6,4,0,0,0
T01531,1118.88,19,1142.8,4,6,0,0,0
T01532,2827.39,21,3453.5,2,5,0,0,0
T01533,3777.94,17,5184.09,4,7,0,0,0
T01534,954.94,14,5361.5,4,7,1,0,0
T01535,1601.0,6,645.95,2,10,0,0,0
T01536,389.94,9,5656.23,5,5,1,0,0
T01537,599.56,20,1044.67,2,10,0,0,0
T01538,3428.8,22,925.15,2,1,1,0,0
T01539,600.62,19,3243.48,3,9,0,0,0
T01540,2234.35,9,908.52,4,2,0,0,0
T01541,3703.77,12,136.05,2,7,0,1,0
T01542,339.09,14,1169.49,3,3,0,1,0
T01543,2513.22,22,3195.53,5,10,0,0,0
T01544,889.41,17,989.87,4,6,1,1,0
T01545,9884.59,22,2482.65,2,5,0,0,0
T01546,1982.31,3,2697.9,4,6,0,0,0
T01547,4919.58,19,3308.17,2,10,0,0,0
T01548,2397.03,16,5685.73,3,5,0,1,0
T01549,133.15,2,1416.57,2,9,0,0,0
T01550,3008.42,20,455.1,2,8,1,0,1
T01551,9072.6,20,960.21,4,1,0,1,0
T01552,2760.99,1,1414.82,0,9,0,1,1
T01553,5130.91,3,3128.46,1,2,0,0,0
T01554,6467.84,0,33.02,6,5,1,0,1
T01555,776.62,14,948.71,3,6,0,0,0
T01556,714.94,0,3783.53,4,10,0,0,0
T01557,2832.38,5,2778.16,6,1,1,0,1
T01558,1588.13,6,3289.5,4,7,0,0,0
T01559,5495.14,18,4175.77,3,8,0,0,0
T01560,6908.45,11,3822.36,2,1,1,0,1
T01561,1308.18,0,2865.7,6,10,0,1,0
T01562,810.98,6,1448.04,8,4,0,0,0
T01563,4549.56,18,10275.93,5,2,0,0,0
T01564,963.95,12,2104.54,2,5,0,0,0
T01565,5188.29,11,566.53,1,2,0,0,0
T01566,1653.58,11,866.15,6,9,1,0,0
T01567,3303.8,21,2956.85,3,9,1,0,0
T01568,301.24,12,6467.0,1,10,0,1,0
T01569,2933.38,13,492.23,2,5,0,0,0
T01570,1803.17,21,214.84,1,5,0,0,0
T01571,2650.08,11,5332.76,5,4,0,0,0
T01572,551.82,19,6170.95,3,1,0,0,0
T01573,4005.36,11,808.72,2,10,0,0,0
T01574,5958.88,5,1184.17,4,3,0,1,0
T01575,732.87,9,2698.41,5,4,0,0,0
T01576,301.83,19,1000.93,3,7,1,0,1
T01577,71.77,23,5242.16,2,7,0,1,0
T01578,3081.43,8,284.54,6,7,0,1,1
T01579,2802.55,1,96.81,0,7,1,0,1
T01580,2373.59,6,584.52,2,4,0,0,1
T01581,791.69,8,842.49,6,9,1,0,0
T01582,1487.35,11,299.57,3,4,0,0,1
T01583,2707.73,4,169.87,4,6,0,0,0
T01584,2060.11,0,3522.45,1,1,0,0,1
T01585,13215.4,21,448.64,4,1,1,0,1
T01586,440.07,14,6131.26,2,6,0,0,0
T01587,3563.75,7,1147.16,1,1,1,0,0
T01588,1554.15,0,2776.25,2,1,0,0,1
T01589,1676.9,17,638.53,3,6,0,0,0
T01590,3793.27,12,687.15,3,8,0,1,0
T01591,3537.22,0,2137.46,3,9,0,0,0
T01592,14218.16,4,2056.11,4,6,0,0,1
T01593,412.25,17,3660.42,3,1,0,0,0
T01594,329.81,15,3545.12,4,7,0,0,0
T01595,3865.75,9,2776.87,3,2,0,1,0
T01596,2591.0,3,1490.64,1,7,0,0,0
T01597,961.28,0,5532.78,1,10,0,0,0
T01598,248.25,22,2435.98,1,10,0,0,0
T01599,268.65,7,11563.05,4,4,0,0,0
T01600,6738.36,4,4278.26,3,1,0,0,0
T01601,639.09,1,113.3,7,9,0,0,0
T01602,1171.9,23,966.34,7,1,1,0,0
T01603,771.1,16,2120.85,4,7,0,0,0
T01604,1315.5,6,3195.57,4,6,0,0,0
T01605,215.85,16,1998.14,3,7,0,0,0
T01606,2196.04,5,3855.97,10,10,1,0,0
T01607,210.02,21,830.5,3,1,0,0,0
T01608,4833.67,14,508.08,4,1,0,0,1
T01609,798.59,4,138.56,2,6,0,0,1
T01610,2329.66,14,2129.27,5,8,0,0,0
T01611,6362.77,17,2916.69,2,3,1,0,0
T01612,3157.0,17,986.87,3,10,0,1,1
T01613,2284.01,20,2377.1,2,2,0,0,0
T01614,1176.17,20,133.92,3,4,0,0,0
T01615,1214.9,22,261.44,4,8,1,0,0
T01616,3321.33,5,3024.6,2,9,0,1,0
T01617,15418.49,1,1147.44,5,6,0,0,0
T01618,3252.7,16,2781.78,3,7,0,0,0
T01619,2447.87,20,4455.33,3,1,1,0,0
T01620,3935.24,3,4786.89,4,5,0,1,1
T01621,1877.62,11,472.36,4,6,0,0,0
T01622,186.08,18,1665.22,4,10,0,1,0
T01623,2478.64,1,3309.96,0,6,0,0,0
T01624,9483.61,1,3717.84,2,6,0,0,1
T01625,578.22,13,3839.03,6,7,0,0,0
T01626,3513.6,14,647.47,2,4,0,1,0
T01627,672.93,19,534.64,4,5,0,0,0
T01628,2302.5,1,2229.07,3,6,0,0,0
T01629,305.02,3,3378.15,4,9,0,0,0
T01630,1795.53,18,960.99,3,4,1,0,1
T01631,4233.77,8,276.51,2,4,0,0,1
T01632,1281.16,6,3153.53,2,7,1,0,0
T01633,3280.08,12,890.61,1,1,0,1,1
T01634,4760.83,11,454.89,3,7,0,0,0
T01635,7859.2,2,399.61,1,8,0,0,1
T01636,802.24,12,945.51,6,2,0,0,0
T01637,1529.06,14,2245.38,1,4,0,0,0
T01638,496.1,13,1109.48,0,4,0,0,0
T01639,14671.96,23,52.2,4,10,0,0,0
T01640,7851.93,8,254.83,1,10,0,0,0
T01641,2329.31,12,858.0,4,6,0,0,0
T01642,5536.11,22,2694.85,1,7,0,0,0
T01643,2207.9,21,259.28,3,7,0,0,1
T01644,2931.19,3,2056.19,3,4,0,0,0
T01645,280.05,20,319.26,2,3,0,1,0
T01646,4222.8,7,594.42,4,4,0,0,1
T01647,409.91,2,472.42,5,9,1,0,1
T01648,5247.27,1,173.99,1,10,0,0,1
T01649,4570.17,18,2781.75,3,7,0,1,0
T01650,3700.67,22,1556.27,6,3,0,0,0
T01651,110.49,7,4445.43,1,3,1,0,0
T01652,1083.46,16,260.32,3,5,0,0,0
T01653,915.96,12,390.85,1,8,0,1,1
T01654,1339.5,6,914.86,3,5,1,0,0
T01655,275.17,8,3629.65,4,6,0,0,0
T01656,8291.85,11,912.34,4,9,0,1,0
T01657,2420.98,13,1312.39,3,9,0,0,0
T01658,1093.79,13,897.42,3,6,0,0,0
T01659,1517.42,14,209.06,3,5,0,0,0
T01660,1778.29,2,7010.04,1,8,0,0,1
T01661,2753.33,14,1988.17,2,1,0,0,1
T01662,2175.02,18,3875.96,4,3,1,0,0
T01663,7554.47,23,2684.97,2,6,0,1,1
T01664,2061.28,19,1805.17,5,8,1,0,0
T01665,14544.79,13,234.89,0,6,0,1,1
T01666,5720.0,7,2573.18,3,10,0,0,0
T01667,701.52,4,422.14,2,6,1,0,0
T01668,8003.4,18,1337.72,5,4,0,0,1
T01669,371.14,3,2479.65,6,7,1,0,1
T01670,5102.19,13,3810.78,3,7,0,1,0
T01671,1437.12,15,2888.32,1,1,0,0,0
T01672,6310.57,19,2783.3,4,3,0,0,0
T01673,6076.15,23,403.48,1,9,0,1,0
T01674,4918.54,5,1062.11,4,6,0,0,0
T01675,4682.38,22,109.65,1,4,0,0,0
T01676,1090.15,5,3177.75,4,8,0,0,0
T01677,253.14,2,7622.09,1,7,0,0,0
T01678,1547.41,14,766.69,5,10,0,0,0
T01679,571.76,2,229.46,2,6,1,1,1
T01680,3561.85,10,1613.61,5,4,0,0,0
T01681,1274.4,2,4857.01,2,4,0,0,0
T01682,11140.77,9,2007.26,3,8,1,0,1
T01683,3073.07,17,119.77,2,3,0,0,0
T01684,5186.03,0,9150.46,1,9,0,0,0
T01685,426.5,15,4410.12,7,8,0,0,0
T01686,5941.82,15,352.74,4,4,0,1,1
T01687,7682.4,9,6371.14,3,3,0,0,0
T01688,2002.8,0,1497.72,6,4,0,0,0
T01689,2796.14,3,1162.63,1,2,1,0,1
T01690,4342.08,2,1545.35,3,6,0,0,0
T01691,576.53,4,4498.05,5,3,0,0,1
T01692,2094.88,11,2693.2,3,3,0,0,0
T01693,1525.8,11,152.69,3,1,1,0,1
T01694,474.79,12,7901.78,1,8,0,0,0
T01695,1374.39,23,399.79,4,8,0,0,0
T01696,211.82,11,3421.8,4,9,0,1,1
T01697,78.45,15,2527.44,5,5,1,0,0
T01698,435.65,12,519.18,2,4,0,0,0
T01699,9899.86,4,468.03,2,9,0,0,0
T01700,2392.39,23,5106.86,2,3,0,0,0
T01701,10128.53,3,1360.5,3,4,0,0,1
T01702,1699.53,20,2657.46,3,8,0,0,0
T01703,1121.1,14,1753.31,2,2,0,0,0
T01704,2116.52,11,3248.95,2,3,0,0,0
T01705,1736.84,18,1631.18,2,3,0,0,0
T01706,335.02,20,847.02,5,8,0,0,0
T01707,3071.85,18,1128.97,2,2,0,1,0
T01708,730.18,20,4898.87,3,8,0,0,0
T01709,2899.5,10,1577.94,4,7,1,1,1
T01710,3151.19,20,600.25,2,1,0,0,1
T01711,494.71,5,6818.29,1,8,0,0,0
T01712,189.94,8,3981.46,5,1,0,0,0
T01713,4552.79,0,143.19,4,9,0,0,1
T01714,1847.45,11,17130.71,4,1,0,0,1
T01715,179.77,13,2968.01,3,5,0,0,0
T01716,15815.8,5,436.68,3,8,0,0,1
T01717,178.55,0,676.79,6,4,0,0,0
T01718,3562.68,21,2947.76,1,6,0,0,0
T01719,12345.89,1,3782.61,5,1,0,1,1
T01720,820.08,23,682.92,5,3,0,0,0
T01721,460.33,10,742.54,5,5,1,1,1
T01722,388.23,2,917.25,6,2,0,0,0
T01723,1084.09,9,2278.37,2,1,0,0,0
T01724,319.57,5,471.3,3,9,0,0,0
T01725,3534.54,5,275.22,6,8,1,0,0
T01726,192.95,19,2839.73,1,3,0,0,0
T01727,2136.51,20,3775.09,2,6,0,1,0
T01728,17138.64,1,1737.52,4,8,0,0,1
T01729,5045.55,23,1130.73,1,6,1,1,0
T01730,2865.25,9,1414.27,2,8,0,0,0
T01731,1096.95,22,1229.22,3,3,0,0,0
T01732,2933.67,5,8046.25,0,4,0,1,0
T01733,2246.24,22,3653.51,3,8,0,0,0
T01734,1665.81,16,583.26,2,10,0,0,0
T01735,420.24,13,1212.04,0,10,1,0,0
T01736,6530.61,4,1963.22,2,8,0,0,1
T01737,1792.34,22,2373.24,3,6,0,0,0
T01738,649.33,16,1578.64,0,10,0,0,0
T01739,1375.46,1,4153.49,2,6,1,1,0
T01740,1603.97,8,3648.3,3,9,0,1,1
T01741,5272.73,11,1758.79,1,8,0,0,1
T01742,3968.43,18,4817.73,6,3,1,1,1
T01743,4399.97,21,3476.66,3,7,0,1,0
T01744,33.28,6,3769.26,1,9,0,1,0
T01745,1614.35,8,7831.79,2,10,0,0,0
T01746,1969.54,20,774.71,4,3,1,1,1
T01747,58.14,15,778.74,1,9,1,0,0
T01748,902.56,19,5494.49,5,5,0,0,0
T01749,4284.97,10,3698.51,5,10,0,0,0
T01750,442.4,11,6527.72,1,9,0,0,0
T01751,2299.16,14,163.03,2,1,0,0,1
T01752,726.99,17,2470.52,2,4,0,0,0
T01753,36.58,18,390.55,4,9,0,0,0
T01754,828.06,15,1752.43,2,9,0,0,0
T01755,11173.37,14,423.26,2,6,0,0,0
T01756,4851.46,4,342.64,3,10,1,0,1
T01757,9625.04,10,30.61,6,6,0,0,0
T01758,2007.44,14,2487.24,2,3,1,1,1
T01759,348.71,17,1111.9,3,10,0,0,0
T01760,2381.95,12,277.85,3,5,0,0,0
T01761,1817.48,3,974.61,3,8,1,0,1
T01762,5580.57,16,462.65,3,2,0,0,0
T01763,309.7,3,7105.16,4,2,0,0,0
T01764,2009.71,15,964.17,1,4,1,0,1
T01765,487.73,22,1015.99,2,9,0,0,0
T01766,1177.69,14,4579.24,0,5,0,0,0
T01767,4010.88,13,2608.58,2,3,0,0,0
T01768,1938.89,11,3096.17,6,8,0,0,0
T01769,1414.28,2,2526.52,4,7,0,0,1
T01770,1504.98,9,7306.03,3,9,0,0,0
T01771,1845.49,7,579.83,4,10,0,0,0
T01772,4611.58,5,11283.58,2,6,0,0,0
T01773,6679.23,21,4443.99,0,2,1,0,0
T01774,9325.67,13,2222.74,3,1,0,1,1
T01775,4638.03,16,2714.52,0,5,1,1,1
T01776,1136.79,20,2616.18,2,7,0,0,0
T01777,3495.55,18,150.43,3,7,0,0,1
T01778,1726.64,15,614.8,3,2,1,0,0
T01779,881.79,14,8140.85,3,6,1,0,0
T01780,5514.13,14,1910.88,6,1,0,0,0
T01781,117.55,0,1188.46,2,1,1,0,0
T01782,6961.09,23,3589.12,5,2,1,1,0
T01783,1856.78,22,1858.57,6,5,1,0,0
T01784,3041.72,22,33.13,4,10,0,0,0
T01785,3230.73,11,3331.77,3,10,0,0,0
T01786,6764.75,9,3293.95,3,2,0,0,0
T01787,3037.33,13,451.25,2,10,1,1,1
T01788,2855.24,9,7846.7,4,3,0,1,0
T01789,206.93,9,633.71,6,9,0,0,0
T01790,2191.97,19,1530.07,3,5,0,1,0
T01791,488.15,10,304.67,3,3,1,0,0
T01792,4011.76,21,2311.33,2,5,0,0,0
T01793,2153.68,15,1176.81,6,3,0,0,0
T01794,3420.44,8,1089.19,2,5,0,0,0
T01795,127.7,14,4385.83,3,10,1,0,0
T01796,265.81,13,24.02,3,6,0,0,0
T01797,3779.76,18,3998.06,1,9,0,0,0
T01798,224.44,8,2118.36,1,2,0,1,1
T01799,221.77,3,10689.4,2,3,0,0,1
T01800,36.55,20,2225.6,1,6,0,0,0
T01801,9405.08,6,142.43,5,2,0,0,0
T01802,4012.61,21,129.93,0,8,0,0,0
T01803,1307.39,7,5367.22,3,10,0,1,0
T01804,1055.21,23,4600.5,5,7,0,0,0
T01805,1290.98,7,1061.2,2,1,0,0,0
T01806,4470.35,18,2406.05,3,5,0,1,0
T01807,3248.55,14,1681.36,4,5,0,0,0
T01808,614.42,15,8540.58,3,1,0,0,0
T01809,573.88,21,7487.38,2,6,0,0,0
T01810,310.74,22,10312.89,4,2,0,0,0
T01811,3239.1,8,5033.18,1,3,1,0,1
T01812,4336.51,11,6007.44,1,5,0,0,0
T01813,923.84,15,612.45,4,6,0,0,0
T01814,63.5,3,4444.74,2,2,0,0,1
T01815,257.23,4,3084.85,4,4,1,1,0
T01816,10312.97,7,8227.71,2,3,0,1,0
T01817,1050.57,0,2117.27,1,1,1,0,1
T01818,4398.91,5,222.53,3,4,1,0,0
T01819,2939.8,14,2274.52,2,6,0,0,0
T01820,1443.51,3,2900.54,2,10,0,0,0
T01821,690.83,20,622.18,4,7,0,0,0
T01822,388.23,10,1252.66,6,6,0,0,0
T01823,2863.64,4,2281.39,4,1,0,0,0
T01824,4470.09,17,1171.43,3,5,0,0,0
T01825,3097.67,23,1174.8,3,5,1,0,0
T01826,2267.0,14,357.04,3,6,0,0,0
T01827,128.57,17,7064.84,1,5,1,0,0
T01828,10372.23,19,3470.68,0,9,0,0,0
T01829,4809.09,12,3.11,2,6,0,0,1
T01830,1039.42,4,3626.96,1,9,1,1,0
T01831,11731.62,0,3365.71,3,4,0,0,1
T01832,2763.02,21,24.45,1,3,0,0,0
T01833,2619.86,17,1153.52,6,6,0,0,0
T01834,4135.85,13,2333.26,2,1,0,0,0
T01835,5010.27,4,1507.13,3,10,0,0,1
T01836,3205.52,5,3762.54,3,5,0,1,0
T01837,411.23,23,1385.46,0,2,0,1,0
T01838,1238.68,15,417.68,3,6,0,0,0
T01839,7896.75,21,9367.93,3,3,0,0,0
T01840,763.19,20,692.81,2,9,0,0,0
T01841,1396.44,11,3161.89,3,2,0,0,0
T01842,1697.31,19,386.25,1,1,0,0,1
T01843,1736.27,17,997.51,3,7,0,0,0
T01844,2847.52,1,1458.61,3,5,0,0,0
T01845,8598.11,22,533.7,7,1,0,0,1
T01846,826.05,20,1494.41,0,5,0,0,0
T01847,388.62,22,427.45,6,4,0,0,0
T01848,659.96,12,2046.81,4,1,0,0,0
T01849,6539.11,16,2724.48,4,8,0,0,0
T01850,3113.77,16,161.17,3,4,0,0,0
T01851,1010.23,15,5122.42,7,10,0,0,0
T01852,5077.59,20,511.85,3,7,0,0,0
T01853,5927.84,17,638.4,2,6,1,0,1
T01854,5622.44,7,2706.97,6,9,1,0,0
T01855,7537.2,2,1581.31,2,1,0,0,1
T01856,872.02,16,1729.85,2,10,0,0,0
T01857,4220.0,17,342.86,5,9,0,0,0
T01858,1851.56,22,4096.34,2,8,1,0,0
T01859,5535.45,5,2399.65,1,5,0,0,0
T01860,3911.28,7,363.67,5,3,0,0,1
T01861,4494.33,22,1171.01,0,10,0,0,0
T01862,3202.75,12,4157.23,3,2,0,0,0
T01863,585.96,7,2100.38,1,9,0,0,0
T01864,2362.55,18,287.54,3,3,0,0,1
T01865,12533.78,5,1166.13,3,4,0,0,0
T01866,8312.4,22,694.97,3,6,0,1,1
T01867,132.4,14,1821.76,2,5,1,0,0
T01868,540.31,9,4634.53,5,6,0,0,0
T01869,423.75,16,1432.94,6,2,0,0,0
T01870,3883.66,0,1420.0,5,5,1,1,0
T01871,5107.71,6,5893.95,2,4,1,0,0
T01872,720.53,12,2146.15,2,1,1,0,0
T01873,2114.76,2,2087.88,7,4,0,0,0
T01874,5510.96,18,759.22,3,2,1,0,0
T01875,3959.29,14,2339.47,4,7,0,0,0
T01876,2344.21,4,2144.53,2,7,0,1,1
T01877,2677.34,10,1263.98,2,5,0,1,0
T01878,2130.03,21,11693.16,2,1,0,0,0
T01879,1059.54,17,5340.37,7,1,0,0,0
T01880,2497.38,2,3461.6,0,7,0,0,0
T01881,3502.78,5,1926.94,8,10,0,0,0
T01882,6198.34,2,1550.02,5,1,0,0,0
T01883,3034.21,4,511.1,4,2,0,0,0
T01884,4295.4,8,912.26,6,4,0,0,0
T01885,523.32,18,3717.62,2,5,0,0,0
T01886,1857.22,12,1511.69,5,1,0,0,0
T01887,28.13,5,5348.39,3,1,0,0,0
T01888,849.79,10,400.16,2,3,1,0,0
T01889,3888.94,20,1774.96,6,1,0,0,1
T01890,14414.51,20,2602.98,5,3,1,0,0
T01891,313.34,13,1818.56,5,5,0,0,0
T01892,1539.96,5,5500.68,3,3,0,0,0
T01893,4829.38,5,11406.06,3,10,0,0,0
T01894,684.6,16,307.78,3,8,1,0,0
T01895,2429.62,10,348.03,4,5,0,0,0
T01896,3962.32,14,349.09,3,5,0,0,0
T01897,2871.22,8,2857.8,2,6,0,0,0
T01898,624.86,20,1165.73,2,4,0,1,0
T01899,1317.3,16,3304.21,1,5,1,0,1
T01900,4594.54,23,1299.97,1,6,0,0,0
T01901,2423.83,6,2469.51,3,6,0,0,0
T01902,15.73,6,3672.65,5,5,0,0,0
T01903,4293.76,20,1986.38,2,10,1,1,0
T01904,107.85,0,1938.63,3,6,0,0,1
T01905,4108.12,7,230.93,5,9,0,0,0
T01906,678.75,4,1322.4,2,8,0,0,0
T01907,9515.51,18,1972.92,2,4,0,0,1
T01908,1376.32,7,1549.65,3,2,0,0,0
T01909,1187.73,16,5776.09,3,4,0,0,0
T01910,483.63,18,5925.3,1,6,0,0,0
T01911,1094.14,11,4313.77,5,10,0,1,0
T01912,6278.21,22,1176.2,5,7,1,0,0
T01913,16826.24,14,3158.42,1,4,0,0,0
T01914,1378.07,3,1257.51,4,3,0,0,0
T01915,1785.94,22,661.85,5,1,0,0,0
T01916,3841.17,11,1049.81,3,7,0,0,0
T01917,6519.83,12,184.02,1,1,0,1,1
T01918,2697.15,13,1007.84,5,8,0,0,0
T01919,1490.4,4,1543.9,5,5,0,0,0
T01920,1596.26,21,7779.59,4,8,0,0,0
T01921,3568.42,15,940.05,3,2,1,0,0
T01922,9.67,6,5818.57,3,3,1,0,1
T01923,2899.51,14,649.71,3,4,0,0,0
T01924,1317.81,12,529.79,2,2,0,0,0
T01925,4742.51,15,1829.7,2,4,0,0,0
T01926,292.81,11,2790.75,4,6,0,1,0
T01927,2661.67,6,113.36,1,7,0,1,0
T01928,1967.4,15,624.57,2,6,0,0,0
T01929,3084.4,22,1520.56,3,7,0,0,0
T01930,201.16,22,1004.94,0,2,0,0,0
T01931,2602.39,12,3117.38,2,1,0,0,0
T01932,2473.08,22,1789.3,2,9,0,0,0
T01933,2467.45,2,436.95,2,7,0,0,0
T01934,2775.14,14,5621.79,4,2,1,0,0
T01935,3385.37,2,866.48,3,7,0,0,1
T01936,4904.1,6,3283.83,1,4,0,0,0
T01937,943.4,17,3784.36,5,3,0,0,0
T01938,5229.76,13,8252.77,4,4,0,0,0
T01939,2068.99,17,1725.42,5,5,0,1,1
T01940,240.57,18,2391.71,3,9,0,0,0
T01941,181.01,13,1019.46,3,4,0,0,0
T01942,1220.47,19,2834.4,2,9,0,0,0
T01943,4609.91,5,1556.18,2,4,0,0,0
T01944,3689.73,7,1439.09,3,1,0,0,0
T01945,4662.22,6,4835.63,1,1,0,0,0
T01946,2184.89,19,128.68,2,4,1,0,1
T01947,1740.52,17,5341.88,7,4,0,0,0
T01948,478.58,17,4777.54,2,10,0,0,0
T01949,1193.35,14,1764.9,3,7,1,0,0
T01950,1707.59,19,1684.36,3,1,0,0,0
T01951,278.32,21,1122.79,4,5,0,0,0
T01952,747.74,18,12863.47,3,10,0,0,0
T01953,2735.59,21,294.62,3,8,0,1,0
T01954,3991.59,20,2230.31,5,8,0,0,0
T01955,19216.42,20,2861.76,1,7,0,0,1
T01956,8114.27,1,6807.78,2,4,0,0,0
T01957,3086.41,7,3787.63,2,7,0,0,0
T01958,1640.64,20,2580.99,4,1,1,1,1
T01959,3033.27,10,310.54,1,6,0,0,0
T01960,4620.46,17,1169.95,2,7,0,0,0
T01961,377.83,22,373.69,1,3,0,1,0
T01962,1582.41,12,5326.05,3,8,0,0,0
T01963,5494.04,8,3461.95,2,8,0,0,0
T01964,1452.71,8,3542.26,1,8,1,0,0
T01965,2545.0,16,2640.73,4,5,0,0,0
T01966,2658.52,6,1768.34,4,7,0,0,0
T01967,611.77,8,406.21,1,5,0,1,0
T01968,1349.36,21,1000.06,0,8,0,0,0
T01969,1221.7,0,368.11,1,9,0,0,0
T01970,79.64,1,3226.67,2,4,0,1,1
T01971,73.47,3,436.56,2,4,1,1,1
T01972,5345.97,13,3027.61,3,7,0,0,0
T01973,956.78,3,2946.21,3,7,0,0,1
T01974,2189.92,1,1537.25,4,8,0,0,0
T01975,1064.57,7,363.23,3,7,0,1,1
T01976,8474.39,17,945.11,2,7,0,1,0
T01977,900.47,18,964.5,2,6,0,0,0
T01978,1684.55,13,3013.14,3,6,0,0,0
T01979,6184.34,19,301.87,3,10,0,0,0
T01980,5534.22,9,4416.23,7,3,0,0,1
T01981,617.76,16,3578.31,2,4,0,0,0
T01982,4868.23,7,515.43,2,10,0,0,0
T01983,1838.5,13,3174.96,4,4,0,0,0
T01984,1978.96,20,2760.42,2,9,0,0,0
T01985,429.81,22,3447.01,5,6,0,0,0
T01986,252.11,7,523.5,3,10,0,0,0
T01987,3905.19,4,428.72,4,3,0,0,0
T01988,2058.28,15,674.55,2,4,0,0,0
T01989,1722.63,7,1138.76,4,6,0,0,0
T01990,3922.54,9,3945.64,2,6,0,0,0
T01991,4351.06,7,3347.8,3,5,1,0,0
T01992,519.16,8,6490.77,3,1,0,0,0
T01993,2826.56,17,151.05,3,10,1,0,1
T01994,436.31,2,29.06,7,6,0,0,0
T01995,4175.43,16,3002.77,2,4,0,0,0
T01996,3209.68,19,818.79,6,8,0,1,0
T01997,9412.9,14,1016.46,0,10,0,0,0
T01998,214.35,20,1978.57,3,1,0,0,0
T01999,176.24,16,270.11,4,5,0,0,0
T02000,994.64,7,2572.91,2,4,0,0,0
T02001,910.24,1,983.15,2,5,0,1,0
T02002,850.99,16,2504.04,3,9,0,0,0
T02003,7101.52,17,4489.52,4,7,0,0,0
T02004,861.23,4,469.17,4,3,0,1,1
T02005,952.16,8,6679.53,0,3,0,0,0
T02006,4273.84,8,1891.22,0,7,0,0,0
T02007,1792.09,1,6407.53,4,1,0,0,1
T02008,4497.86,1,582.13,5,8,0,0,0
T02009,202.8,18,2319.41,4,3,0,0,0
T02010,2005.78,22,1293.31,4,8,1,0,0
T02011,102.57,2,3720.51,6,8,1,0,1
T02012,194.11,16,2327.93,2,2,0,0,0
T02013,7107.38,13,1705.59,3,3,0,0,0
T02014,449.84,13,6104.2,2,10,0,0,0
T02015,2280.56,13,1183.49,1,1,0,0,0
T02016,1588.47,5,621.09,7,6,0,0,1
T02017,1280.11,2,2341.88,3,3,0,0,0
T02018,6902.76,0,2445.6,2,9,0,0,1
T02019,66.2,15,1445.51,5,1,0,1,0
T02020,3270.06,3,1666.8,4,8,0,0,1
T02021,9922.66,0,8019.43,5,7,1,0,0
T02022,2464.09,16,3298.33,2,7,1,0,1
T02023,8285.42,17,293.03,3,8,0,0,0
T02024,161.02,7,596.06,0,9,0,1,0
T02025,1627.95,1,9280.54,7,8,0,0,0
T02026,903.96,17,3240.82,7,6,0,1,0
T02027,3937.14,15,6164.09,2,1,0,0,0
T02028,11937.23,9,905.52,2,1,0,0,1
T02029,889.28,7,3385.7,3,7,0,0,0
T02030,3185.46,11,3129.43,4,3,0,0,0
T02031,662.31,21,872.79,2,3,0,0,0
T02032,2499.51,15,2000.81,5,9,0,0,0
T02033,1870.49,11,2468.23,1,10,0,0,0
T02034,10727.22,10,1640.26,0,4,1,0,1
T02035,2813.52,19,4388.74,4,3,1,0,0
T02036,1290.07,18,4472.44,1,2,0,0,0
T02037,363.44,0,4752.83,1,5,0,0,0
T02038,491.96,2,4066.76,2,9,0,0,0
T02039,765.9,11,1673.98,1,8,0,0,0
T02040,866.92,8,1200.9,1,8,0,0,0
T02041,5703.71,20,4450.21,1,1,0,0,0
T02042,2471.29,21,1684.35,3,9,0,0,0
T02043,2223.18,4,707.14,4,8,0,0,0
T02044,365.72,0,1769.86,3,3,0,0,0
T02045,5901.33,9,382.44,2,8,1,0,1
T02046,3849.2,16,2941.13,3,9,0,0,0
T02047,210.2,3,1023.39,2,2,1,1,0
T02048,3691.31,14,754.99,3,1,0,0,1
T02049,2352.75,18,7837.99,2,1,0,1,0
T02050,255.78,7,3750.12,4,1,0,0,0
T02051,1839.13,22,3866.97,2,5,1,0,1
T02052,1989.0,14,2443.57,4,2,1,0,1
T02053,543.75,6,4568.56,1,4,0,1,0
T02054,8739.59,14,3559.08,2,1,0,0,0
T02055,5690.87,7,2283.07,4,2,0,0,0
T02056,3317.11,22,8118.47,4,7,0,0,0
T02057,1861.34,9,531.73,2,9,0,0,0
T02058,1591.89,17,7178.47,7,6,0,1,0
T02059,3157.82,3,1283.06,2,10,0,0,0
T02060,2365.22,14,1879.05,1,10,0,1,0
T02061,192.89,10,327.38,0,5,1,0,0
T02062,2155.41,21,1941.91,3,10,0,0,0
T02063,4925.94,2,2361.77,2,7,0,0,0
T02064,1844.34,14,15188.79,2,9,0,0,0
T02065,160.06,2,9241.51,4,2,0,0,0
T02066,4629.24,14,8482.87,1,6,0,0,0
T02067,674.55,5,1070.77,2,3,0,0,0
T02068,897.73,0,11851.47,2,10,0,0,1
T02069,539.92,13,1519.62,3,10,1,0,0
T02070,1202.4,15,4773.59,1,4,0,1,0
T02071,4241.02,0,609.39,3,5,0,0,1
T02072,2198.07,20,1762.21,2,5,0,0,0
T02073,687.79,16,8454.38,6,10,0,0,0
T02074,6307.03,7,7345.14,4,8,0,0,0
T02075,6350.36,17,2877.94,4,5,0,0,0
T02076,6134.04,15,3996.42,2,2,0,0,0
T02077,818.56,5,485.26,1,2,0,0,0
T02078,1800.28,9,3197.27,9,1,0,0,0
T02079,12597.05,9,2406.17,6,2,0,0,0
T02080,4435.39,4,240.04,3,1,0,0,1
T02081,82.63,11,300.22,4,3,0,0,0
T02082,202.28,19,286.97,3,5,0,0,0
T02083,1870.48,16,3221.62,4,3,1,0,1
T02084,7197.96,13,382.05,5,7,0,0,0
T02085,2321.13,13,1576.52,2,10,0,0,0
T02086,2066.35,2,1103.96,2,2,0,0,0
T02087,334.38,11,1999.07,4,5,0,1,0
T02088,3208.15,19,3064.49,1,3,0,0,0
T02089,5179.65,17,2885.76,7,2,1,0,1
T02090,1436.14,11,1811.7,2,4,0,1,1
T02091,4483.13,1,1560.62,5,9,0,1,0
T02092,10012.7,1,1267.98,5,9,1,1,0
T02093,683.59,16,4949.62,5,6,0,0,0
T02094,2222.79,9,1004.37,1,7,0,0,0
T02095,1015.4,17,750.62,5,1,0,0,0
T02096,4723.0,21,3399.77,5,3,0,1,0
T02097,2585.36,18,1114.79,2,2,0,0,0
T02098,3020.14,20,4693.27,4,9,0,1,0
T02099,4797.19,0,993.33,5,10,1,0,1
T02100,1512.4,23,3026.19,6,8,0,0,0
T02101,7398.49,3,115.4,3,3,0,0,0
T02102,2284.46,3,1217.62,3,10,1,0,1
T02103,515.76,1,1051.05,4,8,1,0,0
T02104,3571.19,18,4241.29,1,10,0,0,0
T02105,4728.9,20,8532.32,2,8,0,0,0
T02106,1142.73,11,1544.55,10,8,0,0,0
T02107,5838.49,9,4355.09,5,4,0,0,0
T02108,7097.96,12,3007.39,3,7,0,0,0
T02109,972.64,21,8557.53,3,10,0,0,0
T02110,12317.09,22,4166.46,2,8,1,0,0
T02111,454.95,19,201.61,3,10,1,0,0
T02112,677.0,22,3123.14,2,5,0,0,0
T02113,610.85,14,1916.98,5,9,0,0,0
T02114,6732.66,2,41.43,2,9,0,0,0
T02115,3186.49,22,723.59,5,3,0,0,0
T02116,494.99,19,6369.78,3,3,0,1,0
T02117,1741.19,12,6511.3,2,8,0,0,0
T02118,2865.86,7,4009.27,4,7,1,0,1
T02119,261.46,6,10013.03,3,9,1,1,0
T02120,6421.82,23,4106.78,4,2,0,1,0
T02121,4882.86,7,25.64,3,2,0,0,0
T02122,2110.85,17,848.61,2,7,0,0,0
T02123,10245.28,8,77.76,5,8,0,0,1
T02124,1622.62,5,247.09,2,3,0,0,1
T02125,12426.26,3,617.44,1,1,1,0,1
T02126,3307.14,14,1750.72,4,10,1,1,1
T02127,3020.87,4,4702.0,2,7,0,0,0
T02128,544.4,4,4950.65,5,6,0,0,0
T02129,6409.38,6,2394.1,3,1,0,0,0
T02130,1673.17,8,6583.84,4,9,1,1,0
T02131,531.05,6,1733.18,2,6,0,0,0
T02132,38.06,8,5496.37,1,5,1,0,0
T02133,2461.28,19,1513.14,3,3,0,1,0
T02134,2248.52,9,811.64,3,9,0,1,0
T02135,3811.98,3,6204.67,5,7,0,0,0
T02136,6628.87,5,1227.29,5,4,1,0,1
T02137,248.21,23,1749.95,1,1,0,0,0
T02138,3944.67,13,996.95,2,4,1,0,1
T02139,622.59,8,2717.98,6,3,0,1,0
T02140,5859.53,0,13261.45,1,6,0,0,0
T02141,5128.83,16,64.61,3,1,0,1,0
T02142,2334.77,12,5752.67,3,4,0,0,0
T02143,3716.14,23,9.83,4,1,0,0,1
T02144,1132.16,6,1132.29,4,1,0,0,0
T02145,1911.25,8,461.63,5,6,0,1,1
T02146,5171.8,10,3540.25,2,6,0,0,0
T02147,1844.48,2,129.84,1,9,0,0,0
T02148,1328.56,11,2015.71,1,7,0,0,0
T02149,2044.92,20,873.63,3,6,0,0,0
T02150,5285.13,2,358.72,4,3,0,0,1
T02151,1224.84,14,3694.03,5,3,0,0,0
T02152,572.62,20,612.89,6,5,1,0,0
T02153,3734.53,9,632.96,5,6,0,0,1
T02154,5245.72,0,804.22,2,6,0,0,0
T02155,318.21,13,2209.36,4,8,0,0,0
T02156,822.81,19,2694.57,3,8,0,0,0
T02157,459.36,5,44.4,3,1,0,0,0
T02158,1282.86,1,692.25,4,3,0,0,0
T02159,1795.43,22,1409.56,1,5,0,1,1
T02160,4144.83,7,1008.58,1,9,0,0,0
T02161,3159.32,0,5389.09,6,4,0,1,0
T02162,2910.09,3,3874.49,1,5,0,0,0
T02163,1303.33,3,2458.01,2,1,0,0,0
T02164,5525.01,4,1031.38,2,7,0,0,1
T02165,1911.93,19,3015.54,2,2,0,0,0
T02166,11604.73,8,4638.95,4,1,1,0,1
T02167,3016.53,22,2258.62,6,2,0,0,0
T02168,404.93,12,3836.54,5,8,1,0,0
T02169,3382.68,17,3456.8,2,1,0,0,0
T02170,1179.59,16,2120.05,3,1,1,0,0
T02171,3478.21,0,935.58,4,1,0,0,0
T02172,216.55,21,3423.91,2,2,0,0,0
T02173,576.68,14,579.19,4,1,0,0,0
T02174,5808.36,1,3779.51,1,2,0,0,0
T02175,773.13,15,4081.08,0,7,0,0,0
T02176,5442.77,19,4316.96,3,1,0,0,0
T02177,982.5,21,1600.99,4,10,0,0,0
T02178,3089.07,4,534.47,1,2,0,0,1
T02179,3553.99,21,262.63,5,3,0,0,0
T02180,2156.35,18,3400.21,2,2,0,0,0
T02181,1092.87,4,5434.63,1,3,0,0,0
T02182,717.23,1,2630.55,2,7,0,0,1
T02183,101.26,6,389.18,4,2,0,0,0
T02184,1086.99,2,6829.44,2,3,0,0,1
T02185,3176.7,16,11297.94,0,6,0,0,0
T02186,8356.65,23,1420.16,1,4,0,0,0
T02187,6148.59,23,2258.59,2,1,0,0,1
T02188,4358.13,2,3754.02,5,8,0,0,0
T02189,4659.84,12,3333.21,3,7,1,0,0
T02190,3280.74,6,8588.48,4,8,0,0,0
T02191,904.48,23,305.09,2,9,0,0,0
T02192,7131.77,2,2173.07,3,9,0,0,1
T02193,3332.65,14,2943.58,1,3,0,0,0
T02194,2465.95,17,5520.43,0,9,0,1,0
T02195,352.94,9,5180.86,0,6,0,1,0
T02196,1777.49,22,9541.76,3,10,0,0,0
T02197,1850.55,6,1794.0,1,10,0,1,1
T02198,5997.76,8,4441.11,4,2,1,1,0
T02199,2373.26,4,1393.4,1,1,0,0,0
T02200,1436.05,19,1371.81,4,4,0,0,0
T02201,11290.85,7,730.39,2,9,0,0,1
T02202,352.03,13,4262.63,1,2,0,0,0
T02203,1647.39,3,10638.94,1,1,0,0,1
T02204,128.8,19,740.43,3,2,0,0,0
T02205,4040.11,13,144.42,1,7,0,0,0
T02206,7505.91,11,4225.84,4,5,1,0,0
T02207,985.67,1,2420.47,3,5,0,0,0
T02208,5863.01,12,8028.44,5,10,1,0,0
T02209,1036.86,0,726.68,1,4,0,1,1
T02210,7249.62,19,184.19,5,1,0,0,0
T02211,4206.81,6,1695.36,3,8,0,0,0
T02212,4902.83,8,223.35,5,1,0,0,0
T02213,54.51,16,758.82,2,10,0,1,1
T02214,9875.17,20,336.62,6,3,0,0,0
T02215,3891.24,22,634.43,2,2,0,0,0
T02216,1090.46,12,280.53,3,2,0,0,0
T02217,5305.21,22,7692.68,2,9,0,0,0
T02218,991.86,9,816.27,5,9,0,0,0
T02219,6184.9,15,1467.01,2,5,0,1,1
T02220,358.31,5,5722.0,3,2,1,0,0
T02221,3649.01,15,2827.75,4,10,1,0,0
T02222,2334.15,10,2406.08,5,7,0,0,0
T02223,304.55,19,3056.73,1,8,0,0,0
T02224,830.8,2,4412.63,4,9,1,0,1
T02225,37.44,8,5252.57,3,4,0,0,0
T02226,1897.67,14,2572.53,7,1,0,0,0
T02227,1075.45,12,5518.35,3,7,0,0,0
T02228,2736.58,9,1916.43,4,7,0,0,0
T02229,1058.21,19,811.87,3,1,0,0,0
T02230,1069.68,23,5302.26,6,4,0,0,0
T02231,4078.29,12,1949.34,3,4,0,0,0
T02232,148.02,16,5914.81,1,1,0,0,0
T02233,6995.89,6,102.49,2,7,0,0,0
T02234,5736.98,5,1266.73,3,3,0,0,0
T02235,3306.1,12,7381.92,1,1,0,0,0
T02236,2698.46,16,718.04,4,7,0,0,0
T02237,6685.29,14,7098.37,2,3,0,0,0
T02238,614.92,3,7692.49,2,3,0,0,0
T02239,246.79,14,5345.69,4,3,1,1,0
T02240,821.38,13,2073.38,2,4,0,0,0
T02241,4748.07,20,2602.79,2,5,0,0,0
T02242,105.86,10,5093.2,3,1,0,0,1
T02243,2622.62,23,3739.12,1,3,0,0,0
T02244,16169.66,3,2486.26,0,1,1,0,1
T02245,5807.5,2,10079.75,7,3,0,0,0
T02246,2210.96,1,2893.33,4,3,0,0,0
T02247,197.27,19,9270.87,5,4,1,1,1
T02248,5340.21,9,147.75,3,10,0,1,0
T02249,2741.22,12,374.04,3,1,1,0,0
T02250,366.28,19,1501.23,0,5,0,0,0
T02251,295.68,20,1214.84,1,4,0,0,0
T02252,7211.42,22,3816.59,1,5,1,0,0
T02253,3318.73,17,437.71,6,6,1,0,0
T02254,5303.31,20,9334.19,4,3,1,0,0
T02255,6335.37,15,946.08,2,3,0,0,1
T02256,2544.3,10,1400.58,3,5,0,0,0
T02257,2185.99,9,803.08,4,5,0,1,1
T02258,1688.61,8,2164.97,4,9,0,1,0
T02259,1143.55,11,151.04,1,7,0,0,0
T02260,1710.64,18,405.35,3,6,1,0,1
T02261,4460.06,0,3424.06,3,2,1,0,0
T02262,2763.33,17,516.03,6,9,0,0,0
T02263,6691.44,13,671.38,1,10,0,0,0
T02264,1757.62,21,3937.38,2,3,0,0,0
T02265,2802.52,20,244.86,3,7,0,1,0
T02266,2993.38,0,1438.29,2,8,0,0,1
T02267,2687.24,16,58.33,5,9,0,1,0
T02268,3638.37,10,1064.71,3,5,0,0,0
T02269,813.2,19,3001.46,1,6,0,0,0
T02270,2154.56,14,236.06,3,6,0,0,1
T02271,330.2,3,5480.62,2,5,0,0,0
T02272,1456.02,14,6005.99,3,7,0,0,0
T02273,2006.34,21,277.3,2,1,0,1,0
T02274,3168.59,21,11703.09,4,5,0,0,0
T02275,9019.23,13,882.88,2,10,0,0,0
T02276,2753.76,21,219.62,2,6,1,0,0
T02277,4082.98,0,12.7,5,3,1,0,1
T02278,2117.28,8,1312.83,3,2,0,0,0
T02279,3016.22,6,2484.35,1,4,0,0,0
T02280,220.72,22,1009.34,4,3,0,0,0
T02281,880.66,10,4530.68,3,6,0,0,0
T02282,1347.56,22,3152.3,3,6,0,0,0
T02283,1918.78,1,1077.58,1,4,0,0,0
T02284,140.17,1,3313.56,3,4,0,0,1
T02285,452.55,5,7053.93,5,10,0,0,0
T02286,972.27,22,244.3,2,10,1,1,1
T02287,10677.0,18,913.58,0,10,0,0,1
T02288,1207.47,19,1555.91,3,2,0,0,0
T02289,1973.58,13,1722.84,4,7,0,0,0
T02290,654.83,2,1953.28,3,9,0,0,0
T02291,2830.83,6,893.93,3,9,0,0,0
T02292,988.36,6,2750.98,5,10,0,0,0
T02293,695.77,3,2589.69,2,2,0,0,0
T02294,2180.56,22,2155.82,2,9,0,0,0
T02295,16.56,4,301.92,2,5,0,0,0
T02296,23.08,16,1620.28,3,6,0,0,0
T02297,741.8,3,1101.02,2,1,0,1,1
T02298,112.24,22,1688.46,4,7,0,0,0
T02299,342.95,12,6373.34,3,8,1,0,1
T02300,1241.37,15,1637.37,1,5,0,1,0
T02301,4867.35,15,35.2,3,6,0,1,1
T02302,2546.24,1,1444.36,5,4,0,0,1
T02303,2156.43,17,4296.01,5,3,0,0,0
T02304,1042.25,0,3786.01,3,3,0,0,1
T02305,8053.9,17,1800.73,4,2,0,0,0
T02306,1517.59,7,718.44,5,10,1,0,0
T02307,273.36,10,1564.14,3,6,0,1,0
T02308,2879.68,23,2073.58,3,9,0,0,0
T02309,362.57,23,22397.75,0,3,0,0,0
T02310,1270.38,14,2583.31,4,1,0,0,0
T02311,2124.25,15,2962.59,3,10,0,1,0
T02312,6219.72,16,1690.5,3,1,0,0,0
T02313,2040.97,16,1094.28,1,4,0,0,0
T02314,3634.59,11,4190.99,1,1,0,1,0
T02315,14808.05,9,1707.66,3,10,0,0,1
T02316,422.93,19,13095.47,3,2,0,0,0
T02317,963.64,5,1527.17,1,4,0,0,0
T02318,1505.48,7,176.06,5,4,0,0,0
T02319,1643.65,12,2868.81,3,8,0,0,0
T02320,1588.09,1,119.41,2,4,1,0,1
T02321,7145.24,18,720.88,2,3,0,1,1
T02322,3755.63,21,1091.38,6,4,1,0,0
T02323,2808.76,9,3362.72,3,5,0,1,0
T02324,1110.46,3,1704.21,1,5,0,1,1
T02325,5208.24,11,72.66,3,4,0,0,0
T02326,9307.32,17,2398.32,0,10,0,0,1
T02327,5164.43,6,1325.18,3,2,0,0,1
T02328,4.7,19,6372.32,3,3,0,1,0
T02329,3035.11,23,1730.68,3,10,1,0,0
T02330,157.47,23,3085.87,1,10,0,0,0
T02331,893.63,22,617.53,5,3,0,1,0
T02332,184.11,3,3577.95,10,5,0,0,0
T02333,2777.47,6,3190.96,0,2,1,1,0
T02334,3480.73,9,5860.65,3,2,0,0,0
T02335,364.77,14,86.02,5,10,0,0,0
T02336,1452.74,11,1483.26,4,2,0,0,0
T02337,1827.72,0,2842.0,5,6,0,0,0
T02338,1381.6,19,250.0,5,8,1,0,1
T02339,387.0,17,1321.64,0,10,0,0,0
T02340,1628.74,15,7124.61,3,6,0,0,0
T02341,4173.05,4,1431.46,2,4,1,0,0
T02342,220.96,18,10567.65,4,8,0,0,0
T02343,250.73,3,146.3,1,4,0,0,1
T02344,1314.45,5,3163.11,1,9,1,0,0
T02345,8527.78,16,2174.81,0,8,0,0,0
T02346,3313.04,6,1735.57,4,4,1,1,0
T02347,3405.86,23,8838.03,4,7,0,0,0
T02348,1347.87,22,347.15,2,10,0,0,0
T02349,2701.7,6,5658.39,1,9,0,0,0
T02350,30.55,8,2937.98,1,6,0,0,0
T02351,3032.6,12,749.37,2,1,0,0,0
T02352,7335.45,19,5798.54,3,6,0,0,1
T02353,2844.69,13,1402.21,0,8,0,1,0
T02354,6207.25,15,4208.08,5,9,0,0,0
T02355,3861.77,22,1230.98,3,1,0,0,0
T02356,385.4,8,4758.36,3,5,0,1,1
T02357,6982.27,14,2530.83,1,5,0,1,0
T02358,206.26,4,380.1,1,8,1,0,1
T02359,2290.5,17,2622.15,0,7,0,0,0
T02360,459.93,20,530.96,4,5,1,0,1
T02361,35.33,19,1327.24,3,6,1,0,0
T02362,1644.72,7,466.71,2,8,1,0,1
T02363,1048.85,14,55.66,2,6,0,0,1
T02364,1996.6,20,595.28,4,10,0,0,0
T02365,2582.57,8,1921.68,4,5,0,0,0
T02366,134.17,18,1642.33,0,10,1,0,0
T02367,393.76,21,1740.36,0,1,1,0,0
T02368,2453.7,5,711.51,6,8,0,0,0
T02369,1260.98,3,2889.24,6,8,0,0,1
T02370,3918.83,10,3045.71,3,6,1,0,0
T02371,3169.17,9,1107.79,0,7,0,0,0
T02372,5604.71,2,5325.16,5,7,0,0,0
T02373,3537.77,0,2582.22,5,2,0,1,0
T02374,1685.99,11,3121.02,3,6,0,1,0
T02375,3353.08,22,812.04,6,7,1,0,1
T02376,966.33,14,1.53,2,8,0,0,0
T02377,1097.21,14,5013.17,4,2,1,1,0
T02378,4667.48,20,4320.9,3,10,0,0,0
T02379,1774.04,13,328.67,0,8,0,1,1
T02380,4804.12,6,1171.43,4,2,1,0,0
T02381,5185.04,16,2706.89,4,9,1,1,0
T02382,5846.55,23,2639.68,1,2,0,0,0
T02383,7453.59,18,4921.55,2,3,1,0,0
T02384,1691.55,6,377.84,5,8,0,1,1
T02385,1151.99,2,1405.03,6,6,0,0,0
T02386,2618.25,2,255.7,3,9,0,1,1
T02387,1391.69,17,1234.08,4,8,0,1,0
T02388,2756.94,19,38.06,3,10,0,0,0
T02389,3668.3,21,5713.66,2,6,1,0,0
T02390,3498.15,13,1871.88,2,3,0,0,0
T02391,1407.87,2,4739.51,3,3,0,0,0
T02392,547.66,6,154.44,0,2,1,1,0
T02393,1689.14,6,645.17,2,8,0,0,0
T02394,461.53,4,750.67,4,10,1,0,0
T02395,6624.47,2,1222.22,1,5,1,1,1
T02396,1273.38,17,4059.68,4,9,0,0,0
T02397,503.34,14,1221.67,4,5,0,0,0
T02398,77.33,19,572.44,3,5,0,0,0
T02399,3113.87,13,168.0,5,8,0,0,1
T02400,3039.25,3,207.07,5,8,0,0,1
T02401,1249.29,23,3568.28,3,2,0,0,0
T02402,223.24,7,1471.08,2,8,0,0,0
T02403,1581.01,20,3238.22,4,7,0,1,0
T02404,1118.49,12,2866.52,1,6,0,0,0
T02405,3391.43,21,363.61,4,3,0,0,0
T02406,2792.53,7,385.47,3,5,0,1,0
T02407,1360.47,14,3519.74,3,2,0,0,0
T02408,737.29,16,3193.76,3,9,0,0,0
T02409,13277.55,4,1187.16,4,5,1,0,1
T02410,1815.42,19,201.46,4,8,1,0,0
T02411,3496.89,3,30.43,4,5,0,0,0
T02412,454.4,10,849.74,0,10,0,0,0
T02413,1994.2,17,23.16,2,9,0,0,0
T02414,83.77,9,653.65,4,1,0,0,0
T02415,2112.35,16,1359.67,5,6,0,0,0
T02416,9974.16,14,323.61,8,8,0,0,0
T02417,1454.53,5,275.31,4,7,0,0,1
T02418,119.33,22,5668.95,2,2,0,0,0
T02419,94.34,20,2201.53,3,2,1,0,1
T02420,1473.0,15,6812.57,4,10,0,0,0
T02421,523.15,14,1060.96,1,1,0,0,0
T02422,70.89,7,2826.38,2,1,0,0,0
T02423,4234.39,8,572.56,5,3,0,0,0
T02424,1840.36,10,2408.06,4,3,0,0,0
T02425,1024.28,1,346.97,5,8,0,0,1
T02426,6910.25,12,5.21,3,9,0,0,0
T02427,370.37,3,6703.46,3,5,0,0,0
T02428,9365.17,8,2023.61,3,1,0,1,1
T02429,1130.49,4,6541.21,5,2,1,0,0
T02430,6578.6,18,1015.53,5,4,0,1,1
T02431,2771.03,21,992.95,6,9,0,0,0
T02432,5258.32,2,1279.79,4,5,1,1,1
T02433,12407.97,20,3060.79,3,9,1,0,1
T02434,1020.74,2,2085.67,6,1,0,0,1
T02435,9743.02,5,6487.53,1,9,0,0,0
T02436,1480.34,9,64.43,3,8,0,0,0
T02437,1460.9,4,3079.18,1,1,0,0,0
T02438,1248.31,2,1002.42,2,7,1,0,0
T02439,2338.78,21,496.84,3,5,0,0,0
T02440,502.22,23,1785.39,1,10,0,0,0
T02441,2420.37,6,1758.32,5,8,1,0,0
T02442,2340.73,21,368.38,2,4,0,0,0
T02443,4305.22,17,563.79,3,2,1,0,0
T02444,5380.98,22,1311.32,1,1,0,0,0
T02445,1741.82,7,1314.05,3,7,0,0,0
T02446,1080.04,0,955.19,2,1,0,0,1
T02447,900.62,3,402.02,2,9,0,0,0
T02448,649.34,23,10.96,4,1,0,0,1
T02449,178.13,6,8786.06,2,6,0,0,0
T02450,1257.69,13,7183.75,5,2,0,1,0
T02451,945.15,12,1652.43,2,6,1,0,0
T02452,10181.24,9,13271.8,3,6,0,0,0
T02453,2447.36,22,2799.5,2,5,0,0,0
T02454,1279.81,17,178.36,2,5,0,0,0
T02455,2605.84,0,313.11,2,8,0,0,0
T02456,449.67,3,6195.65,2,7,1,0,0
T02457,1761.2,15,2485.98,6,5,0,0,0
T02458,2952.38,15,4631.7,2,4,0,0,0
T02459,2013.56,17,5713.57,4,1,1,0,0
T02460,1541.38,7,1485.26,2,2,1,0,0
T02461,15273.12,9,124.36,0,10,0,0,0
T02462,6368.67,15,521.5,6,7,0,0,0
T02463,2929.76,22,172.23,2,10,1,0,0
T02464,2527.57,23,522.92,2,1,0,0,0
T02465,2907.97,10,1321.34,1,9,0,1,0
T02466,674.36,5,314.47,3,6,0,0,0
T02467,1508.26,0,456.0,5,5,0,0,0
T02468,120.78,11,1475.67,3,6,1,0,0
T02469,1936.19,5,1039.44,1,1,0,0,0
T02470,2349.38,12,1576.17,0,2,0,0,0
T02471,775.34,16,1401.67,1,7,0,0,0
T02472,9975.11,0,2585.42,3,6,1,1,1
T02473,7205.71,7,6919.08,3,7,0,0,0
T02474,3841.95,21,285.34,3,6,0,0,1
T02475,2286.76,7,261.35,1,7,0,0,1
T02476,6119.95,23,4790.01,4,7,1,0,0
T02477,420.04,10,1765.06,1,6,0,0,0
T02478,4689.23,13,3635.42,2,8,0,0,0
T02479,399.98,23,606.52,7,7,0,0,0
T02480,4742.71,9,4413.22,0,9,0,0,0
T02481,967.93,14,6437.51,1,5,0,0,0
T02482,6288.92,6,2522.96,1,8,0,0,0
T02483,8649.47,6,279.79,3,8,0,0,1
T02484,483.31,9,5641.52,3,8,1,0,0
T02485,1863.46,3,3931.41,2,4,0,0,0
T02486,11887.96,17,3474.53,4,9,0,0,0
T02487,1981.5,9,93.55,3,10,0,1,0
T02488,5975.34,18,4010.66,1,4,0,0,0
T02489,2665.53,13,371.11,2,6,0,0,0
T02490,1411.59,12,628.81,3,6,0,0,0
T02491,1009.71,14,2151.75,3,2,0,0,0
T02492,681.54,15,769.65,4,7,0,0,0
T02493,4303.91,1,2706.96,5,7,1,1,0
T02494,1465.92,3,2341.68,3,1,0,0,0
T02495,2147.87,20,286.14,4,5,0,0,0
T02496,2033.74,17,2667.89,2,9,0,0,0
T02497,2583.13,16,6441.07,5,10,0,0,0
T02498,6020.29,9,439.19,1,5,1,0,0
T02499,11849.07,20,2272.43,4,10,0,1,0
T02500,1570.64,8,1045.86,2,7,0,0,0
T02501,5272.4,14,1538.67,4,9,0,0,0
T02502,4338.49,11,845.69,2,1,0,0,1
T02503,2556.63,20,1092.9,4,9,0,0,0
T02504,9373.91,8,73.35,2,4,1,1,1
T02505,671.21,13,9981.96,2,1,0,0,1
T02506,347.12,12,2450.74,5,8,0,0,0
T02507,5771.66,5,1736.4,1,3,1,0,0
T02508,1734.9,18,1210.12,3,8,1,1,1
T02509,5631.34,3,1937.93,5,6,0,0,0
T02510,6707.31,19,1195.52,2,6,1,0,0
T02511,193.48,16,1115.36,4,8,0,0,0
T02512,6448.68,18,1558.8,2,9,0,1,0
T02513,1784.36,2,807.35,2,8,0,0,0
T02514,2142.7,13,496.28,1,7,1,0,0
T02515,2955.25,16,2033.24,6,3,0,0,0
T02516,7826.62,12,4625.04,2,4,0,0,0
T02517,57.9,8,414.63,3,9,0,0,0
T02518,1943.62,0,83.21,4,4,0,0,1
T02519,3491.58,16,708.6,3,8,0,0,0
T02520,3848.04,15,9745.38,3,6,0,0,0
T02521,3538.16,17,4411.69,3,5,1,0,0
T02522,433.12,1,2265.02,4,7,0,0,0
T02523,1067.44,13,6621.47,4,1,0,0,0
T02524,1332.85,21,1473.23,3,10,0,0,0
T02525,4895.62,22,10227.96,6,3,0,0,0
T02526,980.35,16,878.52,3,5,0,1,1
T02527,709.85,2,687.1,2,4,0,0,0
T02528,9471.09,1,2540.61,2,3,0,1,1
T02529,26.71,7,1187.66,2,3,0,0,0
T02530,18386.47,1,2461.19,5,9,0,0,0
T02531,3388.65,1,909.59,5,5,0,0,1
T02532,5288.98,8,2405.3,1,3,0,1,1
T02533,1047.05,19,806.53,1,5,0,0,0
T02534,43.26,20,130.79,1,9,0,0,0
T02535,4016.74,5,6079.91,5,3,0,1,0
T02536,5389.92,11,5368.34,3,5,1,1,0
T02537,4046.72,8,8833.81,4,2,0,0,0
T02538,462.43,6,3151.6,1,8,0,0,0
T02539,4200.3,11,2869.94,3,6,0,0,0
T02540,4395.01,4,2046.79,4,8,0,0,0
T02541,3223.58,15,336.52,0,1,0,0,1
T02542,4358.79,4,524.44,4,2,0,0,1
T02543,5610.88,11,854.36,3,7,1,0,1
T02544,2852.68,23,5521.74,4,7,0,0,0
T02545,278.34,19,474.78,3,9,1,0,0
T02546,2006.11,8,6405.76,1,6,0,0,0
T02547,242.49,22,1849.47,2,7,0,1,0
T02548,1570.43,6,3143.17,3,4,0,0,0
T02549,1568.22,18,292.02,1,2,1,0,0
T02550,204.87,19,783.47,2,9,0,0,0
T02551,1286.91,22,7956.28,4,1,0,0,0
T02552,352.97,10,773.63,5,6,0,0,0
T02553,4954.46,20,879.3,3,10,0,0,0
T02554,8851.59,11,550.36,1,9,0,0,0
T02555,225.19,2,345.49,5,10,0,0,1
T02556,9310.97,16,664.01,4,10,0,0,1
T02557,2218.05,6,2570.34,5,2,1,0,0
T02558,1068.16,21,1519.11,3,2,1,1,0
T02559,239.93,9,2017.22,4,9,0,0,0
T02560,2083.19,22,326.31,3,10,1,0,0
T02561,4747.15,14,4050.19,2,10,0,1,0
T02562,3683.63,1,3832.29,1,9,0,0,0
T02563,154.59,12,54.57,2,4,0,0,0
T02564,227.09,3,1209.3,2,8,0,1,1
T02565,1546.88,17,178.12,2,8,1,0,1
T02566,1049.91,23,3926.81,5,2,0,0,0
T02567,793.4,22,3341.57,4,4,0,0,0
T02568,989.7,0,5806.67,3,6,0,0,1
T02569,4881.02,1,674.29,3,4,0,0,1
T02570,7944.88,1,1523.38,2,7,0,0,0
T02571,1558.1,3,509.85,2,10,0,0,0
T02572,7096.93,2,1159.99,3,5,0,0,1
T02573,1163.59,16,1846.63,0,4,0,1,0
T02574,1941.29,13,137.01,2,6,0,1,1
T02575,768.66,1,3137.03,3,6,0,0,0
T02576,3068.92,15,1959.29,4,5,0,1,0
T02577,11587.0,10,4414.63,4,6,0,0,0
T02578,2775.19,12,792.88,1,5,0,0,0
T02579,1328.63,0,5840.9,1,7,0,0,0
T02580,3130.82,22,16602.45,3,5,0,0,0
T02581,393.47,1,6292.49,2,4,1,0,0
T02582,6585.48,1,3761.48,3,9,1,0,0
T02583,2098.0,20,4183.19,7,5,0,0,0
T02584,1789.97,4,2131.79,3,6,0,0,0
T02585,2644.69,3,527.28,0,2,0,0,1
T02586,2940.76,11,2825.57,2,1,0,1,0
T02587,223.45,2,3118.53,6,3,0,0,0
T02588,3442.94,19,10564.29,4,7,0,0,0
T02589,830.95,9,1948.4,1,1,1,0,1
T02590,3754.79,19,791.47,1,1,0,0,0
T02591,5186.94,17,2877.44,1,8,1,0,0
T02592,4888.29,20,9703.23,2,3,1,0,0
T02593,2412.24,20,487.65,5,2,0,0,0
T02594,2202.97,20,986.31,2,8,0,0,0
T02595,462.52,9,1951.57,2,10,1,0,0
T02596,4479.58,0,466.47,4,2,0,0,1
T02597,949.93,5,56.18,3,10,0,0,1
T02598,2059.68,10,1027.39,1,7,0,0,0
T02599,1003.37,1,5013.08,2,7,1,0,1
T02600,431.02,6,111.1,5,10,0,0,0
T02601,2979.17,19,1400.6,5,6,0,0,0
T02602,167.59,20,3590.82,5,1,0,0,1
T02603,4142.67,20,7653.75,2,1,0,0,0
T02604,1146.36,20,10579.78,2,3,0,0,0
T02605,0.4,17,1370.32,5,4,0,0,0
T02606,2146.97,20,7508.62,4,9,0,0,0
T02607,143.95,18,90.15,5,7,0,0,0
T02608,969.59,3,3425.24,3,1,1,0,0
T02609,3682.51,12,2573.27,2,4,0,0,0
T02610,194.22,17,717.61,1,6,0,0,0
T02611,5485.37,19,1769.73,2,6,0,0,0
T02612,11.48,23,346.87,5,7,0,0,0
T02613,850.37,12,5131.46,2,9,0,0,0
T02614,4051.67,18,1107.52,1,6,0,1,0
T02615,1140.58,16,2459.05,4,1,0,1,0
T02616,322.4,0,432.24,6,3,0,0,0
T02617,1339.96,5,577.2,6,1,1,0,1
T02618,945.75,18,12057.19,4,6,0,0,0
T02619,5549.03,19,3496.79,4,7,0,0,0
T02620,1127.78,0,8173.57,3,3,0,0,0
T02621,4666.73,7,876.91,2,10,0,0,0
T02622,6673.32,16,449.5,1,9,0,1,0
T02623,1706.52,20,1748.26,2,1,0,0,0
T02624,7221.94,21,1706.35,2,1,0,0,1
T02625,1421.16,14,480.77,2,7,0,0,0
T02626,9979.25,17,3303.32,5,5,0,0,0
T02627,280.59,6,1122.67,2,5,0,0,0
T02628,3484.84,15,515.61,4,5,0,0,0
T02629,2042.55,6,1008.61,5,5,0,0,0
T02630,1471.35,16,2073.33,1,2,0,0,0
T02631,3004.83,3,3240.87,2,1,1,0,1
T02632,3650.74,11,1643.92,5,5,0,0,0
T02633,13.12,12,1864.23,1,10,0,0,0
T02634,548.0,3,373.99,6,9,0,0,0
T02635,3745.3,20,6153.69,1,8,0,0,0
T02636,3293.31,0,6603.0,2,9,1,0,1
T02637,10148.38,0,2875.5,8,3,0,1,1
T02638,4294.35,6,44.47,6,2,0,0,0
T02639,9033.92,8,1925.47,1,5,1,0,1
T02640,3637.43,0,2480.36,1,7,0,1,0
T02641,1061.69,15,13078.62,5,4,0,0,0
T02642,334.02,17,13845.85,4,2,0,1,0
T02643,4567.36,21,4872.99,4,9,0,0,0
T02644,3099.73,14,164.9,1,6,1,1,1
T02645,148.16,5,7658.76,1,3,1,0,0
T02646,1339.1,1,2371.14,4,1,1,0,1
T02647,9425.73,8,4034.7,4,1,0,0,0
T02648,2081.85,3,1307.22,0,8,1,0,1
T02649,1700.76,12,962.94,2,4,0,0,0
T02650,1835.81,22,1555.53,0,9,0,0,0
T02651,702.93,21,397.12,3,5,0,0,0
T02652,1379.96,10,1104.28,2,5,0,0,0
T02653,1385.22,12,4873.1,2,8,0,0,0
T02654,161.33,10,96.72,2,7,0,0,0
T02655,4377.47,18,408.88,5,8,0,0,1
T02656,1616.16,7,334.16,6,4,1,0,0
T02657,5180.95,6,1289.91,2,10,0,1,1
T02658,5698.33,15,14511.97,5,2,1,0,0
T02659,714.75,2,475.96,5,6,0,0,0
T02660,3213.17,16,393.05,6,7,0,0,0
T02661,1917.58,17,6164.4,3,6,1,0,1
T02662,6364.71,14,5343.75,1,3,0,0,0
T02663,729.05,16,81.93,3,3,0,0,0
T02664,3397.87,10,3482.85,0,5,1,0,0
T02665,2807.58,4,2663.9,4,7,1,0,0
T02666,1049.96,15,3649.75,3,2,0,0,0
T02667,440.63,14,1705.53,5,4,1,0,0
T02668,3163.55,9,11883.95,1,8,0,0,0
T02669,4025.08,13,112.09,1,3,0,0,0
T02670,1137.76,1,667.65,3,7,1,0,1
T02671,3105.5,15,1262.71,2,10,0,0,0
T02672,1508.23,18,1493.58,2,3,0,0,0
T02673,3746.98,7,6357.42,1,8,0,0,0
T02674,666.49,14,2052.48,4,7,0,1,1
T02675,6627.69,9,115.4,2,1,0,0,1
T02676,1016.55,4,1310.04,5,4,0,0,0
T02677,1375.58,19,1346.74,5,7,1,0,1
T02678,179.54,15,8416.33,2,5,1,0,1
T02679,354.7,20,2285.71,3,3,0,0,0
T02680,2176.16,21,2524.11,4,2,0,0,0
T02681,934.26,11,3122.89,4,9,0,0,0
T02682,5414.17,22,3674.62,3,10,1,0,0
T02683,44.41,12,2519.99,4,6,0,1,0
T02684,1429.73,8,676.88,4,10,1,0,0
T02685,1234.5,16,5179.59,9,1,0,0,0
T02686,58.55,19,3293.04,5,5,0,0,0
T02687,398.43,11,3385.73,2,7,1,0,0
T02688,1601.48,4,14178.34,2,8,0,0,1
T02689,2036.93,23,4055.38,1,5,0,0,0
T02690,1554.0,11,4417.44,3,10,0,0,0
T02691,2271.06,0,7560.61,2,10,0,0,1
T02692,2712.58,19,409.63,5,1,0,0,0
T02693,29.92,15,1721.53,5,2,0,1,0
T02694,1871.4,11,2172.13,1,4,0,0,0
T02695,9931.27,8,998.49,4,10,0,0,0
T02696,2195.87,12,4572.15,2,1,0,0,0
T02697,3395.35,16,3593.12,4,4,0,0,0
T02698,1121.31,16,3190.31,2,6,1,0,0
T02699,4461.55,3,14650.6,6,6,0,0,0
T02700,4447.38,13,750.67,2,2,0,0,0
T02701,2210.02,18,3324.38,4,1,0,0,0
T02702,11190.83,6,2004.08,5,8,0,0,0
T02703,402.48,2,938.51,5,9,0,0,0
T02704,51.28,0,437.63,1,9,0,0,1
T02705,4411.09,11,5655.62,2,7,1,0,1
T02706,4937.61,14,2262.48,0,4,0,0,0
T02707,384.21,10,4356.48,8,2,0,0,0
T02708,926.03,9,1970.54,6,7,0,0,0
T02709,53.12,1,621.08,1,6,0,0,0
T02710,1041.48,3,1029.52,4,7,0,0,0
T02711,4450.29,16,1201.3,1,1,0,0,0
T02712,2189.19,16,9023.77,2,4,0,0,0
T02713,1283.57,7,14.12,5,1,0,0,0
T02714,1394.4,22,10612.81,3,7,1,0,1
T02715,4.06,13,9838.44,1,6,0,0,0
T02716,1069.17,23,13899.72,4,10,0,0,0
T02717,3119.27,3,1618.47,3,8,0,0,0
T02718,10971.5,5,8297.36,2,2,0,1,1
T02719,5633.14,18,1258.79,3,8,0,0,1
T02720,71.63,23,66.62,3,8,0,0,0
T02721,6864.88,3,635.13,1,2,1,0,1
T02722,4586.32,2,7264.56,1,7,0,0,0
T02723,4547.52,19,34.65,4,3,0,0,0
T02724,1837.44,5,1974.11,5,5,0,0,0
T02725,1522.52,22,196.53,6,8,0,0,1
T02726,1082.55,6,843.57,1,1,0,0,0
T02727,203.86,13,230.54,3,1,0,0,0
T02728,777.23,11,4906.88,3,10,0,1,0
T02729,849.49,15,2235.53,1,8,0,0,0
T02730,1985.39,19,5809.69,4,6,1,0,0
T02731,4128.37,7,2914.71,1,3,1,0,0
T02732,1926.28,22,8853.66,3,8,0,0,0
T02733,178.75,1,1782.75,3,8,0,1,0
T02734,9495.28,12,2545.19,7,9,0,0,1
T02735,8579.64,7,2146.88,5,10,0,0,1
T02736,4614.0,20,1655.38,2,10,0,0,0
T02737,14242.93,19,4676.35,7,6,0,1,0
T02738,2358.96,15,2585.75,5,7,0,1,1
T02739,9871.79,3,4040.05,5,6,0,0,0
T02740,235.85,15,3858.7,1,3,0,0,0
T02741,1365.61,19,530.03,5,9,0,0,0
T02742,766.15,5,2625.72,3,1,0,0,1
T02743,653.85,3,556.76,4,5,0,1,0
T02744,455.27,15,2188.59,2,6,0,1,0
T02745,2921.87,22,2828.62,1,6,0,0,0
T02746,4560.46,22,14726.85,6,1,0,0,1
T02747,2590.37,20,77.55,2,8,0,0,0
T02748,476.86,12,239.19,3,1,0,1,0
T02749,4999.99,4,200.39,3,3,0,0,1
T02750,3031.43,14,1270.25,1,8,0,0,0
T02751,1473.88,7,4309.15,1,8,1,0,1
T02752,3363.77,6,4645.65,3,1,0,0,0
T02753,902.93,13,3338.81,2,1,0,0,0
T02754,1270.24,6,5679.61,3,8,0,0,0
T02755,7484.36,21,974.69,2,2,1,0,0
T02756,1029.6,6,230.71,5,5,1,0,0
T02757,1904.57,22,149.78,3,8,1,0,0
T02758,6625.68,17,4778.6,2,5,0,0,0
T02759,3690.14,9,3277.38,2,7,0,0,0
T02760,192.67,17,2998.42,6,6,0,0,0
T02761,478.05,13,1037.56,5,5,0,0,0
T02762,23.62,9,1194.71,4,3,0,1,0
T02763,2990.24,6,7931.98,5,6,0,0,0
T02764,1780.85,6,164.83,4,9,0,0,0
T02765,432.56,6,3715.08,5,7,0,0,0
T02766,9505.56,4,926.33,3,10,0,1,1
T02767,2262.9,0,99.59,2,1,0,0,1
T02768,830.79,13,3392.52,1,5,0,0,0
T02769,2083.07,17,1004.6,3,7,0,0,0
T02770,3414.75,12,3201.66,4,7,1,0,0
T02771,237.91,7,3074.55,3,7,0,0,0
T02772,963.53,7,1913.15,4,6,0,0,0
T02773,4934.66,9,3755.65,3,2,0,1,1
T02774,1846.7,16,2174.94,2,2,0,0,0
T02775,2372.79,5,844.41,3,10,1,0,0
T02776,1701.21,14,3311.73,3,6,0,0,0
T02777,134.68,14,2223.76,2,1,0,0,0
T02778,543.67,15,32.02,4,6,1,0,0
T02779,1769.29,7,5797.91,3,5,0,0,0
T02780,704.08,18,1972.18,1,1,0,1,0
T02781,153.81,19,5074.29,0,5,0,0,0
T02782,5566.97,14,5358.34,3,4,1,0,0
T02783,11920.5,2,1471.82,4,9,0,0,0
T02784,4727.18,5,1771.46,4,1,0,0,0
T02785,5768.03,7,1343.58,1,10,0,0,0
T02786,831.13,15,1492.03,4,3,0,0,0
T02787,9704.02,14,5637.99,1,2,0,0,0
T02788,657.92,12,3879.62,7,1,1,0,1
T02789,9074.24,19,338.19,0,2,0,0,0
T02790,15788.44,14,2356.0,3,7,0,0,0
T02791,3731.5,17,13745.97,6,5,0,0,0
T02792,11912.73,12,2263.07,4,2,0,0,0
T02793,2528.7,23,3852.95,7,4,0,0,0
T02794,901.46,7,3664.01,4,6,1,1,1
T02795,1723.41,13,1078.18,3,8,0,0,0
T02796,2700.96,10,1162.44,0,6,0,0,0
T02797,227.67,5,3219.08,3,6,0,0,0
T02798,2921.31,23,1732.79,1,6,0,0,0
T02799,11918.16,0,2113.25,5,5,0,1,1
T02800,632.56,1,3119.86,2,5,0,0,0
T02801,4719.25,12,3757.91,3,6,0,0,0
T02802,7154.6,0,791.98,5,6,0,0,0
T02803,8631.27,23,396.88,4,1,0,1,1
T02804,9666.82,23,862.55,2,7,1,0,0
T02805,2211.04,3,1770.85,2,6,0,0,0
T02806,11357.22,23,1046.91,2,6,0,0,1
T02807,4247.91,22,2100.42,2,1,0,0,0
T02808,529.04,1,137.37,2,7,0,0,1
T02809,1943.95,20,1782.1,3,6,1,0,0
T02810,3801.07,19,1147.11,2,10,0,1,0
T02811,852.43,15,1912.5,2,2,0,0,0
T02812,3070.08,2,1372.76,4,8,0,1,0
T02813,3295.24,16,835.98,2,8,1,0,0
T02814,532.72,4,5861.33,2,7,0,0,0
T02815,2497.82,7,510.7,0,7,1,0,0
T02816,4430.32,11,2859.28,2,7,0,0,0
T02817,2072.82,22,6463.85,7,4,0,0,0
T02818,36.53,11,1934.1,2,1,0,0,0
T02819,27.24,0,5226.93,1,9,0,0,0
T02820,1324.97,0,333.4,3,1,0,0,1
T02821,7818.95,14,1702.0,2,5,0,0,0
T02822,778.94,16,1526.73,6,10,0,0,0
T02823,3018.35,1,20.38,1,9,1,0,1
T02824,753.38,16,1464.13,2,2,0,1,0
T02825,1164.36,19,1151.24,3,5,0,1,1
T02826,5652.46,8,2770.13,3,1,0,0,0
T02827,3915.38,11,6964.89,2,2,0,0,0
T02828,300.78,3,224.24,3,1,0,0,0
T02829,1679.53,12,991.8,4,3,0,0,0
T02830,88.81,3,1467.76,3,4,1,0,1
T02831,1966.92,6,1518.27,1,1,0,0,0
T02832,3257.98,13,3727.02,4,10,0,0,0
T02833,378.4,8,1464.75,4,1,0,0,0
T02834,1022.76,22,68.84,4,2,1,0,0
T02835,1521.68,0,3095.58,2,4,1,0,0
T02836,7559.65,0,5403.36,6,2,1,1,1
T02837,14996.87,19,1803.38,3,2,1,1,0
T02838,137.85,3,2175.36,0,8,0,0,1
T02839,4293.97,0,444.64,4,8,0,0,0
T02840,1394.33,21,623.22,2,7,0,0,0
T02841,1495.0,9,670.26,1,4,0,0,0
T02842,4210.5,1,1408.55,0,7,0,0,0
T02843,7518.75,20,6582.77,2,6,0,0,0
T02844,9043.44,23,1844.24,3,7,0,0,0
T02845,2582.02,14,533.29,1,1,0,0,1
T02846,1325.4,2,773.41,1,5,0,0,0
T02847,4647.13,22,1211.33,4,5,0,0,1
T02848,867.05,8,2440.49,2,7,0,0,0
T02849,2490.85,16,1449.69,0,4,0,1,0
T02850,1332.21,20,1245.78,3,1,0,0,0
T02851,3206.85,12,2079.46,4,3,1,0,0
T02852,824.89,2,692.14,1,4,0,0,0
T02853,638.07,3,205.48,2,5,1,0,0
T02854,7511.87,3,61.79,4,8,0,0,0
T02855,322.1,10,723.41,0,8,0,0,0
T02856,2115.4,6,240.15,5,2,0,0,0
T02857,748.67,10,1024.97,4,10,1,0,0
T02858,119.12,23,3706.28,1,4,0,0,0
T02859,110.05,10,3149.54,3,2,0,1,0
T02860,577.92,9,2359.97,3,5,0,0,0
T02861,6047.04,4,4784.82,2,4,0,0,0
T02862,995.86,12,828.45,1,2,0,0,0
T02863,9014.87,11,5408.23,2,3,0,1,0
T02864,2614.11,9,1273.9,1,3,0,1,0
T02865,1721.37,6,1280.79,3,7,1,1,0
T02866,2603.14,18,1299.46,5,4,1,0,1
T02867,2181.34,18,258.11,4,1,0,1,0
T02868,4266.09,18,9271.74,6,5,1,0,0
T02869,995.93,11,372.72,2,6,0,0,0
T02870,1306.46,19,1042.15,2,6,0,0,0
T02871,6735.62,21,961.59,1,10,1,0,0
T02872,8781.78,14,194.04,2,2,0,0,1
T02873,6692.42,4,412.95,3,5,0,0,0
T02874,1631.33,23,114.74,4,4,0,0,0
T02875,4547.37,13,864.71,3,5,0,0,0
T02876,1940.71,11,5037.07,5,7,0,0,0
T02877,2064.72,20,1036.68,2,3,1,0,0
T02878,687.03,10,330.09,3,8,0,0,0
T02879,2683.08,4,2593.98,0,9,0,1,1
T02880,617.89,15,14210.62,3,1,0,0,0
T02881,1208.45,17,660.97,2,1,0,0,0
T02882,5793.69,11,819.77,2,9,0,0,0
T02883,696.08,4,8925.26,4,10,0,0,1
T02884,221.45,15,492.4,4,1,1,0,1
T02885,214.51,11,1789.58,2,2,0,0,0
T02886,8479.72,22,684.95,3,3,0,0,0
T02887,2121.25,1,6733.59,6,7,0,1,0
T02888,1579.91,5,9977.8,0,10,0,0,0
T02889,4996.1,22,4214.42,2,3,0,0,0
T02890,5420.48,20,945.05,0,9,0,0,0
T02891,1211.26,3,1291.64,4,2,0,0,0
T02892,3548.77,12,693.69,1,3,1,0,0
T02893,4423.71,9,5535.47,1,9,0,0,0
T02894,3189.6,16,6149.8,4,6,0,0,0
T02895,493.19,13,1356.95,1,9,0,0,0
T02896,6259.59,23,2671.66,2,5,0,0,0
T02897,2323.69,14,452.47,1,4,0,0,0
T02898,995.83,7,1427.04,6,2,0,0,0
T02899,1661.35,22,2495.78,8,1,0,0,1
T02900,114.89,23,1216.97,4,5,0,0,0
T02901,410.44,17,1106.36,2,1,1,0,0
T02902,4351.5,2,2.5,1,6,1,0,1
T02903,0.03,16,4077.85,3,6,0,0,0
T02904,1616.47,23,5503.18,2,7,0,0,0
T02905,2217.64,23,8722.08,3,9,0,0,0
T02906,168.55,6,3175.92,5,6,0,1,0
T02907,10844.45,12,1989.57,2,3,0,0,1
T02908,769.04,15,784.33,2,8,0,0,0
T02909,1088.07,4,18159.2,7,5,0,0,0
T02910,1086.97,3,2227.49,5,8,1,0,1
T02911,785.72,9,2857.62,5,8,0,0,0
T02912,4.42,12,2867.45,3,3,0,0,0
T02913,3920.73,9,4664.89,2,7,1,0,0
T02914,10219.73,13,24.3,3,4,0,0,1
T02915,761.94,21,621.94,4,9,0,0,0
T02916,3263.44,11,2738.05,4,7,0,0,0
T02917,4063.18,0,5637.96,1,10,0,1,1
T02918,5660.03,20,2890.65,2,2,0,0,0
T02919,1647.81,19,1333.92,5,1,0,0,0
T02920,1082.61,19,1121.8,1,6,1,1,0
T02921,1180.44,6,3348.03,4,6,0,0,0
T02922,3740.86,8,3379.61,4,10,0,0,0
T02923,5091.19,7,2335.23,3,5,0,0,0
T02924,601.26,12,861.4,5,2,0,0,0
T02925,1390.59,13,6480.83,3,9,0,0,0
T02926,6966.53,11,2006.74,6,6,1,0,0
T02927,4930.44,7,3907.49,2,4,1,0,0
T02928,12570.93,20,602.98,4,7,0,0,0
T02929,4210.3,21,1054.14,4,9,0,0,0
T02930,1498.64,17,5190.21,4,8,0,0,0
T02931,2679.47,15,128.51,3,1,0,0,0
T02932,3245.39,10,1795.22,0,3,0,0,0
T02933,245.11,15,1643.03,0,10,0,0,0
T02934,2359.06,13,3478.07,3,2,0,0,0
T02935,3706.61,2,827.84,1,3,0,0,1
T02936,549.32,20,618.16,6,5,1,1,0
T02937,4551.01,1,6513.72,4,6,0,0,1
T02938,2629.57,2,2119.88,6,3,1,1,0
T02939,9123.56,3,276.46,1,2,0,0,1
T02940,130.05,21,536.19,5,5,0,0,0
T02941,924.99,4,16868.47,4,4,1,0,0
T02942,2760.55,9,544.17,4,5,1,1,1
T02943,1055.32,19,2357.07,2,10,0,1,0
T02944,3759.74,1,1362.37,2,4,0,0,1
T02945,4268.94,11,5420.12,4,4,0,0,0
T02946,324.48,4,3517.96,3,8,0,0,1
T02947,2163.74,4,2271.75,6,6,1,0,1
T02948,2133.26,22,26.99,2,2,1,0,0
T02949,1382.68,0,5296.4,5,3,0,1,0
T02950,8105.83,3,1470.47,2,8,0,0,1
T02951,5272.18,20,6705.14,1,1,0,0,1
T02952,3584.14,23,1710.66,2,6,0,0,0
T02953,3758.72,11,2962.26,5,3,1,0,0
T02954,1858.11,11,179.53,3,9,0,0,0
T02955,7614.71,15,3417.72,9,10,1,0,0
T02956,3558.35,23,1031.21,1,1,1,1,1
T02957,3916.7,16,1082.19,3,2,0,0,0
T02958,5934.79,20,315.77,4,6,0,0,0
T02959,960.91,9,397.07,1,4,0,0,0
T02960,4936.3,16,513.75,3,10,1,0,1
T02961,651.64,16,994.51,2,1,0,1,1
T02962,1270.93,17,5563.36,1,10,0,0,0
T02963,1226.66,1,1148.19,3,4,1,0,0
T02964,11522.66,3,3221.67,4,2,0,0,0
T02965,5825.04,18,215.93,2,9,1,0,1
T02966,3623.64,10,2235.7,1,7,0,0,0
T02967,3895.47,16,1643.93,2,6,0,0,0
T02968,2477.11,11,9537.01,5,9,0,0,0
T02969,8817.53,1,4680.38,2,8,0,1,1
T02970,2057.08,5,1516.64,2,2,0,0,0
T02971,1436.61,8,3730.72,0,3,1,1,1
T02972,533.92,4,536.2,1,7,0,0,1
T02973,4628.22,19,2065.76,1,10,0,0,0
T02974,3977.79,20,193.87,0,4,0,1,1
T02975,1455.25,8,1069.62,4,6,0,0,0
T02976,76.55,22,640.01,1,9,1,0,1
T02977,5479.0,7,3172.7,6,7,0,0,0
T02978,34.45,19,1683.81,1,3,0,0,0
T02979,3649.15,7,3476.46,2,6,0,0,0
T02980,10545.5,21,1810.54,3,7,1,1,1
T02981,1726.95,20,226.14,4,1,1,0,1
T02982,803.53,22,3323.53,0,7,0,0,0
T02983,3661.03,5,4477.84,5,5,0,0,0
T02984,5096.91,2,5846.34,6,7,0,1,0
T02985,2371.82,4,2121.53,1,7,1,0,1
T02986,10236.95,8,3501.85,2,6,0,0,0
T02987,159.15,6,3486.26,1,3,1,1,1
T02988,2108.35,3,423.27,4,9,0,0,0
T02989,3802.38,6,448.48,4,5,0,0,0
T02990,5955.46,4,183.81,4,9,1,0,1
T02991,592.63,10,963.84,4,3,0,0,0
T02992,4828.37,14,1603.8,7,7,0,0,1
T02993,2413.62,1,15411.99,4,5,1,0,1
T02994,1515.29,12,1409.66,3,7,1,0,1
T02995,423.71,21,3238.78,8,8,0,0,0
T02996,6014.02,15,2955.5,5,8,0,0,0
T02997,513.34,6,571.9,4,5,0,0,0
T02998,1112.27,7,150.72,6,5,0,0,0
T02999,1027.66,5,1974.18,3,8,0,0,0
T03000,6153.47,23,3012.48,3,6,1,0,0
T03001,3350.66,6,15872.91,1,6,1,0,0
T03002,4778.94,17,1110.3,3,2,0,0,1
T03003,864.92,21,5667.19,3,7,0,0,0
T03004,2941.48,21,1202.89,4,10,0,0,0
T03005,2544.12,19,2923.22,1,7,1,0,0
T03006,5366.24,6,2279.83,4,6,0,0,0
T03007,7096.16,2,136.08,2,2,1,0,0
T03008,36.69,4,204.08,2,5,0,0,0
T03009,3362.76,0,52.46,5,6,1,0,1
T03010,159.68,14,1158.4,1,4,0,0,0
T03011,2387.92,2,3424.1,1,10,0,1,0
T03012,1017.49,7,474.14,0,6,0,0,0
T03013,1099.21,8,2327.58,2,5,0,0,0
T03014,1306.03,14,852.1,5,10,0,0,0
T03015,2912.97,9,3986.28,2,9,0,1,0
T03016,1219.62,1,4003.63,2,6,0,0,1
T03017,3958.14,19,3733.75,1,1,1,1,0
T03018,1555.2,4,1860.23,2,10,0,1,0
T03019,212.4,18,837.17,2,10,0,1,0
T03020,4594.1,12,4144.52,4,1,0,1,0
T03021,1009.6,10,514.8,3,2,0,0,0
T03022,1700.95,0,855.38,1,2,0,0,0
T03023,3469.78,21,508.19,1,4,0,0,0
T03024,1212.45,14,2803.76,2,10,0,0,0
T03025,174.75,17,2897.79,6,2,0,0,0
T03026,1404.84,15,2642.55,5,8,0,0,0
T03027,8671.34,8,1342.93,1,8,0,1,0
T03028,3079.44,0,263.88,1,2,0,0,1
T03029,3339.46,10,6052.57,4,9,0,0,0
T03030,3001.32,8,1771.82,2,9,0,0,0
T03031,665.65,22,1306.28,1,9,0,0,0
T03032,1625.58,10,2221.84,2,9,0,0,0
T03033,4170.18,12,535.43,4,7,0,0,1
T03034,320.66,1,355.49,0,9,0,0,1
T03035,976.58,13,1300.19,4,8,0,0,0
T03036,970.21,5,644.4,1,10,0,0,0
T03037,1697.0,7,700.24,3,8,0,0,0
T03038,11791.9,17,5575.93,6,7,0,0,0
T03039,209.67,15,1891.6,6,2,0,0,0
T03040,2193.8,20,1651.55,3,2,0,0,0
T03041,593.03,11,2923.76,4,8,0,1,0
T03042,10588.1,10,7567.96,4,2,0,0,1
T03043,360.76,5,297.52,4,2,1,1,0
T03044,1550.54,2,4482.42,2,7,0,0,0
T03045,4016.92,13,2192.79,7,7,1,1,0
T03046,3657.81,1,395.04,2,1,0,0,1
T03047,1648.33,10,881.53,4,7,0,0,0
T03048,1276.35,21,1646.19,2,5,0,1,0
T03049,1520.56,2,2937.47,5,5,0,0,0
T03050,920.7,17,694.68,2,2,1,0,0
T03051,689.5,0,1913.64,4,6,0,0,1
T03052,1979.37,23,2885.35,3,4,0,0,0
T03053,938.11,0,1488.88,2,7,0,0,1
T03054,1016.76,11,4969.91,4,2,1,0,0
T03055,3207.94,14,5090.17,3,8,1,0,0
T03056,10376.86,4,1590.46,0,5,0,0,1
T03057,2776.28,5,9022.93,3,8,0,0,0
T03058,240.31,15,196.49,4,7,1,0,0
T03059,235.78,11,8.42,4,3,0,0,0
T03060,9073.83,11,1197.79,2,9,0,0,0
T03061,1058.44,2,2297.59,4,9,0,0,1
T03062,289.75,22,2480.23,6,2,0,0,0
T03063,2741.72,1,1617.79,4,3,0,0,0
T03064,2931.7,6,333.5,2,10,0,0,0
T03065,3136.68,1,467.32,5,10,0,0,1
T03066,933.47,20,4778.86,3,1,0,0,0
T03067,45.68,6,5060.7,4,1,0,1,0
T03068,10058.54,10,2801.37,3,3,0,0,0
T03069,866.62,10,2728.23,4,3,0,1,0
T03070,3381.28,13,2276.28,1,5,0,0,0
T03071,3678.96,2,567.02,5,6,0,0,1
T03072,2824.88,13,1397.64,8,4,1,0,0
T03073,1125.86,10,2975.95,2,10,0,0,0
T03074,948.64,3,1926.43,4,7,0,0,0
T03075,2731.44,16,46.89,4,3,0,0,0
T03076,6031.89,15,7673.81,4,4,0,0,0
T03077,8797.36,2,4657.86,4,5,0,0,0
T03078,335.83,9,754.6,3,8,1,0,0
T03079,504.65,20,2395.77,4,9,1,0,0
T03080,8686.91,14,6417.66,3,3,0,0,0
T03081,4001.51,7,252.35,2,1,0,1,0
T03082,6436.59,17,1748.06,1,2,0,0,0
T03083,679.32,2,1523.13,0,2,1,0,0
T03084,2657.18,6,1319.95,2,3,0,0,0
T03085,3623.34,9,4513.46,4,2,1,0,1
T03086,3419.35,19,1197.7,1,1,0,0,0
T03087,1573.51,8,164.45,1,6,1,0,1
T03088,46.54,13,170.26,1,7,0,0,0
T03089,2623.48,22,109.21,3,1,1,0,1
T03090,875.48,13,1315.46,1,9,1,0,0
T03091,1794.9,10,3168.22,5,7,0,0,0
T03092,9480.48,0,569.52,1,4,1,0,0
T03093,1527.66,3,2599.46,2,3,1,0,0
T03094,5494.03,5,2904.59,4,6,0,0,0
T03095,626.76,21,736.61,0,3,0,1,0
T03096,3348.44,21,2294.21,5,4,0,0,0
T03097,11317.69,4,2886.91,2,9,0,0,0
T03098,322.4,2,1571.27,2,5,0,0,1
T03099,25.06,1,1026.38,6,10,0,0,0
T03100,1705.27,2,2413.38,4,5,0,0,0
T03101,291.6,8,9524.47,3,9,1,0,1
T03102,4139.56,18,1391.48,1,2,0,0,0
T03103,7379.42,18,1242.86,3,7,0,0,0
T03104,1707.59,16,1560.3,2,7,0,0,0
T03105,898.1,17,198.2,5,6,0,0,0
T03106,1709.62,10,2013.91,1,4,0,0,1
T03107,3856.07,11,996.34,3,7,0,0,1
T03108,27.29,2,323.63,4,3,0,0,0
T03109,2670.8,17,1569.6,3,9,1,0,0
T03110,2850.25,23,8.47,3,1,0,0,0
T03111,3045.75,5,1284.51,2,6,0,0,0
T03112,831.3,6,279.38,3,1,0,0,0
T03113,3755.84,0,61.48,6,6,0,0,1
T03114,287.52,5,4349.94,3,5,0,1,0
T03115,666.7,17,6199.76,3,5,1,0,0
T03116,6298.2,12,581.96,6,10,0,1,1
T03117,4026.52,21,1937.51,6,6,0,0,0
T03118,41.52,18,814.18,3,8,1,1,0
T03119,856.56,6,1700.96,3,9,0,0,0
T03120,723.95,18,1434.55,4,3,0,0,0
T03121,947.45,8,783.53,4,5,0,0,0
T03122,853.3,2,3013.21,2,6,1,0,0
T03123,193.7,22,338.09,0,1,0,0,0
T03124,1842.68,11,136.33,1,1,1,0,0
T03125,3958.53,19,3649.05,5,1,0,0,1
T03126,2799.79,23,2741.01,1,2,0,0,0
T03127,3352.21,17,1725.51,5,4,0,0,0
T03128,253.89,7,1576.79,3,6,0,1,1
T03129,9078.0,8,1719.96,4,3,0,1,0
T03130,5469.6,12,1436.3,2,9,0,0,0
T03131,4905.66,7,1247.62,4,3,0,0,0
T03132,5194.54,21,1731.32,8,4,0,1,0
T03133,8096.25,9,1879.67,0,4,0,0,0
T03134,2357.46,16,2943.35,5,5,0,0,0
T03135,670.49,6,3105.11,0,5,0,0,1
T03136,2877.47,16,1185.55,4,2,0,0,0
T03137,4074.65,22,1334.13,2,6,0,1,0
T03138,4017.29,17,1169.8,5,9,0,0,0
T03139,2210.98,23,1922.57,1,5,0,0,0
T03140,212.74,1,1509.88,1,1,1,0,1
T03141,1391.41,2,5509.03,2,9,1,0,1
T03142,7606.07,18,2979.79,4,7,0,0,0
T03143,2634.45,0,5723.1,1,7,0,0,0
T03144,2318.73,20,3087.26,2,6,0,0,0
T03145,939.42,20,8850.47,5,1,0,0,1
T03146,1378.73,9,2524.7,5,7,0,0,0
T03147,6771.29,20,8279.54,4,4,0,0,0
T03148,3294.0,13,430.44,1,5,0,0,0
T03149,4644.85,12,134.76,3,7,1,0,1
T03150,1817.31,8,2163.55,4,3,0,0,0
T03151,2984.76,5,10259.96,2,2,0,0,0
T03152,856.59,5,1351.52,2,1,0,0,0
T03153,3667.03,18,595.78,2,8,0,0,0
T03154,1673.76,20,1842.96,2,8,0,0,0
T03155,1753.12,9,2615.99,2,7,0,0,0
T03156,3143.66,22,946.49,4,10,0,0,0
T03157,8259.8,2,3136.14,1,9,0,0,1
T03158,198.44,17,9233.68,2,10,0,0,0
T03159,5224.51,20,5681.67,5,1,0,0,0
T03160,1037.56,18,861.81,5,3,0,0,0
T03161,1760.53,4,989.0,3,5,0,0,0
T03162,66.47,10,1161.21,1,2,0,1,0
T03163,1074.51,9,1254.47,3,7,1,0,0
T03164,2095.27,16,264.29,2,6,0,0,1
T03165,173.45,3,3588.32,1,10,1,0,1
T03166,2026.49,20,1136.66,3,2,0,0,0
T03167,7856.44,17,5296.91,7,8,0,0,0
T03168,334.11,17,6541.21,3,3,1,0,0
T03169,4337.38,0,61.84,3,4,0,0,1
T03170,1581.23,13,11164.19,5,5,1,0,0
T03171,3194.14,7,3094.88,3,6,0,0,0
T03172,904.27,1,1836.97,1,9,0,0,0
T03173,521.25,18,1233.81,5,9,1,0,0
T03174,524.71,14,1827.22,2,9,0,0,0
T03175,219.3,1,981.22,1,8,0,0,1
T03176,616.08,3,2436.71,4,5,0,0,1
T03177,3273.89,0,243.98,3,5,0,0,0
T03178,6403.36,18,2426.36,2,4,0,1,0
T03179,5048.05,20,805.15,4,7,0,0,0
T03180,3466.83,9,44.48,0,4,0,0,1
T03181,351.06,0,2011.35,2,5,0,0,0
T03182,1024.04,19,2159.53,3,9,0,0,0
T03183,1112.35,21,1390.29,3,7,0,0,0
T03184,862.87,14,187.58,2,9,0,0,0
T03185,2170.85,3,5595.34,3,8,0,0,0
T03186,2300.73,6,2363.21,3,3,0,0,0
T03187,1324.3,6,307.43,3,3,0,0,0
T03188,1309.89,21,1788.13,2,2,0,1,0
T03189,5290.49,17,1719.18,1,3,1,0,0
T03190,4671.86,12,155.76,6,10,1,0,0
T03191,1103.62,9,2333.97,3,3,1,0,1
T03192,7352.85,23,4129.9,1,3,0,0,0
T03193,9161.04,7,3455.84,3,6,0,0,0
T03194,1186.88,9,567.16,5,9,0,0,0
T03195,1312.84,13,4956.56,0,7,0,0,0
T03196,2113.44,13,1048.44,3,7,0,0,0
T03197,8496.8,19,7320.58,5,7,0,0,0
T03198,6270.16,21,186.13,2,1,0,0,1
T03199,324.65,10,1664.85,5,4,0,1,0
T03200,1496.35,5,2272.82,5,9,0,0,0
T03201,2418.08,20,711.38,1,4,0,0,0
T03202,2098.3,0,3689.24,3,7,1,0,0
T03203,646.5,18,2464.74,3,2,0,0,0
T03204,5873.09,6,45.69,2,6,0,0,0
T03205,3389.76,23,2343.59,7,5,1,0,0
T03206,5458.78,17,1690.62,7,10,0,0,1
T03207,5871.98,2,545.48,2,2,0,0,0
T03208,4139.22,19,13651.05,1,3,0,0,0
T03209,1735.23,10,5686.51,3,3,0,0,0
T03210,2829.03,4,865.07,2,3,0,0,0
T03211,524.37,18,1947.15,7,5,1,0,0
T03212,3359.31,20,951.33,3,10,0,0,0
T03213,592.62,23,3734.65,3,9,0,0,0
T03214,3552.02,23,6660.02,7,7,1,1,0
T03215,782.53,1,1111.15,3,6,0,0,0
T03216,375.16,21,4094.39,3,4,0,0,0
T03217,541.99,3,1724.92,6,5,1,0,0
T03218,5.98,9,1262.85,4,6,1,0,0
T03219,3805.42,1,6968.62,3,8,0,1,1
T03220,3954.8,7,1785.44,4,9,1,0,0
T03221,2170.41,0,1575.01,4,2,0,0,0
T03222,527.93,5,2790.17,1,8,1,0,0
T03223,261.76,10,756.94,2,8,0,0,0
T03224,57.94,9,981.84,3,7,0,0,0
T03225,543.66,12,6722.3,2,4,0,0,0
T03226,6645.25,0,2837.13,0,9,0,0,0
T03227,829.38,1,4380.92,1,7,0,0,0
T03228,1312.13,2,790.59,0,5,1,0,1
T03229,333.95,8,1962.01,3,4,0,0,0
T03230,754.48,4,8885.55,0,6,0,0,0
T03231,2197.07,9,959.4,2,6,0,0,0
T03232,2807.59,9,437.3,1,9,0,0,0
T03233,844.51,11,1787.9,2,7,1,0,0
T03234,178.4,17,1226.83,0,1,0,0,0
T03235,1487.97,20,434.63,7,4,0,0,0
T03236,800.52,20,5485.48,3,4,1,1,0
T03237,743.67,0,11700.79,2,5,0,0,1
T03238,9646.36,2,2101.7,4,5,0,0,0
T03239,2873.69,4,3725.55,1,10,0,0,0
T03240,2441.73,16,4898.17,4,4,0,0,0
T03241,1612.41,7,3018.13,5,3,1,1,0
T03242,1680.81,16,112.9,3,6,0,0,0
T03243,2335.49,8,428.85,2,2,0,0,0
T03244,3576.43,5,184.09,0,9,0,0,0
T03245,3633.46,16,24.82,0,6,0,0,0
T03246,565.12,7,913.2,4,5,0,1,1
T03247,2080.12,20,1245.42,0,3,0,0,0
T03248,1592.87,6,689.48,4,4,0,0,0
T03249,6132.85,6,166.97,5,6,0,1,0
T03250,2994.28,14,1886.83,2,3,0,0,0
T03251,2281.09,6,798.17,0,10,0,0,0
T03252,367.84,21,3974.54,1,7,0,0,0
T03253,2791.46,7,20.21,6,5,0,0,0
T03254,373.98,8,4621.25,1,10,0,1,0
T03255,1233.88,14,7739.08,0,1,0,0,0
T03256,462.4,1,3148.14,2,9,0,0,0
T03257,3533.68,6,3307.3,3,9,0,0,0
T03258,692.97,14,6778.73,7,1,0,0,0
T03259,1492.05,17,586.37,3,4,0,0,0
T03260,6780.73,21,13037.5,4,4,0,1,0
T03261,685.66,17,3712.32,4,10,0,0,0
T03262,2126.64,9,3241.78,1,8,0,0,0
T03263,1630.42,21,1119.98,3,2,0,0,0
T03264,54.87,17,1972.92,1,7,0,0,0
T03265,4721.61,0,2652.7,4,8,0,0,0
T03266,214.64,6,2421.22,4,3,0,0,0
T03267,1928.82,2,3051.82,5,10,0,0,0
T03268,2467.57,13,214.93,3,3,0,0,1
T03269,2970.03,11,1098.78,6,9,0,0,0
T03270,3500.34,13,1422.9,3,8,0,0,0
T03271,876.16,3,754.89,2,1,1,0,0
T03272,30.09,12,473.75,1,2,0,1,0
T03273,3856.02,15,373.94,7,4,1,1,1
T03274,2301.39,15,1140.78,8,6,0,0,1
T03275,5425.82,21,1700.29,2,3,1,0,1
T03276,5167.62,4,162.62,5,4,0,0,1
T03277,5560.77,19,7318.23,3,4,0,0,0
T03278,1991.32,5,3623.01,5,10,0,0,0
T03279,1217.72,5,3281.23,2,7,1,1,0
T03280,4704.29,17,474.45,4,7,1,0,0
T03281,1800.58,5,2314.6,1,7,0,0,0
T03282,607.97,6,1886.09,3,4,1,0,0
T03283,5792.53,23,10109.44,4,5,0,0,0
T03284,6425.48,23,3442.56,2,4,0,1,0
T03285,1883.82,15,2143.65,2,9,0,0,0
T03286,236.15,8,4756.38,4,4,0,1,0
T03287,1472.22,12,421.33,3,1,0,0,0
T03288,4881.85,11,38.33,2,8,0,0,0
T03289,6961.45,18,2929.84,2,6,1,0,0
T03290,682.48,22,258.72,4,2,0,0,0
T03291,207.97,22,306.64,6,1,0,0,1
T03292,6295.27,0,3413.1,1,10,0,0,1
T03293,1479.96,7,788.61,2,7,0,0,0
T03294,2341.09,3,2476.4,3,8,1,0,1
T03295,10332.23,20,6234.57,1,10,0,0,0
T03296,206.65,21,951.23,4,9,0,0,0
T03297,3135.08,18,612.02,3,4,0,0,0
T03298,230.98,20,281.7,4,7,0,0,0
T03299,1412.26,4,349.48,4,5,0,0,0
T03300,4886.08,16,160.61,3,2,1,0,0
T03301,1704.69,2,229.31,1,3,0,0,1
T03302,17615.56,18,1414.1,3,8,1,0,1
T03303,2456.53,0,967.34,5,10,0,0,0
T03304,1162.12,22,3065.21,2,5,1,0,0
T03305,745.81,0,5105.2,2,3,0,0,0
T03306,1294.75,22,3840.16,4,8,0,0,0
T03307,1398.19,19,1890.95,6,7,0,0,0
T03308,213.57,8,270.19,1,7,0,0,0
T03309,1384.08,22,3092.68,3,7,0,0,0
T03310,1872.2,4,1126.79,3,5,0,0,0
T03311,3848.37,6,223.86,4,4,1,0,0
T03312,3207.71,5,4620.29,3,6,0,0,0
T03313,3700.88,16,1032.04,4,6,0,0,1
T03314,25.2,21,615.55,0,6,0,0,0
T03315,736.43,16,5128.63,1,8,0,0,0
T03316,3251.33,12,5810.39,5,6,0,1,0
T03317,1984.88,11,1034.89,3,10,0,0,0
T03318,15.98,3,1095.49,2,4,0,0,0
T03319,4896.5,7,2166.54,1,10,0,1,0
T03320,4445.9,4,3305.4,3,10,0,0,0
T03321,2385.0,4,163.08,3,4,1,0,0
T03322,206.33,12,2249.47,2,5,1,1,0
T03323,4363.91,10,7634.47,3,7,0,0,0
T03324,2629.15,7,759.85,2,1,0,0,0
T03325,4569.23,7,5987.5,7,1,1,0,1
T03326,4179.92,0,7497.76,1,5,0,0,0
T03327,4873.69,12,783.88,1,5,1,1,1
T03328,2189.48,4,3508.11,5,1,0,0,1
T03329,453.6,20,682.07,5,7,0,0,0
T03330,3336.53,7,3344.82,2,7,0,0,0
T03331,2906.49,16,3991.55,1,4,0,0,0
T03332,4067.33,22,709.91,2,2,0,0,0
T03333,558.56,22,3145.8,5,2,0,0,0
T03334,650.65,12,4179.67,3,4,0,1,0
T03335,6633.01,8,1110.17,4,2,0,0,0
T03336,4158.62,1,458.91,1,1,0,1,1
T03337,7165.36,18,241.18,4,1,0,0,0
T03338,4265.33,19,2141.41,4,8,0,0,0
T03339,2727.61,16,9552.96,5,2,1,1,0
T03340,3185.1,6,4328.31,2,9,0,0,0
T03341,6598.13,2,1431.04,3,2,0,0,1
T03342,2593.99,18,1923.02,2,4,0,0,0
T03343,3002.21,18,819.62,1,7,1,0,1
T03344,510.5,23,445.02,3,7,0,0,0
T03345,1926.91,8,1644.84,5,10,0,0,0
T03346,3780.54,9,1556.73,3,8,0,0,0
T03347,948.01,13,1845.0,1,3,0,0,0
T03348,677.9,17,7633.65,2,1,0,1,0
T03349,1129.88,14,2315.19,6,4,1,0,0
T03350,829.24,0,2327.06,5,3,0,0,0
T03351,725.88,5,342.49,4,4,0,0,0
T03352,1659.38,14,14129.54,3,6,0,1,0
T03353,7152.64,5,3705.31,1,1,1,0,0
T03354,2122.1,17,5243.06,6,1,0,0,1
T03355,624.47,0,1337.37,0,2,0,0,0
T03356,240.29,23,1743.53,1,10,0,0,0
T03357,3573.72,2,1845.8,3,10,0,0,0
T03358,1447.68,16,539.47,3,3,0,0,0
T03359,5175.07,15,2923.84,3,5,0,0,0
T03360,3232.12,7,5832.01,3,9,0,0,0
T03361,4772.46,16,446.94,3,6,0,0,1
T03362,952.14,7,225.68,4,5,0,0,0
T03363,3536.46,16,3350.62,3,8,0,0,0
T03364,919.83,8,797.77,4,1,0,0,0
T03365,8394.01,11,2444.5,1,7,1,0,1
T03366,3034.89,18,2974.83,3,8,0,0,0
T03367,1176.96,3,971.19,3,9,0,0,0
T03368,942.13,20,4220.45,2,9,0,0,0
T03369,635.6,21,1996.21,2,8,0,0,0
T03370,3558.8,10,5081.38,3,10,0,0,0
T03371,740.45,3,3602.34,2,3,0,0,0
T03372,2713.85,13,5073.31,0,6,0,0,0
T03373,922.17,13,50.92,0,5,1,0,1
T03374,3253.85,5,697.65,2,3,0,0,0
T03375,5061.22,16,235.8,4,2,0,0,1
T03376,4515.57,1,1458.86,5,2,0,0,0
T03377,4292.01,7,5517.28,2,10,1,0,0
T03378,623.74,3,1575.62,1,10,1,0,1
T03379,277.61,9,4738.02,1,10,0,1,1
T03380,3601.43,6,990.69,3,4,0,1,1
T03381,1378.25,3,1037.16,5,9,0,1,0
T03382,1698.73,15,5647.9,2,2,1,0,0
T03383,94.93,13,1387.02,4,5,0,0,0
T03384,901.6,15,3898.83,2,8,0,0,0
T03385,102.77,8,675.08,3,10,0,0,0
T03386,6340.5,3,7430.08,2,2,0,0,0
T03387,836.75,23,2136.69,5,7,0,0,0
T03388,2444.84,5,3560.75,4,6,0,0,0
T03389,119.28,0,234.45,4,1,0,0,1
T03390,3297.46,6,1696.46,3,7,1,0,0
T03391,1170.37,0,5782.56,3,10,1,0,0
T03392,6845.97,18,5239.71,2,9,1,1,0
T03393,6570.94,7,119.86,1,1,0,0,1
T03394,1180.42,2,904.93,5,2,0,0,1
T03395,6936.72,0,1464.41,9,7,0,0,1
T03396,16685.03,0,472.65,6,1,0,0,1
T03397,5236.04,6,3273.32,1,2,0,0,0
T03398,5590.5,20,509.92,3,3,1,0,1
T03399,859.08,12,1064.07,2,2,1,0,1
T03400,2579.04,0,2721.26,2,2,0,0,0
T03401,208.87,15,1644.88,7,2,0,0,0
T03402,299.19,21,3353.98,4,7,0,0,0
T03403,20417.25,21,8123.85,1,10,0,0,0
T03404,1186.42,13,309.79,5,4,0,0,1
T03405,4137.17,3,3090.96,3,4,0,0,0
T03406,4929.99,22,654.53,3,8,1,0,0
T03407,5856.28,22,1338.12,4,5,0,0,0
T03408,18132.44,11,83.54,6,1,1,0,1
T03409,829.22,11,365.19,4,2,0,0,0
T03410,123.56,16,963.34,5,10,0,0,0
T03411,1588.96,20,1046.32,1,3,1,0,1
T03412,418.06,14,5746.11,3,4,0,1,0
T03413,68.04,9,3385.18,4,9,0,0,0
T03414,1340.86,2,8955.27,6,10,0,0,0
T03415,4593.8,22,2284.93,1,10,1,0,0
T03416,2505.38,19,691.74,2,5,0,0,0
T03417,1125.29,19,992.46,3,6,0,0,0
T03418,3186.92,11,963.55,2,3,0,0,0
T03419,791.97,0,988.15,2,2,0,0,0
T03420,43.46,0,2794.21,3,2,0,0,1
T03421,4336.27,9,1891.86,4,6,0,0,0
T03422,2932.45,17,1217.06,5,6,0,0,0
T03423,4310.27,14,403.62,2,7,0,1,1
T03424,119.15,1,55.97,4,9,0,0,1
T03425,5444.22,16,617.42,4,3,0,0,0
T03426,2899.01,7,284.24,4,7,0,0,0
T03427,2486.18,21,3847.97,3,7,0,0,0
T03428,2939.4,21,298.36,2,8,1,0,1
T03429,5994.87,8,3220.45,2,5,0,1,0
T03430,2652.46,20,1218.01,2,3,0,0,0
T03431,2609.3,19,190.52,0,2,0,0,0
T03432,14026.51,10,4188.01,1,4,1,0,0
T03433,4240.75,5,2166.55,0,8,0,0,0
T03434,1751.77,23,672.19,7,5,0,0,0
T03435,3686.82,13,5626.91,1,1,1,0,1
T03436,1479.11,0,115.79,6,3,1,0,1
T03437,779.72,6,563.55,2,5,0,0,0
T03438,2725.35,23,3486.29,3,6,0,0,0
T03439,7900.86,8,3089.33,6,2,0,0,0
T03440,7941.13,10,853.66,3,8,0,0,1
T03441,1255.22,23,160.08,1,7,0,0,0
T03442,2250.28,22,4881.2,1,7,0,0,0
T03443,713.39,15,941.09,2,7,0,0,0
T03444,16299.74,18,544.5,4,5,0,0,1
T03445,11908.62,1,1814.5,1,2,0,0,0
T03446,3145.26,14,6026.18,1,8,1,1,0
T03447,4895.27,2,111.31,4,3,0,0,1
T03448,3766.85,3,3628.99,5,3,0,0,1
T03449,2697.99,19,2124.35,1,2,0,0,0
T03450,164.47,21,1385.42,2,2,1,0,0
T03451,1819.61,6,3407.23,4,2,1,0,0
T03452,3369.82,11,8440.61,8,6,0,0,0
T03453,3395.25,3,650.84,3,8,1,0,0
T03454,1401.01,9,387.68,3,3,0,1,1
T03455,8526.05,5,6101.22,8,6,0,0,0
T03456,549.45,21,2763.74,6,3,1,1,1
T03457,2081.6,13,1440.57,1,9,0,0,0
T03458,3522.12,2,2128.95,5,1,0,1,1
T03459,3583.41,16,3422.26,3,7,0,0,0
T03460,3137.82,10,3707.36,2,8,0,1,0
T03461,965.94,9,6311.02,6,9,0,0,0
T03462,509.54,20,1391.49,1,5,0,0,0
T03463,3031.31,9,868.26,6,6,0,0,1
T03464,2743.64,9,2551.8,0,5,0,0,0
T03465,593.0,2,1343.47,3,10,1,0,1
T03466,3663.76,23,2257.19,2,5,0,0,0
T03467,1821.86,14,1361.76,4,7,0,0,0
T03468,3305.7,16,415.12,5,4,1,0,0
T03469,5448.78,17,1584.49,2,6,0,0,0
T03470,558.01,18,2935.37,1,4,0,0,0
T03471,57.99,18,4014.66,5,2,0,1,0
T03472,4530.17,11,1699.72,2,2,0,0,0
T03473,2822.5,23,451.52,9,4,0,1,0
T03474,3608.32,4,1339.02,6,5,1,0,1
T03475,5463.35,23,3857.88,4,1,0,0,0
T03476,4870.78,15,1331.23,1,3,0,1,0
T03477,9726.44,14,2981.19,1,5,0,0,1
T03478,2303.19,14,1769.2,2,8,1,0,0
T03479,2011.2,5,690.12,3,4,0,0,0
T03480,1541.93,11,3975.93,1,6,0,0,0
T03481,500.61,1,219.93,4,4,1,0,1
T03482,2550.16,19,1860.52,5,5,0,0,0
T03483,973.09,8,585.8,4,7,0,0,0
T03484,7626.62,3,173.55,0,8,0,0,1
T03485,2625.38,4,1747.58,3,10,0,0,0
T03486,2695.65,20,1730.68,3,10,1,0,0
T03487,1315.16,7,3068.11,6,8,0,0,0
T03488,160.17,21,3413.79,7,7,0,0,0
T03489,96.78,9,3252.97,3,4,0,0,0
T03490,1651.48,6,1317.21,5,4,0,0,0
T03491,265.07,21,2497.07,2,2,0,0,0
T03492,2800.67,13,2150.63,2,9,0,1,0
T03493,6385.21,4,1368.56,1,6,0,0,0
T03494,6434.56,15,2273.37,7,3,0,0,0
T03495,3228.02,14,7355.38,5,3,0,0,0
T03496,711.85,4,535.75,0,1,0,0,0
T03497,5963.25,2,5905.1,4,2,0,0,0
T03498,6517.13,22,137.34,6,5,1,0,1
T03499,656.91,9,921.83,1,9,0,0,0
T03500,4011.67,4,849.7,4,3,0,0,0
T03501,1012.8,22,2461.19,2,7,0,0,0
T03502,4868.18,14,351.68,1,6,1,0,0
T03503,17675.29,17,5350.05,2,3,1,0,1
T03504,91.46,7,4408.68,0,4,0,0,0
T03505,6829.75,20,2639.35,2,5,0,0,0
T03506,2923.59,1,1533.13,4,2,0,0,0
T03507,10878.57,21,6756.02,4,8,0,0,0
T03508,1876.52,7,4440.9,4,7,0,1,0
T03509,5639.57,22,1729.45,3,9,0,0,1
T03510,193.28,7,3025.59,4,8,0,0,0
T03511,1225.16,3,2092.14,2,7,0,0,0
T03512,208.1,18,2216.48,2,9,0,0,0
T03513,11108.1,22,1004.84,1,10,0,0,0
T03514,5094.38,17,1550.13,2,5,1,1,1
T03515,5742.75,20,203.35,3,3,0,0,0
T03516,8340.18,22,1105.38,4,6,0,0,0
T03517,266.83,0,2975.41,2,9,0,0,0
T03518,1461.32,19,7655.54,2,6,0,0,0
T03519,221.05,14,8246.43,2,3,0,1,0
T03520,710.18,17,2028.27,1,2,0,0,0
T03521,781.62,21,2332.46,2,5,0,0,0
T03522,1899.59,11,513.63,3,8,0,0,0
T03523,938.23,0,2971.14,2,8,0,0,0
T03524,319.34,6,183.2,2,1,0,0,0
T03525,549.93,18,837.58,0,3,0,0,0
T03526,477.96,0,2759.29,1,5,0,0,0
T03527,10844.3,23,928.78,2,1,0,1,1
T03528,4272.52,6,127.83,4,6,0,0,0
T03529,10303.78,1,4457.55,0,4,1,1,0
T03530,1738.07,6,928.86,2,9,0,0,0
T03531,978.72,18,162.96,2,2,1,0,0
T03532,4802.82,12,194.33,4,10,0,0,0
T03533,1184.71,23,725.07,1,5,0,1,0
T03534,1067.38,4,490.09,1,5,0,0,0
T03535,793.87,22,3721.37,3,6,1,0,0
T03536,416.68,18,970.36,1,5,0,0,0
T03537,889.01,0,4082.99,4,10,1,0,1
T03538,1317.0,0,477.44,6,10,0,0,0
T03539,3362.52,17,1697.51,2,9,0,0,0
T03540,193.82,23,2912.18,4,1,0,0,0
T03541,709.09,0,2638.82,2,8,0,0,0
T03542,4966.82,4,2297.8,3,6,0,0,0
T03543,476.71,8,6469.73,8,9,1,0,0
T03544,1258.59,11,648.63,1,10,0,0,0
T03545,5999.87,8,1701.66,2,7,1,0,1
T03546,504.99,17,5385.25,2,3,0,0,0
T03547,259.08,22,202.74,2,8,0,1,0
T03548,1988.08,10,143.78,2,10,0,0,0
T03549,1080.41,0,664.16,3,3,0,0,1
T03550,2486.27,18,2506.13,2,3,0,0,0
T03551,4885.94,21,752.36,7,4,0,0,1
T03552,442.54,9,527.54,4,3,0,0,0
T03553,2607.5,1,1534.93,2,6,0,1,1
T03554,2112.68,6,2377.19,1,7,1,0,0
T03555,466.73,19,714.4,2,3,1,1,0
T03556,2934.49,1,894.16,1,3,0,0,0
T03557,959.13,18,2376.94,3,7,1,0,0
T03558,2007.32,5,7284.85,4,10,1,1,0
T03559,257.56,9,2807.84,2,9,0,0,0
T03560,1846.25,8,3818.54,3,3,0,1,0
T03561,1097.85,7,1142.46,1,6,0,0,0
T03562,5184.35,10,794.51,1,5,0,0,1
T03563,176.0,8,1514.07,0,8,0,0,0
T03564,1626.99,19,4114.38,4,9,0,0,0
T03565,1839.86,19,1523.39,2,8,0,0,0
T03566,3873.02,8,4688.81,4,1,0,0,0
T03567,2561.97,7,11223.36,7,7,0,0,0
T03568,3300.75,14,186.88,5,8,0,0,0
T03569,4502.41,1,116.18,1,5,0,0,1
T03570,5945.92,23,405.09,2,4,0,0,1
T03571,1130.09,0,1212.77,4,7,0,0,1
T03572,2316.72,8,351.15,4,6,0,0,1
T03573,5499.77,8,5113.36,2,2,0,0,0
T03574,13655.21,12,58.55,2,9,0,0,1
T03575,6608.74,7,948.74,2,3,0,0,0
T03576,1393.1,20,510.48,3,1,1,0,1
T03577,651.36,4,6703.74,3,3,0,0,0
T03578,2016.46,2,2767.73,1,1,1,0,0
T03579,4060.22,20,6076.91,3,10,0,0,0
T03580,2035.18,3,8968.4,4,7,0,0,1
T03581,1980.19,16,1718.4,1,6,0,0,0
T03582,5464.75,15,667.47,1,8,0,1,1
T03583,1345.45,15,538.34,3,4,1,0,0
T03584,5893.94,19,630.53,4,6,0,0,0
T03585,1566.7,2,3082.59,3,3,0,0,0
T03586,1193.53,5,103.22,3,4,0,0,0
T03587,1815.35,0,131.82,3,6,0,0,1
T03588,4312.09,20,2342.15,3,5,0,0,0
T03589,404.03,15,2568.45,2,2,0,0,0
T03590,656.03,14,2736.02,4,9,1,1,0
T03591,9075.16,6,1162.56,1,2,0,0,0
T03592,578.9,1,4099.03,2,8,0,1,0
T03593,2516.1,9,1906.91,5,5,0,0,0
T03594,2597.61,14,278.63,2,7,0,0,0
T03595,2017.83,5,3987.6,4,6,0,0,0
T03596,3104.76,1,7647.63,4,2,0,0,0
T03597,783.42,23,154.79,3,4,0,0,0
T03598,2413.32,23,1241.29,1,9,0,0,0
T03599,1396.47,16,1671.21,3,7,0,0,0
T03600,3251.18,0,395.94,2,1,0,0,1
T03601,456.74,0,5056.88,3,4,0,0,0
T03602,2538.04,3,835.71,3,10,0,1,0
T03603,614.7,19,3819.74,5,3,0,1,0
T03604,979.86,15,2779.2,1,1,0,0,0
T03605,740.43,7,2278.54,1,5,0,0,0
T03606,605.75,0,533.43,2,9,0,0,0
T03607,5241.12,18,623.41,5,4,1,0,0
T03608,1009.39,10,121.27,3,2,0,0,1
T03609,7856.98,16,688.44,3,7,0,0,0
T03610,10512.34,9,1059.49,1,8,0,1,1
T03611,2540.72,11,4476.58,3,2,1,0,0
T03612,462.96,8,1140.81,3,10,0,0,0
T03613,1407.84,6,3512.39,5,9,0,0,0
T03614,4794.49,11,1447.06,3,10,0,0,0
T03615,1373.71,14,3841.26,2,8,0,0,0
T03616,273.11,7,9352.71,2,4,0,0,0
T03617,2441.1,16,685.57,7,4,0,0,0
T03618,5595.33,4,4957.45,1,5,0,1,0
T03619,4767.82,13,2430.99,1,1,0,0,0
T03620,577.56,1,4249.7,3,7,0,0,0
T03621,3351.23,15,2635.91,5,4,1,0,0
T03622,747.32,16,1378.9,2,1,1,1,0
T03623,738.5,2,647.17,5,4,0,1,1
T03624,6216.13,22,181.52,2,4,0,0,0
T03625,861.72,0,1917.08,2,1,0,0,1
T03626,916.51,17,11595.81,3,9,0,0,0
T03627,1.96,17,3348.93,6,8,0,0,0
T03628,6136.14,3,991.31,0,9,0,0,0
T03629,4719.24,14,4389.12,2,7,0,1,0
T03630,2961.18,18,3663.17,4,5,0,0,0
T03631,4162.07,18,826.95,7,7,0,0,0
T03632,494.8,9,36.03,2,2,0,0,1
T03633,1839.26,4,314.37,3,10,0,0,0
T03634,1297.98,18,5245.16,5,7,1,0,1
T03635,295.41,10,4528.32,3,4,0,1,0
T03636,1997.36,6,874.63,2,5,1,0,0
T03637,7605.05,4,839.37,6,7,1,0,0
T03638,122.65,19,3935.96,6,2,0,0,0
T03639,1033.65,11,6940.99,4,5,0,0,0
T03640,697.84,18,3775.53,5,2,0,0,0
T03641,816.0,14,2325.84,2,10,0,0,0
T03642,7172.1,11,694.89,2,6,0,1,0
T03643,1893.72,3,1865.04,2,10,1,0,1
T03644,1883.76,11,664.84,5,8,0,0,0
T03645,4288.55,17,4125.8,3,7,0,0,0
T03646,503.45,16,1223.32,1,5,0,0,0
T03647,2003.99,18,4484.86,2,3,0,0,0
T03648,1686.28,15,1201.59,1,4,0,0,0
T03649,2725.79,10,4345.3,1,2,0,0,0
T03650,23170.59,1,1013.6,1,6,0,0,0
T03651,4401.85,15,1450.14,4,8,0,0,0
T03652,1521.82,0,2389.45,6,8,1,0,1
T03653,5273.0,16,182.2,3,9,0,0,0
T03654,561.55,17,7401.25,3,5,0,0,0
T03655,92.81,12,2130.98,2,10,1,1,0
T03656,686.16,4,1772.28,3,6,0,1,1
T03657,1248.42,23,4572.0,3,2,0,0,0
T03658,2143.61,5,5020.37,4,10,1,0,0
T03659,2864.54,0,1846.72,2,4,0,0,0
T03660,7244.1,9,6552.24,4,3,0,0,0
T03661,2139.16,4,167.32,3,9,0,0,1
T03662,2087.11,0,300.41,3,6,0,0,1
T03663,154.65,22,2270.73,2,6,0,0,0
T03664,106.61,10,1092.64,2,4,0,0,0
T03665,2403.27,23,1560.1,6,6,0,1,0
T03666,1729.71,23,994.04,4,1,0,1,0
T03667,5482.42,6,1296.83,1,9,0,0,1
T03668,525.49,17,4324.02,4,3,0,1,0
T03669,75.87,20,2250.28,2,5,0,0,0
T03670,1788.27,19,14827.85,3,7,0,0,0
T03671,813.37,20,3864.74,1,2,0,0,0
T03672,152.66,9,799.36,5,4,0,0,0
T03673,3868.57,14,767.49,1,6,0,1,0
T03674,354.98,3,1023.3,2,1,0,0,0
T03675,2811.93,15,4632.91,1,6,0,0,0
T03676,989.89,14,69.17,3,5,1,1,0
T03677,571.65,14,654.0,3,2,0,0,0
T03678,1432.91,11,5882.55,2,6,0,0,0
T03679,4850.08,7,2553.41,4,5,0,0,0
T03680,1493.2,7,643.2,1,1,0,0,0
T03681,4168.13,17,618.41,4,6,0,0,0
T03682,402.26,5,4962.48,3,7,0,0,0
T03683,4445.4,4,5605.08,2,9,1,0,0
T03684,811.23,1,739.73,1,2,0,1,0
T03685,3393.96,11,1364.02,2,6,0,0,0
T03686,2502.62,3,4498.41,3,6,0,0,0
T03687,7941.35,22,3685.16,4,1,0,0,0
T03688,1469.75,12,4203.89,1,8,0,1,0
T03689,205.37,16,1826.59,3,5,0,0,0
T03690,58.02,15,6063.27,2,2,0,0,0
T03691,5260.94,8,986.13,6,5,1,0,0
T03692,2231.65,0,426.0,3,4,0,1,0
T03693,4478.22,14,3083.78,8,7,0,0,1
T03694,801.39,11,1937.82,4,10,0,0,0
T03695,1269.74,4,4820.42,1,8,0,0,0
T03696,91.7,22,211.61,2,1,0,0,0
T03697,9770.69,23,4639.82,2,1,0,0,0
T03698,3306.67,17,867.85,8,8,0,1,1
T03699,8118.39,19,2659.48,0,4,0,0,0
T03700,925.68,1,102.39,3,8,0,0,1
T03701,2836.11,3,2351.34,6,7,0,0,0
T03702,3404.27,14,3158.17,3,9,0,0,0
T03703,1146.2,5,1150.13,0,7,0,0,0
T03704,5653.78,21,606.49,2,4,0,0,1
T03705,8821.54,11,1928.48,3,5,0,1,0
T03706,6484.69,17,4477.26,4,7,1,0,0
T03707,4030.47,19,977.23,1,2,0,0,0
T03708,974.97,3,727.45,6,3,0,0,0
T03709,992.25,0,817.57,3,3,1,0,0
T03710,9919.87,14,7446.31,4,9,1,0,0
T03711,31.01,17,1112.89,2,2,0,0,0
T03712,3776.87,13,9.03,5,4,0,0,0
T03713,3675.04,2,3804.5,5,8,0,1,1
T03714,2924.06,14,3003.9,8,1,0,0,1
T03715,13848.34,4,344.04,4,9,0,1,1
T03716,1121.37,23,10483.35,2,6,1,0,1
T03717,1246.42,21,2341.63,3,4,0,0,0
T03718,246.69,2,1736.77,2,5,0,0,0
T03719,1754.48,21,1204.05,1,7,0,0,0
T03720,907.57,6,5723.5,3,8,0,0,0
T03721,1261.98,5,699.16,3,5,0,0,0
T03722,5397.65,21,841.37,1,7,0,0,0
T03723,8222.55,0,326.44,1,3,1,0,1
T03724,616.4,18,3558.63,1,2,0,0,0
T03725,1398.08,6,2263.06,2,2,0,0,0
T03726,7919.66,3,2348.04,2,10,0,0,0
T03727,191.4,11,616.26,1,3,0,0,0
T03728,290.72,19,2632.91,0,6,0,0,0
T03729,533.04,22,3625.31,2,10,1,0,0
T03730,2713.18,17,1107.48,2,1,0,0,1
T03731,489.22,8,4040.49,3,3,0,0,0
T03732,10333.23,18,1072.31,7,3,0,1,1
T03733,1775.64,21,3548.47,3,2,0,0,0
T03734,2088.56,3,85.78,2,1,0,1,1
T03735,849.71,0,2002.75,0,1,0,1,0
T03736,1910.08,8,8727.25,1,1,0,0,0
T03737,3253.36,14,9940.68,1,8,0,0,0
T03738,4173.04,21,827.35,4,6,0,0,0
T03739,4205.66,7,1455.8,3,9,0,1,0
T03740,2587.48,14,162.62,2,3,0,0,0
T03741,7041.49,14,5165.65,3,7,0,0,0
T03742,5101.5,17,2101.64,2,6,0,0,0
T03743,4244.68,6,1215.74,2,9,0,0,0
T03744,171.63,21,299.13,5,9,0,0,0
T03745,20.71,17,7332.71,6,9,0,0,0
T03746,716.47,15,1888.72,6,7,0,0,0
T03747,3267.68,1,831.45,5,9,0,0,0
T03748,1588.99,3,1077.78,4,7,0,0,0
T03749,1544.53,19,789.17,3,9,0,0,0
T03750,6477.71,15,2302.06,2,2,0,0,0
T03751,6777.51,2,6646.85,4,2,0,1,0
T03752,7196.47,23,4856.93,1,7,0,0,0
T03753,1130.1,22,1542.23,2,10,0,0,0
T03754,3523.78,1,4378.94,4,6,0,0,1
T03755,950.85,2,1375.24,3,6,0,0,0
T03756,634.42,4,726.91,3,5,0,1,0
T03757,612.35,1,10248.16,2,1,0,0,0
T03758,1256.14,18,905.61,2,7,0,0,0
T03759,1686.13,23,977.89,2,2,0,0,0
T03760,5332.67,19,11437.3,3,8,0,1,0
T03761,383.13,1,359.47,4,10,0,0,0
T03762,3983.24,1,3573.36,3,7,0,0,0
T03763,2274.37,21,6864.88,4,2,0,0,0
T03764,1018.8,23,1792.55,2,2,0,0,0
T03765,2036.67,22,6.31,4,10,0,0,1
T03766,1069.78,19,1175.24,3,8,0,0,0
T03767,2719.63,17,295.75,2,5,0,0,0
T03768,1706.66,19,1345.44,4,8,0,0,0
T03769,538.84,20,3901.94,2,1,1,0,0
T03770,371.87,13,1443.8,4,9,0,1,0
T03771,2373.57,14,1413.76,8,8,0,0,1
T03772,6981.03,11,2034.28,3,6,1,1,0
T03773,1264.59,10,2178.83,3,8,0,0,0
T03774,3961.52,10,4850.0,0,1,0,1,0
T03775,3224.64,6,921.71,4,8,1,0,0
T03776,8045.17,11,4310.32,2,1,0,0,0
T03777,5160.79,15,2086.4,3,4,1,0,1
T03778,2508.32,4,893.58,4,10,1,0,1
T03779,3210.34,1,874.34,6,3,0,0,1
T03780,6859.74,21,1120.17,6,3,0,0,0
T03781,1530.07,15,2436.74,1,10,0,0,0
T03782,1187.11,22,656.05,2,9,1,0,0
T03783,32.61,14,6324.77,4,8,0,0,0
T03784,5255.62,10,2138.65,1,10,0,0,0
T03785,4843.06,5,6314.81,2,8,1,0,1
T03786,330.97,12,118.79,2,7,0,0,0
T03787,2580.14,18,1048.7,4,8,1,0,0
T03788,1870.76,9,57.68,3,8,0,0,0
T03789,379.1,23,794.5,4,10,1,0,0
T03790,11822.54,18,4951.37,4,6,1,0,1
T03791,725.05,4,93.24,2,8,0,0,1
T03792,208.8,20,1432.4,4,2,0,0,0
T03793,2710.47,6,312.68,6,7,1,0,1
T03794,4028.17,10,1348.24,4,3,1,0,0
T03795,98.94,13,4563.57,4,8,0,0,0
T03796,3225.14,22,2439.25,3,5,1,0,0
T03797,2279.73,20,3336.69,3,5,0,1,0
T03798,326.98,15,1073.51,3,3,1,0,0
T03799,568.13,17,7223.83,3,1,0,0,0
T03800,2517.81,20,3088.33,2,2,1,0,1
T03801,1054.46,22,1369.58,2,2,0,0,0
T03802,8357.18,22,1389.84,4,7,0,0,0
T03803,5123.47,3,6273.54,3,2,0,0,0
T03804,12325.43,0,2147.44,1,7,0,1,1
T03805,901.98,21,3063.67,4,1,0,0,0
T03806,10492.16,14,1349.07,3,2,0,1,1
T03807,1692.86,13,633.02,2,7,0,0,0
T03808,1280.92,18,3214.4,3,7,0,0,0
T03809,154.98,4,2340.11,2,2,0,0,0
T03810,162.63,3,1739.59,1,10,0,0,0
T03811,3533.08,12,2445.55,3,7,0,0,0
T03812,1837.07,17,583.89,1,9,0,0,1
T03813,770.57,11,3948.95,1,8,0,0,0
T03814,2855.52,22,7399.12,3,6,0,0,0
T03815,874.5,20,5543.39,0,4,0,0,0
T03816,2585.63,14,969.44,5,3,1,0,0
T03817,1335.15,22,1302.21,3,8,1,0,0
T03818,5204.19,8,4130.89,1,3,0,0,1
T03819,5156.02,3,2260.39,2,5,0,0,0
T03820,1946.53,4,1984.71,0,3,0,0,0
T03821,1296.13,8,6531.01,2,9,1,0,0
T03822,1350.88,12,1919.81,2,7,1,0,0
T03823,4915.28,9,1808.7,2,3,0,0,0
T03824,1193.29,15,107.32,3,10,0,0,1
T03825,703.6,12,179.86,1,7,0,0,0
T03826,265.47,3,18.62,4,4,0,1,1
T03827,1885.97,20,6111.65,4,1,1,0,0
T03828,1974.11,12,1312.25,2,4,1,0,0
T03829,5514.83,20,1580.42,2,10,0,0,0
T03830,750.15,7,4667.07,3,8,1,0,1
T03831,1438.91,12,2349.19,1,6,0,0,0
T03832,4957.13,14,2350.83,4,1,0,0,0
T03833,5205.4,19,879.34,1,1,1,0,1
T03834,1456.5,19,4488.04,1,4,0,0,0
T03835,1843.7,12,453.3,3,6,0,0,0
T03836,1084.14,22,136.54,4,4,1,0,1
T03837,8089.32,4,531.76,4,9,1,1,1
T03838,378.88,21,779.04,5,2,1,1,1
T03839,8142.93,21,829.3,1,6,0,0,0
T03840,3454.77,5,2775.55,6,7,0,0,0
T03841,2275.12,4,614.19,8,4,0,0,1
T03842,99.61,12,2822.61,5,5,0,1,1
T03843,1936.48,4,238.89,6,5,0,0,0
T03844,1571.47,12,398.08,3,2,0,0,1
T03845,527.42,23,1777.37,0,5,0,0,0
T03846,3204.92,19,6374.28,3,10,1,0,0
T03847,10637.03,22,4907.57,2,5,0,0,0
T03848,2477.9,7,8664.62,3,5,0,0,0
T03849,3763.2,8,2627.98,4,4,0,1,0
T03850,212.72,20,2816.1,1,10,0,0,0
T03851,1622.14,18,2452.23,3,4,0,0,0
T03852,371.11,19,2437.57,3,7,0,0,0
T03853,2846.41,14,397.84,5,6,0,0,0
T03854,8365.28,21,1961.73,6,8,0,0,0
T03855,3252.16,9,1219.68,2,1,0,0,0
T03856,239.74,10,1460.9,4,10,0,0,0
T03857,1313.96,4,1853.75,3,2,0,0,0
T03858,2399.95,8,343.55,3,2,1,0,1
T03859,1548.56,10,1113.72,2,2,0,0,0
T03860,5380.88,18,163.88,3,3,0,0,0
T03861,5056.87,1,9738.91,1,6,0,0,0
T03862,2838.94,5,315.41,3,3,0,0,1
T03863,1402.62,22,747.78,2,7,0,0,0
T03864,884.47,20,5547.75,1,3,0,0,0
T03865,335.73,0,1647.88,4,6,0,0,1
T03866,1315.04,2,364.41,2,2,1,0,0
T03867,1599.07,2,1212.21,5,2,1,0,0
T03868,3379.4,13,307.87,4,3,0,0,1
T03869,3220.24,19,558.53,3,8,0,0,0
T03870,218.06,21,133.58,5,9,0,0,0
T03871,1508.87,4,1441.65,2,2,0,0,0
T03872,601.87,16,4107.95,6,7,0,0,0
T03873,511.7,14,2204.54,2,1,1,0,0
T03874,5268.64,5,2330.7,2,4,0,0,0
T03875,128.46,13,559.68,3,6,0,1,0
T03876,1629.96,13,1053.58,3,7,0,0,0
T03877,552.5,16,4664.73,3,3,0,0,0
T03878,6344.09,7,229.89,3,3,1,0,0
T03879,2442.83,7,4878.6,6,5,0,0,0
T03880,789.48,18,1652.62,5,3,0,0,0
T03881,2094.04,8,4537.27,4,9,0,0,0
T03882,3944.56,10,956.84,3,2,0,1,0
T03883,9518.7,12,1034.41,2,10,0,0,0
T03884,747.1,12,3481.84,2,7,0,0,0
T03885,6519.46,23,3842.75,1,7,1,0,1
T03886,8168.16,18,652.26,2,3,0,0,0
T03887,7445.87,20,9017.91,3,8,0,0,0
T03888,3026.98,18,220.69,3,3,0,0,0
T03889,2981.3,4,177.41,4,5,0,0,1
T03890,1548.57,15,2262.78,0,1,0,1,1
T03891,4187.8,8,3207.01,1,10,0,0,0
T03892,2273.34,19,8103.2,3,4,0,0,0
T03893,3394.38,21,1297.76,3,2,1,0,0
T03894,1678.25,2,64.04,6,5,0,0,1
T03895,3944.67,18,2308.89,2,4,0,0,0
T03896,5219.86,4,855.16,3,4,0,0,1
T03897,475.01,7,1418.26,2,4,0,0,0
T03898,5368.02,13,1675.87,5,5,0,0,0
T03899,2331.52,23,166.72,3,9,0,0,0
T03900,5586.53,2,1663.74,2,9,1,0,1
T03901,1693.22,23,1389.21,1,4,0,0,0
T03902,1429.47,12,3116.72,2,9,0,0,0
T03903,7397.46,10,2593.79,10,8,0,0,0
T03904,867.73,7,512.08,4,5,0,0,0
T03905,5577.78,18,577.12,5,8,1,1,0
T03906,1985.07,9,722.56,3,7,0,0,0
T03907,2165.23,17,492.93,3,2,0,0,0
T03908,1106.54,17,2676.62,2,10,0,0,0
T03909,2553.21,6,12975.98,3,8,0,0,0
T03910,1180.07,15,2639.66,2,9,0,0,0
T03911,120.18,5,2332.84,0,2,0,0,0
T03912,952.36,15,1318.78,2,2,0,0,0
T03913,19.2,15,937.03,3,10,1,0,0
T03914,11498.91,22,6049.87,2,9,0,0,0
T03915,10121.96,23,8684.57,3,1,0,0,1
T03916,1508.35,0,1716.8,6,3,0,0,0
T03917,3909.95,23,856.93,1,3,0,1,0
T03918,1273.05,18,3675.52,3,6,1,0,1
T03919,3335.94,2,355.22,1,7,0,1,0
T03920,4910.89,5,3626.69,5,3,0,1,0
T03921,8798.62,3,4272.43,4,8,1,0,0
T03922,1533.54,3,333.55,2,2,0,0,0
T03923,4587.7,3,9415.64,3,3,0,0,1
T03924,927.45,9,10586.14,2,10,0,0,0
T03925,13916.9,8,6900.44,2,2,0,0,0
T03926,78.32,7,1713.12,5,2,0,1,0
T03927,2775.46,18,706.15,1,6,1,0,0
T03928,3232.07,16,2180.74,2,3,0,0,0
T03929,3494.69,16,1361.53,5,3,0,0,0
T03930,384.82,0,576.52,3,9,0,0,1
T03931,8367.61,19,1377.71,5,1,1,0,1
T03932,599.69,13,2725.79,1,9,0,0,0
T03933,2924.57,21,183.88,3,2,0,0,0
T03934,755.69,19,1013.98,5,2,0,0,0
T03935,1101.11,10,44.89,4,5,1,1,0
T03936,2372.01,2,3460.7,2,6,0,0,1
T03937,1619.7,23,2558.93,2,8,0,0,0
T03938,523.87,7,161.81,3,1,0,0,1
T03939,562.38,21,8362.34,3,5,1,0,1
T03940,1624.6,9,57.2,5,10,0,0,0
T03941,4247.58,16,2228.76,3,8,1,0,0
T03942,6847.31,7,3744.38,2,2,0,0,0
T03943,263.63,21,3876.7,6,10,0,0,0
T03944,1498.19,0,87.22,5,9,1,1,1
T03945,316.9,19,5922.22,4,10,0,0,0
T03946,50.2,20,6266.4,3,4,1,1,0
T03947,3251.63,6,2060.36,5,7,0,1,0
T03948,2767.3,23,1644.85,6,1,0,0,0
T03949,533.86,8,114.76,0,2,1,0,1
T03950,798.99,11,2063.58,6,1,0,1,1
T03951,71.98,21,1316.45,2,8,0,0,0
T03952,5404.47,8,3704.88,3,1,0,0,0
T03953,11029.74,19,1293.3,5,9,0,0,1
T03954,436.67,23,2876.72,3,7,0,0,0
T03955,789.85,2,267.32,3,5,1,0,0
T03956,6084.18,3,356.65,4,1,0,0,0
T03957,7829.93,9,376.21,2,4,0,0,0
T03958,1632.25,3,116.49,4,3,0,0,1
T03959,155.85,21,1948.55,1,7,1,0,0
T03960,120.57,8,3949.31,5,1,0,0,0
T03961,2559.59,21,2356.66,2,10,0,0,0
T03962,1497.16,0,2138.9,2,4,1,1,0
T03963,87.21,4,2853.46,6,5,0,0,0
T03964,2625.82,8,1037.45,3,3,0,1,1
T03965,34.1,4,1123.36,2,5,0,0,0
T03966,4644.63,5,943.18,2,4,0,0,0
T03967,1097.72,18,3112.93,3,5,0,0,0
T03968,123.27,7,440.77,4,9,0,0,0
T03969,2662.76,9,32.78,2,8,0,0,0
T03970,1520.92,10,2267.07,5,8,1,0,0
T03971,10926.03,12,7134.77,1,2,0,0,0
T03972,2357.09,19,2350.23,3,3,0,0,0
T03973,965.74,3,3818.74,2,4,0,0,1
T03974,3707.82,10,2792.89,3,10,0,0,0
T03975,950.27,11,1720.08,2,1,0,0,1
T03976,7037.83,4,3168.1,6,9,0,1,0
T03977,1408.68,9,4344.66,2,2,0,0,0
T03978,2394.65,23,636.37,3,2,0,0,1
T03979,155.69,6,1024.17,4,8,1,0,0
T03980,1666.01,20,633.12,3,10,0,0,0
T03981,5357.87,8,1504.49,5,9,0,0,0
T03982,4914.27,8,5408.46,3,1,0,1,1
T03983,762.04,9,1058.59,5,2,0,0,0
T03984,768.86,9,1172.88,3,10,0,1,0
T03985,5099.82,1,4921.85,2,5,1,0,0
T03986,7994.9,3,1810.95,1,9,0,0,0
T03987,300.66,7,1916.71,1,10,0,0,0
T03988,1793.83,13,4929.63,0,5,0,0,0
T03989,1235.0,16,1685.94,3,7,0,0,0
T03990,6136.59,12,2860.78,2,6,0,0,0
T03991,261.66,20,223.84,2,6,0,0,0
T03992,711.45,23,491.96,1,2,0,0,0
T03993,4188.65,17,1295.37,4,10,0,0,0
T03994,157.97,17,1707.2,4,8,1,1,0
T03995,2034.98,12,8433.98,6,6,0,1,0
T03996,1750.76,7,8821.3,1,4,0,0,0
T03997,1221.2,11,4762.83,3,7,0,0,0
T03998,1505.46,22,948.03,0,9,0,0,0
T03999,2264.69,23,8312.56,1,7,1,1,1
T04000,527.95,20,2922.65,8,6,0,0,0
T04001,2545.87,0,1247.82,3,2,0,1,0
T04002,4910.93,19,3023.93,2,3,0,1,0
T04003,4283.36,17,41.65,2,7,0,1,1
T04004,501.35,2,395.01,2,1,0,0,1
T04005,484.91,11,4425.27,3,1,0,0,0
T04006,936.64,18,2593.14,4,3,1,1,1
T04007,1343.9,12,1132.16,1,5,0,0,0
T04008,1575.06,9,1736.2,5,3,0,0,0
T04009,3415.47,14,5888.44,5,9,0,0,0
T04010,175.05,19,2496.32,4,7,1,0,0
T04011,105.86,1,1269.36,1,2,1,0,0
T04012,1492.3,18,320.51,6,10,0,0,0
T04013,3583.69,2,869.45,1,10,0,0,1
T04014,644.91,13,9580.75,5,3,0,0,0
T04015,3077.52,6,1437.8,3,3,0,0,0
T04016,902.62,7,1595.89,3,9,1,0,1
T04017,6516.94,10,1725.87,6,7,1,0,0
T04018,6781.16,21,5387.66,0,3,0,1,0
T04019,1058.42,19,2315.4,1,1,1,0,0
T04020,784.07,5,2957.79,4,4,0,0,0
T04021,1589.54,10,1233.34,5,5,1,0,0
T04022,825.41,16,73.8,10,9,1,0,0
T04023,3347.74,9,6683.14,3,4,1,0,0
T04024,5247.22,23,7446.09,4,10,0,0,0
T04025,3354.23,16,7447.34,6,2,0,0,0
T04026,5217.79,20,7192.08,2,1,1,0,0
T04027,1517.48,1,4221.77,3,5,0,0,1
T04028,509.94,5,2884.75,7,3,0,0,0
T04029,4017.67,4,4652.93,3,9,0,0,0
T04030,1341.09,3,2294.14,5,3,0,0,0
T04031,3337.56,1,360.74,4,3,0,0,0
T04032,946.78,11,1240.74,5,2,0,0,0
T04033,254.16,2,8876.7,3,3,0,0,0
T04034,14711.45,5,1081.34,3,9,0,0,1
T04035,509.52,23,5059.13,6,7,0,0,0
T04036,13375.68,13,244.62,1,2,1,0,0
T04037,11353.52,7,1016.85,3,3,0,0,1
T04038,4736.99,20,1080.63,1,8,1,0,1
T04039,3231.34,20,132.45,2,10,0,0,0
T04040,2586.88,13,317.01,4,8,1,0,0
T04041,6032.02,2,536.59,2,10,0,0,0
T04042,1025.1,15,4547.55,3,1,0,0,0
T04043,1891.54,14,163.75,2,1,1,0,1
T04044,2897.94,6,887.05,2,8,0,0,0
T04045,1588.96,14,25.57,4,8,1,0,1
T04046,1673.16,12,2973.76,1,2,0,0,0
T04047,1202.71,5,2420.95,2,8,0,0,0
T04048,2491.93,14,2588.97,2,1,0,0,1
T04049,5702.87,16,1172.54,2,5,1,0,0
T04050,675.17,3,583.83,1,10,1,0,1
T04051,8174.05,21,3185.27,2,5,0,0,0
T04052,3504.73,21,4166.58,5,8,0,0,0
T04053,5199.45,13,373.0,4,8,0,0,0
T04054,2437.08,14,1667.87,4,10,0,0,0
T04055,4535.8,11,714.93,3,4,0,0,0
T04056,49.0,18,460.13,3,2,0,0,0
T04057,5117.52,21,3313.71,0,6,1,0,0
T04058,122.9,9,1931.0,2,4,1,0,0
T04059,6619.46,5,608.96,1,2,0,0,0
T04060,14471.0,8,927.66,1,9,0,0,1
T04061,1044.71,1,8502.02,5,9,0,0,1
T04062,708.38,3,4720.89,3,7,0,0,1
T04063,4349.15,8,5299.55,1,2,0,0,0
T04064,875.18,14,1540.52,4,3,0,1,0
T04065,6019.97,12,2444.13,5,9,0,0,0
T04066,325.57,19,1182.09,2,8,0,1,0
T04067,403.87,7,202.24,1,10,0,0,0
T04068,11611.43,18,1281.52,4,2,0,1,1
T04069,3361.09,18,2253.39,5,5,0,0,0
T04070,5629.74,15,846.19,5,2,1,0,1
T04071,1176.15,10,4708.87,2,1,0,0,0
T04072,3385.52,9,409.54,5,9,0,0,0
T04073,2705.99,7,1143.72,4,7,0,0,0
T04074,2772.59,0,333.55,4,4,0,0,0
T04075,3442.14,9,1297.28,3,3,0,0,0
T04076,2569.53,17,101.17,0,3,0,0,0
T04077,1681.43,2,795.52,5,7,1,0,1
T04078,968.57,10,1280.13,2,10,1,0,1
T04079,4390.58,17,1626.01,5,9,0,0,0
T04080,769.61,2,1961.49,5,7,0,0,1
T04081,3536.42,7,803.93,2,2,0,1,1
T04082,797.11,13,1850.81,5,6,0,0,0
T04083,2945.13,5,1778.3,5,8,0,1,0
T04084,4124.03,14,950.14,2,7,0,0,0
T04085,740.44,13,4432.84,6,2,1,0,0
T04086,185.45,6,1972.17,2,7,1,1,0
T04087,421.15,9,1009.68,3,9,0,0,0
T04088,2794.19,14,7359.68,3,3,1,0,0
T04089,5680.31,9,4662.64,6,3,0,0,0
T04090,138.12,21,10126.46,6,5,0,0,0
T04091,3974.48,16,2946.04,2,9,0,0,0
T04092,1252.55,18,1187.93,1,1,0,0,0
T04093,1953.3,16,824.25,4,7,1,0,0
T04094,7929.3,11,2721.54,3,7,0,1,0
T04095,1210.27,14,9884.27,2,4,1,0,0
T04096,1878.36,11,2463.53,4,6,0,0,0
T04097,41.33,8,5334.53,1,1,1,0,0
T04098,255.36,4,997.85,3,10,0,0,0
T04099,897.61,3,1306.21,2,4,0,0,1
T04100,84.74,11,5918.48,2,3,1,0,0
T04101,2993.93,15,3535.36,5,5,0,0,0
T04102,1667.46,8,9962.87,2,8,0,0,0
T04103,2383.18,2,3726.52,1,5,0,0,0
T04104,575.83,20,1487.85,3,1,0,0,0
T04105,1052.64,2,1893.24,0,2,0,0,0
T04106,3270.37,17,5769.38,3,2,0,0,0
T04107,10083.28,16,2005.43,3,9,0,0,0
T04108,155.2,9,737.26,1,10,0,0,0
T04109,6632.32,1,1430.07,1,7,0,0,1
T04110,2580.31,23,1815.81,3,4,0,0,0
T04111,2489.79,10,254.31,6,9,0,0,1
T04112,2081.11,23,3404.13,3,9,0,0,0
T04113,215.76,2,289.52,4,7,0,0,0
T04114,282.53,22,1297.64,4,9,0,0,0
T04115,2755.72,22,4082.05,2,9,0,0,0
T04116,1250.91,1,1575.76,2,7,0,0,0
T04117,7476.45,8,4613.15,2,5,0,0,0
T04118,1565.61,18,1045.93,1,9,0,0,0
T04119,463.94,1,7903.66,3,3,0,0,1
T04120,3762.84,18,587.62,2,4,0,0,1
T04121,1041.67,1,97.54,3,6,0,0,1
T04122,2236.29,14,5147.66,1,7,1,0,0
T04123,3590.32,23,3487.86,3,10,0,1,0
T04124,6915.69,20,659.86,5,8,1,0,0
T04125,4713.41,2,10456.56,2,4,0,0,0
T04126,3384.38,4,1744.29,1,9,0,0,0
T04127,3414.87,10,7543.18,1,3,0,0,1
T04128,8752.13,23,1758.14,6,3,0,0,0
T04129,1052.18,6,1596.05,7,5,0,0,0
T04130,3.34,5,1490.68,0,2,0,0,0
T04131,952.18,13,1019.45,0,1,1,1,1
T04132,737.28,0,1907.32,1,9,0,0,0
T04133,3252.66,16,1506.23,1,8,1,0,0
T04134,3013.0,16,93.6,3,3,0,0,0
T04135,2700.23,13,754.23,4,5,0,0,0
T04136,49.13,9,599.21,3,8,1,0,1
T04137,3914.45,7,5051.72,3,2,0,0,0
T04138,1172.6,7,2283.67,2,7,0,0,0
T04139,3281.38,13,3606.45,5,9,0,0,0
T04140,2439.7,6,7856.29,3,4,0,1,0
T04141,1258.99,5,2582.34,5,2,0,0,0
T04142,433.61,3,10129.65,2,9,0,1,1
T04143,297.54,0,934.06,2,10,0,0,0
T04144,5342.79,14,515.31,1,1,0,0,0
T04145,7517.69,14,1290.89,4,6,1,0,0
T04146,3147.65,0,1590.97,4,8,0,0,1
T04147,327.55,19,5643.11,2,2,0,0,0
T04148,1542.63,2,2052.11,2,10,1,0,1
T04149,3916.24,22,863.92,5,7,1,1,0
T04150,4539.94,4,3393.14,3,7,0,0,1
T04151,377.43,4,1762.2,2,3,0,0,0
T04152,0.09,3,442.24,4,10,1,0,1
T04153,3735.81,16,2149.89,4,4,0,0,0
T04154,1322.95,20,6058.9,0,8,0,0,0
T04155,881.03,19,4622.77,7,6,0,0,0
T04156,38.94,13,2209.62,5,2,0,1,0
T04157,2331.54,7,1183.36,2,6,0,0,0
T04158,5714.46,1,227.49,2,7,0,0,1
T04159,9484.06,7,1585.54,3,8,0,0,0
T04160,2502.37,0,3486.62,5,8,1,1,1
T04161,2167.49,3,1116.79,2,8,0,0,0
T04162,266.68,18,671.16,2,8,0,0,0
T04163,2388.02,4,6697.92,2,6,0,0,1
T04164,1434.01,4,4308.7,4,1,1,0,1
T04165,2802.87,20,2542.18,7,4,0,1,0
T04166,1476.63,19,367.72,3,2,0,1,0
T04167,824.49,23,391.37,4,10,0,0,0
T04168,299.35,18,272.36,6,7,0,0,0
T04169,1134.65,11,2394.71,2,1,0,0,0
T04170,304.92,19,307.01,4,5,0,1,0
T04171,584.02,0,4622.84,0,10,0,0,0
T04172,13107.01,6,12392.14,2,8,0,0,0
T04173,1761.52,16,1140.64,3,4,1,0,0
T04174,2277.04,1,1511.33,3,7,0,0,0
T04175,6205.35,10,3109.1,6,5,0,0,0
T04176,16257.32,6,6917.63,3,1,1,0,0
T04177,2621.95,16,5613.0,5,2,0,0,0
T04178,5021.51,2,148.29,3,5,1,0,0
T04179,1187.77,21,463.03,3,7,0,0,0
T04180,1094.74,5,3512.14,2,7,0,0,0
T04181,1546.03,21,2919.05,2,9,0,1,0
T04182,3348.87,10,357.42,2,3,1,0,1
T04183,3438.92,17,1743.21,2,4,0,0,0
T04184,1136.06,17,3794.59,6,3,1,0,0
T04185,428.88,21,617.25,3,8,0,0,0
T04186,3002.25,9,5125.44,0,9,0,0,0
T04187,412.02,4,136.07,3,8,0,0,0
T04188,2591.75,22,3810.39,5,2,0,0,0
T04189,3546.85,22,2391.6,4,10,0,0,0
T04190,3618.04,20,946.57,3,1,0,0,0
T04191,4200.84,23,3190.75,0,5,0,0,0
T04192,6187.39,21,3812.35,3,2,0,1,0
T04193,2079.2,14,6791.43,4,3,0,0,0
T04194,3930.77,20,1146.27,4,9,1,0,1
T04195,2896.23,19,2896.04,4,3,0,0,0
T04196,619.74,22,2307.13,5,1,1,0,1
T04197,78.08,3,1862.19,3,9,0,0,0
T04198,1004.49,20,5527.67,4,2,1,0,0
T04199,1755.75,20,7.93,2,10,0,0,0
T04200,2879.99,0,828.6,3,6,0,0,0
T04201,5690.55,14,1931.98,1,7,0,0,0
T04202,655.39,16,490.93,3,9,0,0,0
T04203,402.48,18,5961.29,1,8,0,0,0
T04204,9929.68,13,2607.44,3,6,0,0,1
T04205,343.02,18,1624.66,3,4,0,1,0
T04206,1953.09,17,4214.47,1,4,1,0,0
T04207,2642.51,1,1498.62,1,4,0,0,0
T04208,2338.56,5,2044.81,6,10,0,0,0
T04209,269.88,12,6.89,5,2,0,0,1
T04210,176.15,16,1138.09,2,7,0,0,0
T04211,334.42,5,373.54,2,1,0,0,0
T04212,2642.68,20,2925.45,2,5,0,1,0
T04213,2358.06,21,1630.14,3,4,0,0,0
T04214,798.7,4,897.97,4,2,0,1,1
T04215,3046.46,6,1576.99,0,9,1,0,0
T04216,5145.52,0,588.13,4,1,0,0,0
T04217,127.4,12,6478.56,5,4,0,0,0
T04218,2068.24,18,138.71,2,6,0,0,1
T04219,3506.88,21,5013.94,3,4,0,0,0
T04220,872.31,0,1790.32,2,10,0,0,1
T04221,1103.51,12,2412.04,1,10,0,0,0
T04222,2852.94,10,901.01,2,4,0,0,0
T04223,6846.44,6,8505.32,3,2,1,0,0
T04224,4981.0,19,827.7,3,10,0,0,1
T04225,2624.94,2,2222.16,4,9,0,0,0
T04226,3930.46,0,12558.05,4,9,0,0,0
T04227,1361.55,7,5323.56,6,1,0,0,0
T04228,3073.01,16,1921.45,1,1,0,0,0
T04229,1883.1,12,11608.35,5,8,0,1,0
T04230,631.93,13,3021.37,5,9,0,0,0
T04231,3629.35,4,585.2,3,3,0,0,0
T04232,2438.93,23,1300.49,6,3,0,0,0
T04233,1332.41,21,1018.02,7,2,0,0,0
T04234,7268.81,22,1054.04,4,9,1,1,1
T04235,63.47,23,3572.55,3,2,0,0,0
T04236,1138.4,5,2194.26,5,7,0,0,0
T04237,175.69,21,97.09,3,2,0,0,0
T04238,4364.07,5,5248.06,6,10,1,0,1
T04239,3633.07,20,880.27,1,10,0,0,0
T04240,1207.49,7,14586.05,1,6,0,0,0
T04241,3377.92,12,7708.17,2,3,0,0,0
T04242,1512.23,17,7055.74,3,1,0,0,0
T04243,4234.88,22,4166.71,4,6,1,0,0
T04244,1816.42,3,623.12,3,2,0,0,0
T04245,1594.51,16,1901.6,4,7,0,0,0
T04246,8187.66,4,634.98,2,9,0,1,0
T04247,866.56,2,751.67,0,1,1,0,0
T04248,385.03,3,2360.13,2,4,0,1,0
T04249,2635.13,22,104.23,3,5,0,1,0
T04250,10452.61,4,8721.68,2,9,0,1,1
T04251,1423.67,13,6273.2,3,3,0,1,0
T04252,192.13,14,1198.19,3,6,0,0,0
T04253,1243.39,19,1811.19,4,5,1,0,0
T04254,2115.24,16,1568.96,0,5,1,0,0
T04255,529.94,5,5346.91,3,2,0,0,0
T04256,3219.73,9,2916.71,4,10,1,0,0
T04257,18289.66,21,814.71,3,5,0,0,1
T04258,1803.01,22,1480.28,4,3,0,0,0
T04259,1314.25,15,1400.77,4,2,0,0,0
T04260,1536.0,16,8005.98,1,6,1,0,0
T04261,367.0,13,481.87,2,1,0,0,1
T04262,6443.77,19,234.61,2,6,0,0,0
T04263,1607.54,11,5313.58,2,8,0,0,0
T04264,1469.51,8,5674.96,4,3,0,0,0
T04265,3233.7,14,5134.22,1,10,1,0,0
T04266,1750.37,11,1788.36,4,7,1,0,0
T04267,3134.36,13,2695.15,0,3,1,0,0
T04268,190.25,21,2071.63,5,6,0,0,0
T04269,5041.57,17,179.94,4,7,0,0,0
T04270,8465.54,19,2264.83,3,3,1,0,0
T04271,3138.9,5,34.27,0,5,1,0,0
T04272,9274.48,3,982.56,2,3,0,0,1
T04273,492.62,22,6731.4,0,4,0,0,0
T04274,1946.91,11,906.18,2,5,1,0,0
T04275,2762.45,12,7026.31,4,7,0,0,0
T04276,2614.93,18,719.65,2,4,0,0,0
T04277,1539.79,21,944.24,3,4,0,1,0
T04278,1237.85,12,2474.89,1,2,1,0,0
T04279,406.85,11,3584.8,2,5,1,0,1
T04280,1491.47,19,1739.82,2,3,0,0,0
T04281,532.58,2,5345.13,2,4,0,0,0
T04282,3976.9,2,102.68,1,8,1,0,0
T04283,702.73,13,6383.87,2,4,0,0,0
T04284,181.05,17,546.35,4,6,0,0,0
T04285,2411.34,18,5390.56,4,3,0,0,0
T04286,2713.31,9,1280.66,4,1,1,0,0
T04287,6165.14,16,4470.77,5,4,0,0,0
T04288,2581.02,14,2784.31,2,6,0,0,0
T04289,1271.56,18,483.78,1,9,0,0,0
T04290,4873.84,8,6254.04,4,5,0,0,0
T04291,2331.41,3,704.31,2,7,0,0,1
T04292,247.8,14,699.75,3,1,0,1,1
T04293,2503.1,18,4207.43,0,8,0,0,0
T04294,7158.5,15,279.77,2,4,0,0,1
T04295,1514.1,7,627.69,3,8,0,0,0
T04296,1054.32,16,1751.32,1,9,0,0,0
T04297,464.6,20,4436.92,0,3,0,0,0
T04298,492.66,0,398.91,3,4,1,0,1
T04299,1700.98,6,1983.35,6,6,1,0,0
T04300,2716.64,20,3105.4,3,3,1,0,0
T04301,252.15,17,4925.93,5,9,0,0,0
T04302,8418.74,11,6855.27,4,3,0,0,0
T04303,4221.13,15,3838.61,2,7,0,1,0
T04304,2650.19,0,2644.84,5,7,0,0,0
T04305,5288.44,14,1421.23,1,5,0,0,0
T04306,250.75,6,297.27,1,6,0,0,0
T04307,1943.6,16,3092.42,5,1,0,0,0
T04308,2983.51,2,12312.51,3,3,0,0,0
T04309,5292.19,10,3336.73,2,3,0,0,0
T04310,4590.07,5,42.13,1,2,0,1,0
T04311,973.33,5,1714.24,5,1,1,0,0
T04312,8484.57,14,2383.99,4,9,0,0,0
T04313,398.35,6,2925.33,3,4,1,1,1
T04314,6241.53,10,3179.97,0,8,0,0,0
T04315,10615.2,16,2041.73,1,7,0,0,1
T04316,584.96,22,631.95,2,6,0,0,0
T04317,3841.12,17,7126.94,9,1,0,0,1
T04318,123.36,21,2982.31,1,3,0,0,0
T04319,1559.71,23,675.72,2,5,1,1,1
T04320,2178.77,20,972.71,3,1,1,0,1
T04321,2607.11,18,6375.3,4,1,0,1,1
T04322,8243.68,7,5461.68,1,10,0,0,0
T04323,3346.52,23,1298.6,2,9,0,0,0
T04324,1969.16,19,97.65,3,1,0,1,1
T04325,4977.07,7,124.28,3,4,0,0,1
T04326,9019.34,20,834.9,6,8,1,1,1
T04327,66.94,10,2479.71,5,9,1,0,0
T04328,12140.31,20,2193.85,3,6,0,0,1
T04329,270.21,2,2511.63,1,8,1,1,1
T04330,5052.27,22,3158.27,2,6,0,0,0
T04331,986.91,13,48.04,2,8,0,0,0
T04332,425.31,8,277.57,2,7,0,0,0
T04333,1738.68,0,1113.7,2,9,0,0,0
T04334,3098.11,0,420.63,6,9,0,0,1
T04335,1438.72,11,195.77,4,2,0,0,0
T04336,168.33,10,2560.83,3,5,1,0,0
T04337,2744.83,20,4223.05,2,2,0,1,0
T04338,6980.73,0,3492.14,1,6,0,0,0
T04339,1449.71,19,4246.22,1,4,0,0,0
T04340,731.31,11,2740.46,4,8,1,0,0
T04341,1753.29,16,3323.32,5,10,1,1,0
T04342,148.71,14,792.88,4,4,0,0,0
T04343,5152.53,1,12407.48,1,6,0,0,0
T04344,5251.98,17,505.8,4,1,0,1,1
T04345,2660.2,15,603.57,2,4,0,0,0
T04346,1306.7,3,852.43,4,4,1,1,1
T04347,4825.07,7,9255.66,1,6,1,0,0
T04348,2426.93,1,11117.98,2,8,0,0,1
T04349,5244.93,13,3960.57,4,4,0,0,0
T04350,2994.61,14,2479.27,1,4,0,0,0
T04351,4603.07,8,1835.25,3,3,0,0,0
T04352,2738.11,1,8818.67,3,8,0,0,0
T04353,1604.03,16,2973.72,7,6,1,0,1
T04354,9506.39,9,7238.82,4,4,0,0,0
T04355,2336.86,8,951.51,3,5,0,1,0
T04356,2787.29,1,1015.32,1,2,0,1,0
T04357,747.26,23,4822.81,3,9,0,0,0
T04358,2947.7,18,405.87,2,8,0,0,0
T04359,2543.15,16,7293.59,3,2,0,0,0
T04360,613.11,10,1770.52,3,8,1,0,0
T04361,184.31,16,6523.25,2,6,0,0,0
T04362,2781.75,9,1026.67,5,1,0,0,0
T04363,4327.86,17,3146.59,3,10,0,0,0
T04364,2223.24,22,1648.68,0,4,0,0,0
T04365,771.55,5,2464.13,2,5,1,0,1
T04366,3294.53,15,1754.83,2,2,1,0,0
T04367,250.49,17,8536.89,1,10,0,0,0
T04368,1749.3,19,2944.99,3,5,0,0,0
T04369,535.11,17,723.61,7,1,0,0,0
T04370,611.71,0,6010.91,1,2,1,0,0
T04371,678.05,2,870.46,6,1,0,0,1
T04372,1466.74,14,1161.47,6,2,0,0,0
T04373,157.51,19,269.31,3,2,0,1,0
T04374,1521.46,9,5755.63,2,7,1,0,0
T04375,2150.52,20,842.57,1,7,0,0,0
T04376,1980.85,4,749.11,5,7,0,0,0
T04377,1447.61,14,6322.54,3,2,1,0,1
T04378,5481.79,22,4093.65,1,3,0,0,0
T04379,471.11,13,380.2,3,2,0,0,0
T04380,2113.82,14,3666.86,3,5,0,0,0
T04381,192.15,9,6105.57,6,3,0,0,0
T04382,221.44,23,204.41,3,10,0,0,0
T04383,2559.0,8,4360.5,3,6,0,0,0
T04384,2504.26,11,1981.98,1,6,0,0,0
T04385,6312.03,6,2765.58,1,5,0,0,0
T04386,2448.48,4,1697.39,2,2,0,0,0
T04387,9640.99,23,2991.69,6,8,1,0,0
T04388,149.76,9,86.73,5,6,0,0,0
T04389,309.45,7,3596.15,1,2,0,0,0
T04390,135.2,21,84.78,2,1,1,0,0
T04391,614.72,19,1518.8,2,6,0,0,0
T04392,2337.88,15,409.14,2,2,1,1,0
T04393,3111.75,11,4337.14,3,4,0,0,0
T04394,139.97,8,940.96,2,4,1,0,1
T04395,8754.7,9,1513.27,1,9,0,0,0
T04396,5538.62,15,1399.82,5,10,0,0,1
T04397,1055.54,9,3701.53,2,10,0,0,0
T04398,240.99,8,1640.32,3,7,1,0,0
T04399,558.58,2,3889.25,0,9,0,0,0
T04400,407.27,18,190.88,3,6,0,0,0
T04401,394.72,10,531.73,5,1,0,0,0
T04402,2192.93,5,2004.81,2,10,0,0,0
T04403,846.48,5,7347.83,5,8,0,0,0
T04404,1330.15,14,194.25,7,4,0,0,0
T04405,13670.66,14,110.1,2,10,0,1,0
T04406,3459.02,12,425.64,6,8,0,0,1
T04407,8926.65,21,2562.15,4,3,0,0,1
T04408,461.4,4,1272.87,4,6,0,1,1
T04409,1444.48,13,4365.33,1,4,0,0,0
T04410,2427.24,20,186.63,4,10,0,0,1
T04411,239.59,1,546.68,2,4,0,0,1
T04412,12.59,22,891.78,8,2,0,0,0
T04413,3329.94,11,2463.63,3,4,1,0,0
T04414,3080.15,19,2889.33,5,1,0,0,1
T04415,1586.91,13,331.55,1,1,0,0,0
T04416,2017.94,18,7197.31,5,5,0,0,0
T04417,1610.7,23,1042.75,3,1,1,0,1
T04418,72.89,19,3122.15,6,3,0,0,0
T04419,1225.58,14,1856.93,2,3,0,0,0
T04420,584.7,19,630.01,2,10,0,0,0
T04421,310.83,23,4680.72,5,4,1,1,1
T04422,9420.22,16,4262.64,4,1,0,0,0
T04423,2744.07,13,1260.75,2,7,0,0,0
T04424,3913.11,22,2220.52,2,4,0,0,0
T04425,1136.6,17,745.43,0,7,0,0,0
T04426,1498.41,21,2926.76,2,5,0,0,0
T04427,811.19,23,924.14,3,1,0,0,0
T04428,305.98,4,4646.01,3,4,1,1,1
T04429,591.81,21,612.79,3,5,0,0,0
T04430,4791.25,11,37.29,1,4,0,0,0
T04431,3395.38,9,781.67,3,7,0,0,0
T04432,2375.12,7,530.05,4,1,0,0,0
T04433,1933.58,5,1774.65,2,9,0,0,0
T04434,7669.89,14,569.46,4,6,0,0,1
T04435,226.55,11,3601.24,3,8,1,0,0
T04436,988.02,5,690.6,6,8,1,0,0
T04437,1292.06,11,3068.69,3,9,0,0,0
T04438,4575.65,14,2159.67,4,5,1,0,0
T04439,14684.41,11,10716.77,3,8,1,0,0
T04440,825.96,8,23050.4,1,8,1,0,0
T04441,6221.75,18,5091.45,2,6,1,0,1
T04442,5326.88,20,3567.62,2,10,0,0,0
T04443,763.35,1,1221.26,3,8,0,0,1
T04444,1529.14,12,3498.72,5,5,0,0,0
T04445,1581.24,12,7847.59,2,10,0,0,0
T04446,11480.38,7,59.14,4,8,0,0,0
T04447,598.62,12,1930.01,4,10,1,0,0
T04448,4815.71,3,614.75,3,3,1,0,0
T04449,1220.27,5,2040.41,3,4,0,0,0
T04450,3937.69,5,1570.49,6,3,0,1,0
T04451,1634.24,20,2143.69,4,5,1,0,0
T04452,2590.81,11,2001.62,2,5,0,0,0
T04453,5362.32,11,8053.89,3,5,0,0,0
T04454,4891.46,16,2008.44,0,2,0,1,0
T04455,6039.24,6,4680.78,4,9,0,0,0
T04456,184.41,14,963.5,4,7,0,1,0
T04457,3533.46,23,1441.08,1,8,0,0,0
T04458,452.42,16,1589.15,1,2,1,0,1
T04459,1612.63,9,816.85,6,10,0,0,0
T04460,2386.13,22,1194.24,2,10,1,0,0
T04461,1546.21,19,2281.45,1,7,1,0,0
T04462,2199.48,5,2169.87,2,3,0,0,0
T04463,16987.61,8,2529.5,3,5,0,0,0
T04464,435.83,14,1083.96,1,7,0,0,0
T04465,3376.0,15,948.88,3,9,0,0,0
T04466,1512.55,20,2364.41,3,10,0,0,0
T04467,428.18,7,356.39,2,1,0,0,0
T04468,518.55,15,729.33,2,6,0,1,0
T04469,8943.9,4,107.6,3,6,0,0,1
T04470,6350.84,17,188.46,6,2,0,0,0
T04471,7126.82,19,697.25,3,10,0,1,1
T04472,14314.66,13,49.31,4,9,0,0,0
T04473,700.78,1,703.95,3,5,0,0,1
T04474,1317.56,22,2660.36,0,9,0,0,0
T04475,3318.9,22,157.63,2,4,1,0,1
T04476,1983.8,2,1435.02,4,5,1,1,1
T04477,1625.86,13,6107.75,1,5,0,0,0
T04478,1328.62,6,3916.96,4,5,0,0,0
T04479,2702.59,14,911.18,2,9,0,0,0
T04480,2571.19,16,6469.19,4,1,0,0,0
T04481,528.27,0,999.88,2,8,0,0,1
T04482,1914.5,8,188.2,5,7,1,0,0
T04483,2418.76,21,12813.41,2,1,0,0,0
T04484,2533.91,13,5100.99,5,2,0,0,0
T04485,707.57,15,1568.08,5,1,0,0,0
T04486,4067.54,20,2744.36,1,4,0,1,0
T04487,76.57,12,2780.98,2,10,0,0,0
T04488,1314.73,5,540.68,2,9,0,0,0
T04489,4545.28,21,558.01,2,1,0,1,0
T04490,2489.6,0,1585.22,5,3,0,0,0
T04491,908.03,20,6063.95,2,7,1,0,0
T04492,3561.87,3,25.11,3,4,0,0,0
T04493,2513.76,2,3813.96,4,6,0,0,0
T04494,4772.49,16,148.12,4,7,0,0,0
T04495,3984.36,1,1626.28,3,6,0,0,0
T04496,2825.66,18,2539.4,2,8,1,0,1
T04497,2009.33,19,2901.96,6,2,0,0,0
T04498,428.78,22,150.65,2,1,1,0,1
T04499,908.72,21,1355.81,2,7,0,0,0
T04500,1629.53,7,2191.7,2,3,0,0,0
T04501,2743.62,14,170.82,1,4,0,0,0
T04502,2162.84,5,362.84,1,7,0,0,0
T04503,1019.81,22,2724.0,4,2,1,0,0
T04504,19.46,19,1843.47,1,7,0,0,0
T04505,2056.96,1,441.33,1,4,0,0,0
T04506,1009.05,14,1915.58,2,9,0,0,0
T04507,3979.65,19,6095.79,4,1,0,0,0
T04508,72.71,11,39.28,5,3,0,0,0
T04509,2637.19,2,2572.49,4,8,1,0,0
T04510,8514.86,9,191.26,0,7,0,0,0
T04511,574.97,13,16.18,2,2,1,0,1
T04512,1913.99,21,408.22,3,5,1,0,0
T04513,287.62,13,1374.38,3,7,0,0,0
T04514,2947.95,2,4053.07,4,5,1,1,1
T04515,2399.07,0,827.47,1,10,0,0,0
T04516,1569.53,19,2456.57,4,1,0,0,0
T04517,2210.53,0,1323.99,2,5,0,1,0
T04518,6806.72,1,667.52,3,10,0,0,1
T04519,655.57,18,1805.14,3,3,0,0,0
T04520,68.47,23,3992.1,2,1,1,0,1
T04521,5934.23,9,4466.82,3,10,0,0,0
T04522,2581.98,3,4685.45,3,4,1,0,0
T04523,6639.84,3,1033.33,5,7,1,0,1
T04524,2726.05,12,3943.11,1,7,0,0,0
T04525,4984.74,8,596.21,4,2,0,0,0
T04526,1684.64,6,3352.59,3,2,0,0,0
T04527,4157.2,15,7409.83,6,1,0,0,0
T04528,7326.97,17,34.6,2,2,0,0,0
T04529,2546.76,2,1451.17,3,9,0,0,1
T04530,598.23,19,2608.68,2,9,1,0,0
T04531,939.19,19,3024.77,3,7,0,0,0
T04532,664.35,9,484.23,5,3,0,0,0
T04533,850.5,23,8955.29,2,8,0,0,0
T04534,1097.65,21,2388.0,4,4,0,1,0
T04535,2429.95,15,448.84,2,5,0,1,0
T04536,2660.13,2,51.84,0,10,1,0,1
T04537,1667.99,10,3822.69,2,5,1,0,0
T04538,2866.82,9,207.65,5,2,1,0,0
T04539,255.28,15,380.11,1,9,0,0,0
T04540,275.65,7,2138.17,1,6,1,0,0
T04541,565.61,8,2312.73,5,6,0,0,1
T04542,2189.92,14,2902.98,6,1,0,0,0
T04543,722.38,20,1250.18,3,2,0,0,0
T04544,999.23,2,3716.93,4,4,0,0,0
T04545,1534.04,3,9158.87,4,8,0,0,1
T04546,5011.8,12,790.53,3,8,0,1,0
T04547,41.88,11,3035.3,2,9,0,1,0
T04548,3144.15,20,6594.05,4,1,0,0,0
T04549,3315.79,8,2898.19,4,8,0,0,0
T04550,4808.22,13,2857.27,4,4,0,1,0
T04551,8098.15,18,633.27,4,5,0,0,0
T04552,61.03,6,1914.99,1,10,0,0,0
T04553,500.94,15,2066.83,2,5,0,0,0
T04554,6519.18,21,3011.01,3,7,0,1,0
T04555,1840.34,19,14378.33,13,3,0,0,0
T04556,2494.41,4,85.56,4,5,0,0,1
T04557,3263.26,9,168.64,1,7,0,0,0
T04558,3409.57,17,202.89,0,6,0,0,0
T04559,8053.31,10,3396.5,2,2,0,0,0
T04560,17377.27,6,366.48,5,8,1,0,1
T04561,3820.58,13,2435.14,3,9,0,0,0
T04562,1015.75,19,981.38,3,9,0,0,0
T04563,6354.61,17,1528.09,2,9,0,0,0
T04564,151.42,10,607.29,4,2,0,0,0
T04565,788.31,21,5026.78,3,10,0,0,0
T04566,6830.33,11,2205.63,4,3,1,0,0
T04567,887.92,17,7231.28,1,4,0,0,0
T04568,747.89,1,2136.79,4,2,0,0,0
T04569,445.94,22,330.71,2,6,0,0,0
T04570,5879.36,0,468.45,3,7,0,0,0
T04571,2079.79,22,11291.52,4,9,0,0,0
T04572,3370.8,9,3232.6,2,1,0,1,1
T04573,819.63,20,126.34,1,7,0,0,0
T04574,4256.95,0,3041.64,4,5,0,0,1
T04575,4281.42,5,1328.31,3,3,0,0,0
T04576,1124.51,6,917.57,1,5,0,0,0
T04577,1586.37,16,418.27,4,6,0,0,0
T04578,705.99,8,4579.95,2,4,0,1,0
T04579,11260.06,6,164.93,4,10,0,0,0
T04580,3112.01,16,855.65,1,9,0,0,0
T04581,8179.13,2,914.59,6,1,0,0,1
T04582,1084.57,15,438.58,6,10,1,0,0
T04583,4568.28,4,1774.13,2,6,0,0,0
T04584,4355.49,19,29.43,2,10,0,0,0
T04585,3529.61,17,895.17,1,2,0,0,0
T04586,10112.5,0,6781.25,3,7,0,0,1
T04587,1500.43,3,929.58,6,9,1,0,0
T04588,420.26,22,1117.51,1,6,0,0,0
T04589,3341.56,10,1602.17,3,10,0,0,0
T04590,3920.34,19,2062.09,0,9,0,0,0
T04591,2567.43,8,4134.89,3,8,0,0,0
T04592,695.11,7,527.79,1,5,0,0,0
T04593,2106.3,7,5134.36,3,8,0,0,0
T04594,1122.73,4,3542.39,2,5,0,1,0
T04595,1673.05,11,3206.19,6,8,0,0,0
T04596,3108.76,0,227.01,3,7,1,0,1
T04597,4102.0,14,54.7,3,5,0,0,1
T04598,792.77,17,2253.58,4,8,0,0,0
T04599,1559.22,5,4971.88,3,6,0,0,0
T04600,940.69,9,2195.33,3,7,0,0,0
T04601,664.3,13,599.56,1,5,0,1,1
T04602,4588.93,20,237.21,5,8,0,0,0
T04603,7199.03,7,3006.57,3,8,1,0,0
T04604,1387.21,2,3198.27,5,1,0,1,0
T04605,4174.27,21,473.46,5,8,1,1,1
T04606,6818.94,21,71.49,2,10,1,0,1
T04607,5614.83,18,1311.82,2,8,0,0,0
T04608,605.66,11,2184.99,2,7,0,0,0
T04609,9390.66,11,3060.46,4,6,0,0,0
T04610,1418.07,14,4151.1,3,10,1,0,1
T04611,1243.1,6,2357.47,2,3,0,0,0
T04612,193.4,3,293.81,5,7,1,0,0
T04613,1997.61,20,2868.84,2,4,0,1,0
T04614,346.28,8,10365.67,4,8,0,0,0
T04615,857.21,21,5900.13,6,5,0,0,0
T04616,1143.53,15,5132.85,3,3,1,0,0
T04617,4963.72,12,899.45,4,6,0,0,0
T04618,6250.08,3,3473.63,2,6,1,1,1
T04619,1080.61,23,4761.26,4,6,0,0,0
T04620,5870.57,8,2835.54,1,8,1,0,0
T04621,5839.58,20,721.08,1,1,0,0,1
T04622,4340.06,17,7688.78,2,10,0,0,0
T04623,475.92,14,1498.32,5,1,0,0,0
T04624,3516.67,14,347.6,1,10,0,0,0
T04625,8702.58,5,290.71,3,7,0,0,0
T04626,3442.21,10,2606.9,2,3,0,0,0
T04627,1208.68,7,1439.34,5,8,0,0,0
T04628,2082.92,20,248.13,4,3,0,0,0
T04629,3113.05,16,3371.19,3,6,0,0,0
T04630,2143.54,23,4015.17,6,1,0,0,1
T04631,383.34,16,3231.24,3,2,1,0,0
T04632,1122.18,23,564.93,4,7,1,0,1
T04633,4864.47,17,2926.15,3,6,1,0,0
T04634,5928.88,3,26.95,3,1,0,0,1
T04635,443.06,14,910.01,1,10,0,0,0
T04636,9133.93,1,1272.16,2,7,0,0,1
T04637,1196.17,1,4508.27,5,4,0,0,1
T04638,3256.91,9,1237.36,2,1,0,1,0
T04639,4180.87,2,28.33,5,9,0,0,0
T04640,5013.08,7,1086.0,6,3,0,0,0
T04641,8742.44,19,1727.49,3,9,1,0,1
T04642,1125.91,6,7440.06,2,7,0,0,0
T04643,5866.5,11,7077.0,2,8,1,1,1
T04644,423.61,18,498.79,3,7,0,0,0
T04645,3662.76,14,511.87,4,10,0,0,0
T04646,4064.13,13,445.97,1,9,0,0,1
T04647,3397.03,15,3888.82,4,3,0,0,0
T04648,872.32,13,15.1,2,8,0,1,1
T04649,6191.72,2,340.06,3,2,0,0,0
T04650,554.87,17,1930.26,0,4,1,0,0
T04651,165.38,21,711.09,3,10,1,0,0
T04652,3791.86,5,242.26,5,4,0,0,0
T04653,1935.79,16,1115.24,2,6,0,0,0
T04654,5673.37,22,801.23,6,3,0,0,0
T04655,1450.59,13,1789.02,3,1,1,0,0
T04656,552.77,13,9686.05,0,10,0,0,1
T04657,5431.77,19,331.84,2,8,1,1,1
T04658,2388.26,12,1165.93,1,9,0,0,0
T04659,629.19,2,6720.07,8,7,1,0,1
T04660,3823.01,12,5236.35,4,9,0,0,0
T04661,2146.88,23,1253.31,3,6,0,0,0
T04662,2781.4,1,3001.22,4,3,0,0,0
T04663,1853.55,8,229.9,3,9,0,0,0
T04664,5293.17,12,3116.69,4,1,1,0,0
T04665,5308.16,7,9016.66,5,1,0,0,0
T04666,3707.31,15,1927.71,5,2,1,0,0
T04667,334.14,23,1725.33,2,4,0,0,0
T04668,5476.33,2,518.54,2,3,1,0,0
T04669,3335.21,12,2511.36,4,1,0,0,0
T04670,3582.31,3,2231.66,4,7,0,0,0
T04671,1352.88,17,2638.4,6,4,0,0,0
T04672,6342.83,1,66.07,5,1,1,0,1
T04673,3877.01,19,1989.19,2,6,0,1,1
T04674,358.35,21,2259.27,5,6,0,0,0
T04675,1571.62,20,581.5,2,1,0,1,1
T04676,6524.7,14,584.04,5,7,1,1,1
T04677,145.04,16,808.16,6,8,1,0,0
T04678,9764.8,9,3109.57,4,5,0,0,0
T04679,3410.46,0,2330.2,3,10,0,0,1
T04680,2993.93,5,4673.16,4,7,0,0,0
T04681,946.43,2,876.23,2,8,1,0,0
T04682,858.22,18,6077.98,4,7,0,0,0
T04683,8544.95,6,3403.58,2,3,1,0,0
T04684,1062.63,12,1256.37,2,10,0,0,0
T04685,4481.71,12,250.27,5,10,1,0,0
T04686,1498.28,16,742.59,2,2,1,0,0
T04687,449.87,0,7852.95,5,9,0,0,0
T04688,32.32,13,928.98,4,5,0,0,0
T04689,2357.48,2,1000.82,1,9,0,0,0
T04690,11161.58,13,525.53,2,4,0,0,1
T04691,1382.0,23,4110.73,9,1,0,0,1
T04692,1325.73,0,806.18,4,8,1,0,1
T04693,1265.2,15,1002.16,5,5,0,0,0
T04694,2205.31,9,1337.57,3,4,0,0,0
T04695,1743.02,12,1421.7,3,9,0,0,0
T04696,6358.66,3,1324.77,4,9,0,0,0
T04697,2112.75,8,1751.66,3,2,0,0,0
T04698,2126.35,13,4211.92,2,1,0,0,0
T04699,446.79,3,4277.09,4,8,0,1,0
T04700,12178.01,9,4002.6,2,9,1,0,1
T04701,862.94,7,266.53,8,4,0,0,0
T04702,228.58,22,4019.58,1,1,0,0,0
T04703,3264.32,2,320.3,4,7,0,0,0
T04704,2714.32,22,333.04,5,5,0,0,0
T04705,1609.18,6,7384.69,1,5,1,0,0
T04706,1645.54,9,4278.65,1,5,0,0,0
T04707,4612.24,2,2009.7,3,10,0,0,0
T04708,653.4,1,5198.01,2,9,0,1,0
T04709,5148.62,14,11358.93,4,7,0,0,0
T04710,3138.75,8,2358.14,4,2,0,0,0
T04711,1628.86,14,2372.67,0,10,0,0,0
T04712,1837.63,16,3510.4,2,9,0,1,0
T04713,889.75,6,660.37,5,4,0,0,0
T04714,4184.36,19,457.18,4,5,0,0,0
T04715,2157.7,17,3563.43,2,2,1,0,0
T04716,1160.76,14,1057.44,2,3,0,0,0
T04717,2719.39,17,362.77,3,5,0,0,0
T04718,16371.55,23,945.39,2,1,1,0,1
T04719,1714.18,22,1110.4,3,1,0,0,0
T04720,7603.23,11,8397.33,3,1,0,0,1
T04721,1269.44,22,2992.99,2,7,0,0,0
T04722,168.86,20,1892.12,4,10,1,0,0
T04723,685.38,7,8674.21,0,4,1,0,0
T04724,1627.44,1,5836.21,3,4,0,0,0
T04725,743.98,1,1793.6,2,3,1,0,0
T04726,0.68,4,5902.65,1,2,0,0,0
T04727,7395.37,0,1295.06,6,4,0,0,0
T04728,5571.38,21,654.78,3,2,0,0,1
T04729,4067.79,3,662.12,2,7,0,0,1
T04730,551.1,5,2714.11,2,10,0,0,0
T04731,384.74,22,1738.23,1,6,0,1,0
T04732,210.0,12,2689.32,2,6,0,0,0
T04733,3862.38,18,2896.51,3,2,1,0,0
T04734,7927.12,10,56.44,3,5,0,0,0
T04735,1689.18,12,138.89,4,10,0,1,0
T04736,380.57,7,1901.84,2,8,0,0,0
T04737,2154.74,6,530.0,1,2,1,0,0
T04738,1286.96,12,2502.81,0,8,0,1,0
T04739,1409.17,0,2008.44,4,9,0,0,0
T04740,2913.28,5,2203.28,3,3,0,1,0
T04741,3805.19,6,900.47,2,4,0,0,0
T04742,351.64,15,2553.04,1,8,0,1,0
T04743,108.72,14,4422.44,2,2,0,0,0
T04744,15517.86,19,15627.21,4,2,0,0,1
T04745,794.74,1,4557.26,1,1,0,0,1
T04746,166.0,22,2038.28,6,2,0,0,0
T04747,631.7,15,537.41,2,9,0,0,0
T04748,119.21,16,2859.91,6,5,0,0,0
T04749,1491.81,23,6937.63,5,4,0,0,0
T04750,4864.56,14,595.22,6,2,1,0,0
T04751,1252.21,2,739.27,2,2,0,0,0
T04752,1761.95,3,403.38,5,6,0,0,1
T04753,3377.21,11,3336.36,4,7,0,0,0
T04754,2133.29,4,1304.55,3,4,1,0,0
T04755,5929.48,16,161.87,1,7,0,0,0
T04756,6030.55,5,5197.6,1,1,0,0,0
T04757,29.88,9,2039.26,2,8,1,0,0
T04758,4515.86,21,1005.28,2,3,0,0,0
T04759,1852.64,17,1053.92,3,7,0,0,0
T04760,13486.4,9,857.11,4,7,0,1,0
T04761,1980.48,5,1519.63,2,3,0,1,0
T04762,13004.5,23,1027.61,1,5,0,0,0
T04763,4214.22,5,1984.89,3,2,0,0,0
T04764,857.47,19,3712.72,1,9,0,0,0
T04765,2319.14,14,2805.68,5,5,0,0,0
T04766,14536.24,3,871.97,2,4,0,0,1
T04767,5845.88,15,1880.87,2,10,0,1,1
T04768,307.32,21,4583.43,2,3,0,0,0
T04769,3676.32,23,176.61,1,1,0,0,0
T04770,1272.02,7,203.83,4,7,0,0,0
T04771,21.02,6,2030.78,3,3,0,0,0
T04772,1549.93,18,2547.99,4,10,0,0,0
T04773,802.68,16,593.78,7,1,0,0,0
T04774,5125.61,20,3418.39,2,10,0,0,0
T04775,1234.44,12,2598.01,6,10,0,0,0
T04776,5272.49,14,6419.28,3,8,1,1,0
T04777,1.79,1,462.68,2,8,0,0,0
T04778,1103.72,9,3479.52,1,3,0,1,0
T04779,827.91,12,218.37,5,10,0,0,0
T04780,798.03,17,2082.7,2,3,0,0,0
T04781,211.87,22,2006.82,4,2,1,0,1
T04782,621.53,10,1229.13,4,8,0,0,0
T04783,2432.75,12,4653.92,4,9,0,0,0
T04784,1033.23,18,10.95,2,4,0,0,1
T04785,1620.74,23,1835.86,1,4,1,0,0
T04786,1418.99,23,612.05,4,5,0,1,1
T04787,6260.12,21,3401.55,2,3,1,0,0
T04788,7071.09,4,110.06,7,5,0,0,1
T04789,2037.48,2,4452.86,4,4,0,0,0
T04790,1202.13,18,4551.82,3,8,0,0,0
T04791,338.84,22,4472.4,6,5,0,0,0
T04792,9198.65,12,413.86,4,7,0,0,1
T04793,186.35,4,2488.38,3,4,0,1,0
T04794,1059.97,11,36.18,5,2,1,0,1
T04795,1061.75,13,4709.07,2,8,0,0,0
T04796,1158.76,5,3209.12,5,4,0,0,0
T04797,538.41,21,1893.7,2,9,0,0,0
T04798,4585.81,8,3278.82,2,6,0,0,0
T04799,392.03,16,247.68,1,8,0,0,0
T04800,3022.81,7,1880.42,4,9,0,0,0
T04801,396.64,12,860.72,4,9,0,0,0
T04802,219.44,4,8994.81,3,9,0,0,0
T04803,7204.88,21,4864.34,2,7,0,0,0
T04804,632.64,21,3303.85,4,3,0,0,0
T04805,5165.3,16,6785.71,2,8,0,0,0
T04806,2359.94,2,1064.85,2,7,0,0,0
T04807,243.16,5,5778.56,1,9,1,0,0
T04808,9333.31,13,983.49,1,5,0,0,0
T04809,850.92,14,3299.36,0,4,0,0,0
T04810,5890.75,13,3333.47,2,2,0,0,0
T04811,554.69,10,46.3,5,7,0,0,0
T04812,5771.27,10,1119.86,4,6,1,1,1
T04813,39.95,8,49.06,1,6,1,0,0
T04814,2150.97,5,14600.74,1,10,0,1,0
T04815,4401.77,14,325.83,4,8,0,0,0
T04816,8190.68,11,1956.65,3,1,0,0,1
T04817,7197.36,5,3908.25,5,1,0,0,0
T04818,5138.15,0,561.81,3,4,0,0,1
T04819,6572.9,15,1659.23,4,8,0,0,0
T04820,666.51,19,2337.59,3,5,0,1,0
T04821,1003.0,14,436.49,1,9,0,0,0
T04822,1023.12,1,3768.96,2,3,0,0,1
T04823,1419.89,16,889.32,2,6,0,0,0
T04824,1499.26,2,592.55,5,6,0,0,0
T04825,2359.44,2,2042.75,4,4,1,0,0
T04826,522.63,4,1320.41,1,2,1,0,1
T04827,3525.64,16,6323.27,4,6,0,0,0
T04828,550.21,22,5301.97,2,10,0,0,0
T04829,1114.53,16,1650.98,10,3,1,0,0
T04830,2099.58,19,1112.84,2,8,0,0,0
T04831,4775.39,5,984.53,2,2,0,0,0
T04832,4035.1,0,778.45,0,3,0,0,1
T04833,3111.43,6,1966.16,2,9,0,0,0
T04834,508.0,14,4086.62,3,2,0,0,0
T04835,2375.89,6,930.4,6,10,0,1,0
T04836,274.53,18,527.09,2,1,0,0,0
T04837,1421.38,19,1613.2,8,3,0,0,0
T04838,1600.83,21,178.83,1,10,0,0,1
T04839,121.88,10,3020.61,4,6,0,0,0
T04840,960.57,22,1826.39,3,8,1,0,0
T04841,9346.89,13,1714.81,0,10,0,0,0
T04842,9213.48,12,893.28,1,5,0,0,0
T04843,1303.11,19,5876.12,3,2,0,0,0
T04844,132.17,8,237.11,2,8,0,1,0
T04845,592.04,8,5097.17,2,2,0,0,0
T04846,1493.82,15,1181.84,0,4,0,0,0
T04847,8856.85,11,5313.68,2,9,1,0,0
T04848,456.65,9,3261.89,0,7,0,0,0
T04849,4325.62,5,275.01,3,3,0,0,1
T04850,345.16,17,4452.59,4,1,0,0,1
T04851,11930.9,1,2865.65,2,6,0,0,0
T04852,1441.94,19,82.09,4,9,1,0,1
T04853,4478.09,8,358.82,4,4,0,0,0
T04854,1258.35,18,2523.95,4,7,0,1,0
T04855,2963.92,5,2716.22,2,3,0,0,0
T04856,639.64,1,3432.47,3,1,0,0,1
T04857,473.55,14,3184.61,0,5,0,0,0
T04858,8344.97,16,2693.5,4,1,0,0,0
T04859,7490.23,15,3633.64,2,2,0,1,0
T04860,6553.58,20,2139.67,4,7,0,0,0
T04861,2945.96,7,755.44,1,1,1,0,1
T04862,4954.97,9,6086.77,4,6,0,0,0
T04863,214.61,9,45.95,3,7,0,1,1
T04864,1222.95,17,1141.48,3,4,0,0,0
T04865,1129.33,9,3262.89,4,4,0,0,0
T04866,3028.88,8,1392.85,1,2,0,0,0
T04867,1319.97,23,62.87,3,5,0,0,0
T04868,482.29,18,170.65,5,7,0,0,0
T04869,2722.49,0,2614.84,3,4,0,1,1
T04870,5052.22,3,8371.37,3,8,0,1,0
T04871,1444.4,23,2006.64,4,8,0,0,0
T04872,425.62,2,1766.89,2,7,1,0,1
T04873,657.04,9,958.01,4,3,0,0,0
T04874,813.39,11,741.61,7,10,1,0,0
T04875,1069.59,17,53.02,2,9,0,0,0
T04876,3088.34,22,796.92,3,8,0,0,1
T04877,2755.97,19,1490.55,2,10,0,0,0
T04878,3572.97,5,551.46,2,1,0,0,1
T04879,1350.61,20,228.5,2,9,0,0,0
T04880,5211.77,1,3162.21,2,7,0,0,0
T04881,684.8,9,5625.46,2,10,0,0,0
T04882,1899.21,1,6902.52,4,10,0,0,1
T04883,4842.43,8,2405.83,2,4,1,1,0
T04884,595.93,9,135.55,0,5,0,0,0
T04885,349.14,1,3375.99,1,7,0,0,0
T04886,6454.33,7,291.6,2,8,1,0,1
T04887,1259.89,23,2769.75,7,4,0,1,0
T04888,3454.81,16,3778.12,3,7,0,0,0
T04889,77.03,16,3235.33,1,6,0,0,0
T04890,3514.0,3,7585.34,3,9,0,0,0
T04891,1139.84,17,3349.92,4,4,0,0,0
T04892,172.06,11,2953.98,5,4,0,0,0
T04893,2823.39,16,758.66,3,3,0,0,0
T04894,826.49,8,6467.97,3,8,1,1,0
T04895,1467.23,18,494.74,2,8,0,0,0
T04896,252.04,13,5881.98,0,4,0,0,0
T04897,477.56,13,937.32,1,3,0,0,0
T04898,1061.37,16,348.63,3,6,0,0,0
T04899,282.14,1,4381.58,2,9,0,0,1
T04900,7251.51,7,6.25,4,8,0,0,0
T04901,18.2,4,4460.79,0,7,0,0,0
T04902,1984.13,6,760.59,4,7,0,0,0
T04903,394.59,21,5401.01,4,5,1,0,0
T04904,1103.12,15,2939.91,3,2,0,1,0
T04905,7813.49,15,2742.91,4,9,0,0,0
T04906,529.12,16,1136.58,3,3,1,0,0
T04907,10129.43,21,153.1,0,9,0,0,0
T04908,691.24,6,4430.97,1,10,0,0,0
T04909,4059.35,19,468.55,3,2,1,1,0
T04910,2373.45,7,1164.07,5,1,0,0,0
T04911,6474.9,7,2292.94,4,10,1,0,0
T04912,2422.26,22,1645.67,3,7,0,0,0
T04913,2294.31,10,553.68,3,1,0,0,0
T04914,652.45,14,378.85,1,8,0,0,0
T04915,545.39,17,328.82,3,3,0,0,0
T04916,7448.34,5,4969.58,3,3,0,0,0
T04917,1191.77,21,80.17,4,9,1,0,0
T04918,1396.04,11,9432.2,5,1,0,0,0
T04919,4279.15,14,553.27,4,7,0,0,0
T04920,1241.2,22,292.24,2,2,1,0,0
T04921,9113.57,5,2150.79,2,3,0,0,1
T04922,4017.41,17,208.42,2,10,1,0,0
T04923,2729.65,23,2306.11,3,8,1,0,0
T04924,6383.25,19,4753.27,7,3,1,0,1
T04925,152.64,8,122.71,5,2,0,0,0
T04926,891.43,7,4021.95,4,7,0,1,0
T04927,1876.67,13,1254.16,0,3,0,0,0
T04928,772.35,18,434.37,0,8,1,1,0
T04929,4086.62,18,484.25,6,4,0,0,1
T04930,7547.63,7,6276.01,6,6,1,1,1
T04931,1653.75,1,293.04,2,8,1,0,0
T04932,1256.26,3,5039.44,2,4,0,0,1
T04933,9775.25,5,1964.5,2,5,1,1,0
T04934,1765.56,2,99.6,3,3,0,0,0
T04935,2014.44,2,1561.27,0,4,0,0,0
T04936,1299.97,18,4251.82,0,10,0,0,0
T04937,7208.82,10,3238.42,2,8,1,0,0
T04938,2524.63,9,1677.4,6,7,0,0,0
T04939,4308.66,11,4916.17,4,6,0,1,0
T04940,5010.86,13,320.62,2,5,1,0,0
T04941,1254.96,17,6018.23,1,9,0,0,0
T04942,1705.86,23,4684.18,4,4,0,0,0
T04943,5660.95,8,3079.87,5,3,0,0,0
T04944,1354.16,14,4257.83,1,6,0,0,0
T04945,4738.69,23,1962.14,3,2,0,0,0
T04946,8490.26,2,2811.08,2,9,1,1,1
T04947,2928.2,22,2055.85,4,6,1,0,0
T04948,4060.06,10,1097.92,5,3,1,0,1
T04949,4905.76,9,2103.31,5,2,0,0,0
T04950,5593.76,17,744.21,0,9,0,0,0
T04951,1507.84,3,1450.79,5,10,0,0,0
T04952,157.87,12,823.95,1,3,0,0,0
T04953,1541.87,5,327.8,1,6,0,0,0
T04954,3360.33,20,971.01,5,9,0,1,1
T04955,1795.42,12,4776.14,2,3,1,0,0
T04956,4146.47,19,1199.45,1,9,0,1,1
T04957,1324.75,4,3445.85,3,2,0,0,0
T04958,3021.47,19,481.53,1,4,0,0,0
T04959,618.93,13,1380.94,4,10,0,0,0
T04960,4151.33,12,305.01,3,3,1,0,1
T04961,2366.97,13,373.05,0,7,0,1,1
T04962,684.71,7,2402.15,2,4,0,0,0
T04963,1035.56,15,2337.93,3,4,0,0,0
T04964,4142.23,12,600.0,1,1,0,0,0
T04965,1976.82,23,1608.15,3,10,0,0,0
T04966,730.16,14,4975.03,6,3,1,0,0
T04967,10258.5,18,478.51,2,5,0,0,1
T04968,3767.11,0,48.49,2,5,1,0,0
T04969,9449.09,21,2638.85,2,4,0,0,0
T04970,1671.16,1,137.46,3,7,0,1,0
T04971,1933.64,17,9772.6,4,10,0,0,0
T04972,6847.03,18,2351.59,8,10,0,0,0
T04973,2233.63,7,1589.07,6,4,0,0,0
T04974,3685.61,2,1405.26,6,7,0,0,0
T04975,871.75,22,2127.84,2,6,0,0,0
T04976,1775.71,13,237.49,6,6,1,1,0
T04977,395.28,8,6648.83,3,5,0,0,0
T04978,691.94,7,2456.36,5,8,0,0,0
T04979,2.83,16,508.29,3,9,0,0,0
T04980,120.17,22,2067.16,1,9,0,0,0
T04981,11354.03,22,357.53,2,6,0,0,1
T04982,832.62,23,44.27,4,5,0,0,0
T04983,3265.78,15,2489.13,4,1,0,0,0
T04984,5480.91,9,2613.75,1,3,0,0,0
T04985,2399.93,20,2190.85,5,8,0,0,0
T04986,498.68,9,506.77,0,1,0,0,0
T04987,3907.14,23,2312.26,1,1,1,0,0
T04988,2750.76,5,145.43,1,8,0,0,0
T04989,3941.93,21,2349.14,6,7,0,0,0
T04990,4405.72,16,2018.69,3,2,0,0,0
T04991,11116.29,15,2662.37,0,6,0,0,1
T04992,2556.87,14,5645.84,5,9,0,0,0
T04993,1254.02,21,4748.78,1,8,0,0,0
T04994,3136.33,13,9863.2,3,6,0,0,0
T04995,212.69,3,9349.49,1,2,0,0,0
T04996,6830.67,3,3699.53,3,3,0,0,0
T04997,381.39,1,7832.87,5,3,0,0,1
T04998,1191.79,10,5048.86,4,9,0,0,0
T04999,5074.31,3,3251.05,3,9,0,0,1
T05000,2728.78,20,195.94,5,5,0,0,0
T05001,1500.82,20,125.73,3,5,1,0,0
T05002,1924.15,15,4544.23,3,8,0,0,0
T05003,5783.71,20,1681.67,3,3,0,0,0
T05004,1246.57,3,4213.19,5,9,0,0,0
T05005,6112.59,0,938.26,2,5,0,0,0
T05006,276.79,23,1267.29,1,9,1,0,1
T05007,4499.04,18,3011.49,3,10,0,1,0
T05008,5642.71,1,6172.39,2,9,0,1,0
T05009,602.01,8,229.63,2,4,0,0,0
T05010,1688.18,22,4941.82,6,2,0,0,0
T05011,542.77,12,3937.74,3,7,0,0,0
T05012,3678.7,17,947.81,4,1,0,0,1
T05013,2299.4,15,1097.1,1,7,0,1,1
T05014,3026.23,15,118.94,4,1,0,1,0
T05015,656.29,9,39.66,1,5,0,0,0
T05016,713.8,8,1620.46,0,1,0,1,1
T05017,127.15,10,251.04,7,8,0,0,0
T05018,1166.12,3,539.18,2,1,1,0,1
T05019,2461.2,9,4689.49,2,6,0,0,0
T05020,5854.41,2,2115.91,5,1,0,0,0
T05021,3298.18,5,2510.3,0,2,0,0,0
T05022,1714.89,2,519.03,2,4,1,0,0
T05023,9180.5,8,4410.29,2,8,0,0,0
T05024,3810.82,2,5062.0,2,3,1,0,0
T05025,7984.87,17,1852.31,3,8,1,1,0
T05026,2249.71,7,6091.94,3,7,0,0,0
T05027,898.88,21,4658.06,5,6,1,0,0
T05028,162.82,7,3285.62,7,10,0,0,0
T05029,3884.81,14,3311.36,2,1,0,0,0
T05030,387.95,12,278.43,5,6,0,0,0
T05031,1081.94,6,789.64,4,6,0,0,0
T05032,2280.88,18,172.97,5,10,0,1,0
T05033,2493.21,7,21.8,3,8,0,0,0
T05034,2753.25,9,430.86,0,6,0,0,0
T05035,545.48,16,5310.83,1,2,0,1,0
T05036,1432.84,0,685.68,7,10,0,0,0
T05037,2880.68,12,8779.26,0,3,1,0,0
T05038,10501.61,12,2273.85,1,2,0,0,0
T05039,3901.79,23,677.09,4,3,0,0,0
T05040,7676.45,15,1718.56,4,1,0,0,0
T05041,4309.13,8,618.25,1,7,0,0,1
T05042,2687.38,9,10333.79,1,5,1,0,0
T05043,639.67,5,4697.63,2,9,0,0,0
T05044,3296.01,4,66.47,2,7,0,0,1
T05045,2929.55,1,7380.53,7,1,0,0,1
T05046,2767.45,10,3191.94,3,1,1,1,0
T05047,2018.77,8,214.93,2,2,1,0,0
T05048,2256.51,5,2776.49,0,7,0,0,0
T05049,1221.39,7,2602.7,3,7,0,0,0
T05050,2197.61,8,617.27,0,9,1,1,0
T05051,660.28,8,3551.66,2,3,0,0,0
T05052,4906.95,7,227.73,2,3,0,0,0
T05053,616.56,11,1680.64,2,8,0,0,0
T05054,266.38,7,24.93,2,6,0,0,0
T05055,1719.41,2,8663.34,3,3,1,0,0
T05056,3221.53,12,3481.42,6,8,0,0,0
T05057,1727.25,18,432.47,3,3,1,1,1
T05058,972.02,1,1045.14,1,6,0,0,0
T05059,2450.5,16,437.56,1,1,0,1,0
T05060,1278.55,15,3637.69,3,4,0,0,0
T05061,8103.27,3,151.75,0,6,0,0,0
T05062,7678.06,17,4587.82,5,5,1,0,0
T05063,2093.71,13,7126.76,3,4,1,0,0
T05064,1191.97,1,2822.38,4,10,0,0,0
T05065,4008.31,12,598.71,8,1,1,1,1
T05066,112.21,20,1116.07,0,4,0,0,0
T05067,1931.75,19,1621.58,2,1,0,0,0
T05068,1229.88,16,2319.8,1,10,1,0,0
T05069,7597.35,14,2761.55,2,4,0,0,0
T05070,36.23,19,2019.79,3,3,0,0,0
T05071,2414.35,4,1082.02,2,7,1,1,0
T05072,4048.89,6,5539.12,3,6,0,0,0
T05073,1990.87,17,212.24,8,6,0,0,0
T05074,267.82,23,1569.6,1,10,1,1,0
T05075,10776.5,10,3735.42,1,3,0,0,1
T05076,2189.5,17,157.01,4,6,0,0,0
T05077,2857.2,4,3054.79,2,3,0,0,0
T05078,809.96,12,4282.99,3,7,0,0,0
T05079,1982.03,17,2703.14,6,2,0,1,0
T05080,1681.88,1,32.55,4,9,0,1,1
T05081,233.55,19,496.55,2,10,1,0,0
T05082,336.69,3,1046.81,4,2,1,0,0
T05083,5450.72,12,665.42,3,1,0,0,1
T05084,822.6,23,8218.7,1,4,0,0,0
T05085,650.58,15,2635.97,4,8,0,1,0
T05086,2109.06,5,880.89,2,7,0,1,0
T05087,4392.73,7,6637.37,0,6,1,0,0
T05088,191.84,15,3373.4,3,10,0,0,0
T05089,2579.79,12,837.31,5,7,1,0,0
T05090,380.81,22,1190.58,5,4,0,0,0
T05091,111.43,3,556.07,1,8,0,0,1
T05092,162.56,1,8857.54,5,4,0,0,1
T05093,5390.27,8,1820.88,3,10,0,0,0
T05094,376.6,17,5659.77,3,8,0,1,0
T05095,138.61,16,1063.53,6,5,0,0,0
T05096,1728.23,7,4930.36,3,9,0,0,0
T05097,5573.57,14,138.48,4,7,0,1,0
T05098,913.09,8,10056.03,3,10,0,0,0
T05099,1643.05,16,6077.02,3,10,0,0,0
T05100,122.22,22,1128.26,1,6,0,0,0
T05101,1788.49,1,3726.05,4,2,1,0,1
T05102,2585.5,5,3488.42,2,6,1,1,0
T05103,2538.25,4,5788.03,3,1,1,0,0
T05104,1212.32,16,917.73,4,2,1,0,1
T05105,1137.35,1,1566.15,2,5,0,0,0
T05106,338.24,17,5006.19,2,7,0,0,0
T05107,1370.9,9,3769.23,5,1,0,0,0
T05108,314.4,9,1249.99,3,2,0,0,0
T05109,4364.95,5,4672.55,5,4,1,0,0
T05110,10168.49,11,120.23,3,9,1,1,1
T05111,10527.13,16,3808.68,5,8,1,0,0
T05112,6009.02,12,579.09,5,10,0,0,0
T05113,2754.82,19,842.6,2,9,0,0,0
T05114,3620.59,15,1699.17,2,4,0,0,0
T05115,1007.28,9,1493.39,3,7,0,0,0
T05116,2989.01,20,1837.89,2,3,0,0,0
T05117,1824.49,1,1967.41,3,8,0,0,0
T05118,1973.44,1,1006.9,2,7,0,0,0
T05119,4253.68,22,481.62,3,8,0,1,1
T05120,993.52,6,3657.74,1,9,0,0,0
T05121,1148.35,5,1276.96,3,6,1,0,0
T05122,7756.51,0,1762.24,4,4,0,0,0
T05123,173.6,11,2586.96,5,3,1,0,1
T05124,1994.46,12,6009.83,4,3,0,0,0
T05125,7318.68,11,3073.68,1,6,0,0,0
T05126,2827.62,18,116.31,0,8,0,0,0
T05127,2371.67,8,4559.06,4,8,0,1,0
T05128,862.02,9,11356.67,5,8,0,0,0
T05129,1261.47,16,1598.95,3,9,0,0,0
T05130,5732.61,17,8732.49,3,1,0,0,0
T05131,2457.62,7,1981.47,5,7,0,0,0
T05132,2169.22,6,1538.69,3,10,0,0,0
T05133,314.68,8,1006.44,4,9,0,0,0
T05134,48.47,9,2679.11,2,2,0,0,0
T05135,9946.59,11,652.83,0,4,0,0,0
T05136,1419.56,14,277.15,3,6,0,0,0
T05137,2773.07,14,69.04,3,4,0,1,0
T05138,249.22,3,864.62,0,9,0,1,1
T05139,3447.64,3,1259.5,1,10,0,0,0
T05140,8089.85,22,2007.83,6,1,0,0,0
T05141,2571.7,0,865.93,1,9,0,0,0
T05142,404.42,11,10347.24,3,10,0,0,0
T05143,2614.82,1,862.38,3,1,0,0,1
T05144,4361.76,14,1453.9,5,1,1,0,1
T05145,1564.73,16,272.52,5,5,0,0,1
T05146,6356.74,6,754.88,2,1,0,0,0
T05147,3138.2,5,123.85,3,10,0,1,0
T05148,6885.31,11,2049.66,3,9,0,0,0
T05149,2930.55,18,3476.41,4,6,1,1,1
T05150,422.23,0,544.49,1,9,0,0,0
T05151,1111.85,20,1146.81,2,5,0,0,0
T05152,676.17,13,41.89,7,6,0,0,1
T05153,7184.97,3,4574.0,3,2,0,0,1
T05154,4286.35,4,3784.9,2,9,0,1,0
T05155,3384.73,0,163.36,3,3,0,0,0
T05156,1074.17,0,1134.8,1,5,0,0,0
T05157,610.19,20,7768.71,3,8,0,1,1
T05158,4237.31,5,1244.06,2,5,1,0,1
T05159,1928.26,4,1867.47,2,10,1,0,0
T05160,767.73,1,1097.2,1,4,1,0,1
T05161,2876.2,20,2266.66,2,4,0,0,0
T05162,123.51,4,9559.67,0,5,0,1,1
T05163,1184.33,8,14981.17,5,3,1,0,0
T05164,1896.48,18,3725.97,2,10,0,0,0
T05165,480.36,20,1295.09,4,4,0,1,0
T05166,12530.79,14,1705.18,3,5,0,0,1
T05167,703.74,12,1102.98,4,4,0,1,0
T05168,419.0,11,10596.92,4,3,1,0,1
T05169,682.72,4,3075.45,1,1,1,0,0
T05170,4396.81,1,1489.74,3,2,0,0,0
T05171,1662.8,3,30.47,4,9,0,0,1
T05172,2500.1,17,1837.44,3,10,0,0,0
T05173,63.7,20,10326.72,1,2,0,0,0
T05174,105.11,9,1850.92,2,2,0,0,0
T05175,1770.83,12,503.54,3,5,0,1,1
T05176,5089.16,11,55.85,5,10,0,0,0
T05177,6494.71,1,1095.11,3,9,0,0,1
T05178,272.09,14,6259.55,4,3,0,0,0
T05179,2318.93,13,14176.43,6,9,0,0,0
T05180,7333.47,9,7267.84,4,4,0,1,0
T05181,1472.94,21,3267.97,4,3,0,0,0
T05182,5308.22,7,2041.92,2,5,1,1,0
T05183,430.56,14,2233.18,2,7,0,0,0
T05184,8218.37,12,1935.85,1,7,0,0,0
T05185,4176.01,7,3069.38,2,2,0,0,0
T05186,8507.7,20,1356.97,5,7,0,0,0
T05187,3386.76,20,2765.63,2,7,1,0,0
T05188,1354.86,21,324.17,3,2,0,0,0
T05189,8350.64,13,772.08,4,10,0,0,0
T05190,967.1,0,4519.77,1,9,0,0,0
T05191,1211.18,12,5851.99,1,8,0,0,0
T05192,3620.01,7,1935.94,3,2,0,0,0
T05193,4348.55,17,80.37,5,6,0,1,1
T05194,7952.32,21,6542.33,2,8,1,1,1
T05195,687.49,8,3027.19,3,9,1,0,0
T05196,4798.43,12,1336.21,7,1,0,0,0
T05197,4024.49,2,2280.62,3,7,0,1,1
T05198,197.76,17,1404.31,4,10,1,0,0
T05199,1469.26,9,1565.31,3,5,0,0,0
T05200,997.06,4,5446.72,0,9,0,0,0
T05201,1089.33,5,439.11,5,9,0,0,0
T05202,12214.27,7,273.61,7,3,0,0,1
T05203,3088.19,23,6.83,2,10,0,0,0
T05204,3794.1,6,942.2,3,7,0,0,0
T05205,11267.32,20,398.7,4,3,0,0,1
T05206,1420.6,17,621.11,1,4,0,0,0
T05207,4856.04,13,28.26,6,8,0,0,1
T05208,1710.3,14,644.32,3,1,0,0,0
T05209,6109.92,9,1011.33,4,4,0,0,0
T05210,597.76,20,80.19,2,4,0,0,0
T05211,8851.48,11,2340.62,2,3,0,0,0
T05212,740.66,6,2102.96,6,2,0,0,0
T05213,1184.56,6,255.18,5,8,0,0,0
T05214,4234.13,10,2259.73,5,6,0,1,0
T05215,1501.41,12,16526.39,3,2,1,0,0
T05216,2811.1,14,7227.03,2,8,1,1,0
T05217,1764.06,17,6.69,1,8,0,1,0
T05218,4068.69,6,3966.48,2,7,1,0,0
T05219,777.6,5,1090.86,3,8,0,0,0
T05220,180.71,22,164.42,2,9,1,0,0
T05221,1069.72,10,877.38,7,3,0,0,0
T05222,1929.12,7,970.55,2,2,1,1,0
T05223,551.84,19,1851.88,3,7,0,0,0
T05224,1314.57,0,2705.01,2,2,1,0,0
T05225,1532.39,7,3456.31,2,3,1,0,1
T05226,177.31,7,705.59,2,6,0,0,0
T05227,2626.22,18,970.67,3,9,0,0,0
T05228,6471.39,2,921.8,2,9,0,0,1
T05229,493.71,4,1126.43,5,10,0,0,1
T05230,2732.48,2,19939.42,2,2,0,0,0
T05231,3278.54,14,3762.06,3,1,0,0,0
T05232,1630.74,13,9221.25,5,6,1,0,0
T05233,3622.91,20,2953.17,2,7,1,0,0
T05234,1586.62,14,1303.33,5,8,0,0,0
T05235,2107.4,23,1234.69,4,4,0,0,0
T05236,22.14,16,1676.42,7,7,0,0,0
T05237,3530.24,17,1348.36,3,9,0,0,0
T05238,3248.3,1,4405.4,4,1,0,0,0
T05239,117.47,11,1563.73,2,3,0,0,0
T05240,1377.79,15,876.07,4,5,0,0,0
T05241,11594.25,3,3727.59,1,7,0,0,1
T05242,1637.99,1,4817.58,4,5,0,0,0
T05243,2091.14,13,1363.67,2,1,0,0,0
T05244,7221.51,10,2755.11,2,1,0,0,0
T05245,3789.7,12,151.51,1,1,0,0,0
T05246,2617.32,6,1884.71,5,8,0,0,0
T05247,4795.56,9,115.06,3,7,0,0,0
T05248,5993.39,23,74.06,3,3,0,0,1
T05249,1831.32,0,2372.84,2,4,0,0,1
T05250,1933.69,20,903.63,2,8,0,0,0
T05251,1463.53,3,3392.2,1,7,0,0,0
T05252,10207.15,17,5660.4,3,7,1,1,0
T05253,3583.71,5,375.29,2,6,0,0,0
T05254,260.67,1,3223.13,1,9,0,0,1
T05255,5962.44,2,1806.54,0,6,0,1,1
T05256,1965.01,13,297.29,1,1,0,0,0
T05257,213.7,7,2635.96,2,5,0,0,0
T05258,2393.64,15,2350.61,3,8,0,0,0
T05259,1619.55,18,1812.33,1,6,0,0,0
T05260,6305.05,17,6525.2,3,5,0,0,0
T05261,684.45,5,1840.55,4,9,0,0,0
T05262,5254.12,13,11645.14,7,7,0,0,0
T05263,2447.22,2,1779.44,6,7,0,0,0
T05264,168.47,15,307.83,3,1,0,0,0
T05265,10710.12,0,1589.42,4,2,0,1,1
T05266,2156.1,11,503.24,2,10,0,0,0
T05267,1031.18,13,2272.88,5,5,0,0,0
T05268,1901.28,18,2953.35,4,3,0,0,0
T05269,5852.78,21,1579.83,4,8,0,0,0
T05270,1091.11,18,257.03,5,4,0,0,1
T05271,642.09,8,1580.8,6,7,0,0,0
T05272,414.59,6,212.41,2,5,0,0,0
T05273,1060.86,13,2865.25,3,6,0,0,0
T05274,4543.04,4,3906.01,1,7,0,0,0
T05275,1913.85,17,8200.57,3,8,0,0,0
T05276,774.3,8,402.78,0,3,1,1,0
T05277,545.23,20,1900.46,3,3,0,0,0
T05278,1213.68,6,2095.65,1,2,0,0,0
T05279,8436.45,8,6392.94,1,6,0,1,1
T05280,1260.34,3,2467.3,4,2,0,0,0
T05281,13299.73,16,393.13,6,1,0,0,1
T05282,1992.11,11,1433.31,4,1,0,0,0
T05283,592.3,5,2658.81,4,9,0,0,0
T05284,6653.08,17,3012.3,2,1,0,1,0
T05285,1850.53,7,4970.79,1,7,0,1,0
T05286,3710.23,20,497.67,6,5,0,0,0
T05287,12351.9,14,7567.65,2,6,1,0,0
T05288,154.43,2,152.4,1,10,0,0,0
T05289,305.08,1,10301.02,0,9,1,1,1
T05290,3823.79,23,4875.72,6,3,0,0,0
T05291,993.13,22,2699.03,1,6,0,0,0
T05292,611.13,8,3320.02,3,7,0,1,0
T05293,120.47,7,188.67,2,2,0,0,0
T05294,66.27,3,105.91,1,6,0,0,1
T05295,4468.11,1,268.31,2,6,0,0,0
T05296,433.11,13,228.53,3,5,1,0,1
T05297,1891.76,1,1981.76,3,7,0,0,1
T05298,2793.43,1,606.59,2,9,0,0,1
T05299,1677.69,21,4918.96,4,7,0,0,0
T05300,82.44,6,1475.34,0,2,0,0,0
T05301,4590.52,11,2972.8,1,4,0,1,0
T05302,31.71,5,2645.16,2,1,0,0,0
T05303,4305.07,17,963.62,3,2,0,0,0
T05304,6713.33,3,696.53,2,9,0,0,1
T05305,1701.34,18,1048.11,3,7,1,0,0
T05306,2300.66,12,3982.17,4,8,0,1,0
T05307,1944.43,19,2206.4,1,8,0,0,0
T05308,1479.0,20,731.03,5,2,0,1,1
T05309,6552.39,22,4257.26,6,5,1,0,0
T05310,6731.07,1,140.79,4,1,0,0,1
T05311,1227.59,7,3003.14,5,9,0,1,0
T05312,2864.08,18,1445.54,1,5,0,0,0
T05313,7848.09,8,3285.31,8,1,0,0,1
T05314,9815.13,3,6559.09,4,7,1,0,0
T05315,2133.68,15,3466.08,3,9,1,0,0
T05316,1808.96,18,1458.34,4,1,0,0,0
T05317,980.08,9,409.17,3,1,1,0,0
T05318,9573.19,5,4104.27,4,1,0,1,0
T05319,462.3,15,1543.73,7,7,0,0,0
T05320,2601.28,9,195.75,3,10,0,0,0
T05321,996.16,12,3173.99,4,3,1,0,0
T05322,981.38,8,862.76,6,9,0,1,0
T05323,1557.42,6,125.31,6,9,1,0,0
T05324,20158.69,3,5826.2,6,7,0,0,1
T05325,169.6,18,1649.77,3,3,0,0,0
T05326,2592.1,3,824.6,2,10,0,0,0
T05327,258.54,18,3150.36,3,8,0,0,0
T05328,503.56,18,5426.75,4,6,0,0,0
T05329,1737.12,11,0.77,4,4,1,0,0
T05330,2142.87,12,2910.7,3,8,0,1,0
T05331,898.42,3,3641.92,1,3,0,0,0
T05332,1141.4,9,589.08,3,1,1,0,1
T05333,272.95,20,1681.52,6,4,0,0,0
T05334,1083.86,6,233.82,5,9,0,0,0
T05335,10193.87,4,3433.44,2,7,0,0,1
T05336,8685.35,16,4700.76,4,1,0,1,0
T05337,1223.36,17,286.25,0,1,0,1,1
T05338,2537.87,10,4238.31,7,1,1,0,0
T05339,7210.38,14,3691.32,4,6,0,1,1
T05340,18.61,20,1065.11,2,10,0,0,0
T05341,4993.01,21,2930.29,0,10,1,1,1
T05342,8890.93,6,0.12,2,9,1,0,0
T05343,287.31,17,6713.19,1,3,0,0,0
T05344,528.23,5,1998.4,3,3,0,1,0
T05345,9713.13,17,2421.19,5,7,0,0,0
T05346,2313.59,15,2731.52,2,6,1,0,1
T05347,42.9,1,2060.24,4,9,0,0,0
T05348,893.73,18,4858.15,3,3,0,0,0
T05349,1793.2,0,2352.11,3,7,0,0,0
T05350,3541.83,10,5958.4,7,7,1,1,0
T05351,3963.32,19,2182.67,4,9,0,0,0
T05352,16159.16,4,469.21,3,6,0,0,1
T05353,1016.97,15,6120.84,2,9,0,0,0
T05354,2318.0,22,2861.33,3,6,0,0,0
T05355,2286.36,0,3003.6,2,2,0,0,1
T05356,1560.84,18,10580.87,1,6,0,0,0
T05357,555.96,13,195.44,4,5,0,0,0
T05358,11376.93,2,1399.13,2,6,0,0,1
T05359,5758.45,1,683.12,3,9,0,0,0
T05360,2069.46,23,2488.51,1,6,0,1,0
T05361,2773.31,4,4110.22,1,5,0,0,0
T05362,773.44,16,8476.44,2,5,0,0,0
T05363,2354.39,17,1515.57,1,3,0,0,0
T05364,3562.04,0,3857.0,3,5,1,0,0
T05365,2171.85,14,6223.84,0,5,1,0,0
T05366,13902.31,21,2874.7,4,10,0,1,1
T05367,2835.16,8,695.1,6,3,0,1,1
T05368,1390.75,22,2340.3,5,7,1,1,1
T05369,4437.23,4,8762.4,2,8,0,0,1
T05370,560.66,12,10965.86,4,7,0,0,0
T05371,1456.04,18,2570.57,0,2,0,1,0
T05372,1278.35,23,5450.65,1,7,0,1,0
T05373,1695.88,9,558.95,2,1,0,0,0
T05374,4566.75,19,706.17,5,3,0,0,0
T05375,1985.95,20,7638.05,2,10,0,0,0
T05376,4739.85,13,363.24,3,4,0,0,0
T05377,2577.53,21,530.22,5,6,0,1,0
T05378,1255.97,20,1364.18,2,9,0,0,0
T05379,4981.86,11,2226.46,1,9,0,1,0
T05380,816.57,10,2314.7,1,6,0,0,0
T05381,762.29,22,863.19,3,9,0,1,1
T05382,2106.58,6,6333.58,3,6,0,0,0
T05383,906.76,16,6165.7,5,7,0,0,0
T05384,27.39,17,1244.23,1,6,1,0,0
T05385,3134.91,6,1424.19,2,3,0,0,0
T05386,2146.75,23,3030.83,3,1,0,0,1
T05387,1769.16,19,2719.15,0,4,0,0,0
T05388,10230.88,5,1204.37,5,1,0,1,1
T05389,2540.29,10,1337.13,2,10,0,0,0
T05390,5972.79,11,1069.43,5,1,0,0,0
T05391,450.55,15,670.96,2,5,1,0,0
T05392,2526.38,18,1531.86,5,8,0,0,0
T05393,6074.4,22,2899.36,4,1,0,0,0
T05394,2624.77,18,3386.67,3,5,0,0,0
T05395,3797.7,10,3772.55,2,8,1,0,0
T05396,1395.85,15,1173.94,2,3,0,0,0
T05397,291.02,22,3616.56,4,6,1,0,1
T05398,1836.92,11,16.34,3,7,0,0,0
T05399,1505.0,7,1620.67,5,10,0,0,0
T05400,6053.58,2,3948.54,1,8,0,1,1
T05401,839.12,1,2485.93,3,3,0,0,0
T05402,10209.68,5,1606.44,1,1,0,0,1
T05403,9520.14,15,2586.57,3,10,0,0,0
T05404,853.59,19,5936.44,4,8,1,0,0
T05405,1283.37,23,2088.98,5,4,0,0,0
T05406,6777.31,14,4020.92,7,2,0,0,0
T05407,10199.59,13,9874.67,2,1,0,0,1
T05408,1757.94,1,3056.77,4,6,0,0,0
T05409,1161.39,19,2129.34,0,1,0,0,0
T05410,2240.24,17,95.52,3,6,0,0,1
T05411,3492.04,13,1172.92,1,8,1,0,0
T05412,958.45,17,2083.57,2,3,1,0,0
T05413,4000.8,1,3988.92,2,6,0,0,0
T05414,159.12,0,1441.1,3,6,0,1,0
T05415,151.65,19,8050.83,1,5,0,0,0
T05416,1464.69,1,792.93,1,3,0,1,0
T05417,1308.42,8,3411.99,3,6,0,0,0
T05418,1137.78,8,1357.65,1,1,0,0,0
T05419,2026.04,15,1663.77,2,4,0,0,0
T05420,1160.23,10,4055.07,4,8,1,1,0
T05421,640.54,22,878.21,1,6,0,1,0
T05422,1110.89,5,254.56,1,4,0,1,1
T05423,11055.17,11,1836.25,3,6,0,0,0
T05424,1588.57,2,1881.15,2,1,0,0,1
T05425,1764.81,11,3988.44,1,3,0,0,0
T05426,2577.92,22,8630.11,1,7,0,0,0
T05427,12284.37,0,142.22,1,1,0,0,1
T05428,829.64,8,2239.32,2,2,0,0,0
T05429,3430.35,19,2858.59,1,3,1,0,0
T05430,3776.18,21,10636.52,4,4,0,0,0
T05431,2804.31,5,7143.85,1,6,0,0,0
T05432,278.25,10,3115.9,4,9,1,0,0
T05433,3389.12,2,1844.26,5,1,0,0,1
T05434,198.72,3,440.42,3,4,0,0,1
T05435,2720.08,9,1211.99,5,4,0,0,0
T05436,4036.39,18,2199.43,1,6,0,0,0
T05437,710.85,5,3229.28,5,1,0,0,0
T05438,5528.31,0,2522.38,3,9,0,0,0
T05439,92.47,7,3130.48,3,1,1,0,0
T05440,5570.1,7,1401.58,4,10,0,0,1
T05441,1850.39,5,3251.46,2,1,0,0,0
T05442,736.12,16,387.96,3,3,0,0,0
T05443,430.84,18,443.59,2,1,0,0,0
T05444,9192.49,0,444.33,4,4,0,0,0
T05445,226.32,14,5537.92,3,7,0,0,0
T05446,666.03,12,197.7,1,9,1,0,0
T05447,1282.31,20,4042.52,3,4,0,0,0
T05448,2904.61,2,665.03,4,6,0,0,1
T05449,2361.06,1,1579.8,0,2,0,0,0
T05450,402.8,2,6191.05,3,7,1,0,0
T05451,1026.32,8,2204.34,2,8,1,0,1
T05452,818.39,15,589.68,3,3,0,0,0
T05453,720.65,23,835.5,1,1,0,0,0
T05454,1588.72,12,6328.32,1,2,0,0,0
T05455,3652.51,18,1392.8,4,2,0,0,0
T05456,735.6,17,2210.68,3,6,0,1,0
T05457,1370.33,20,1540.15,5,7,0,0,0
T05458,1487.4,11,1188.8,2,5,0,0,0
T05459,11246.72,11,631.69,3,10,0,0,0
T05460,9281.12,0,2897.43,2,1,0,0,1
T05461,4830.38,19,3166.77,1,5,1,0,1
T05462,829.87,7,803.56,3,8,1,0,1
T05463,211.39,16,3889.87,1,10,1,0,1
T05464,1143.36,20,4819.55,2,2,0,1,0
T05465,930.99,19,6335.51,3,8,1,0,1
T05466,2115.21,21,439.49,3,6,1,0,0
T05467,4511.56,6,905.74,2,1,0,1,1
T05468,5862.62,8,4921.6,4,10,0,0,1
T05469,5590.36,16,553.3,1,9,0,1,1
T05470,1337.34,9,8.69,2,8,0,0,0
T05471,3486.9,3,5116.51,4,5,1,0,1
T05472,1125.54,21,987.98,1,4,0,1,0
T05473,188.52,6,1338.21,3,1,0,0,0
T05474,3627.61,6,1477.98,4,2,0,1,0
T05475,29.63,7,4714.21,4,5,0,0,0
T05476,1578.74,23,1030.82,3,5,0,0,0
T05477,1198.65,23,5570.55,2,8,0,0,0
T05478,3546.41,7,2398.9,3,5,1,0,0
T05479,4360.45,15,1873.17,1,5,0,0,0
T05480,1087.62,11,984.88,0,3,0,0,0
T05481,5007.99,14,698.33,4,7,1,0,1
T05482,1044.07,7,2445.8,2,6,0,0,0
T05483,1773.54,21,1480.51,1,5,0,0,0
T05484,3895.05,8,6034.24,0,2,1,0,0
T05485,3541.94,2,1691.41,1,4,0,0,0
T05486,13114.68,21,1792.55,3,3,0,0,1
T05487,765.3,20,1347.73,4,7,1,0,0
T05488,3256.95,15,3892.86,2,9,0,0,0
T05489,2822.38,14,1382.76,2,3,0,0,0
T05490,7398.79,23,784.52,1,7,1,0,0
T05491,510.1,3,4951.81,6,9,0,0,0
T05492,4180.54,19,2270.98,1,5,0,1,0
T05493,2519.86,15,2238.22,2,8,0,1,0
T05494,963.37,9,2359.3,3,8,0,0,0
T05495,1929.84,10,3172.08,6,7,0,0,0
T05496,1218.39,4,938.8,2,1,0,0,0
T05497,2597.6,10,86.08,3,5,0,0,0
T05498,6594.69,12,4159.64,1,10,0,0,0
T05499,2527.07,14,345.01,1,9,0,1,1
T05500,2996.75,5,3198.71,1,9,0,0,0
T05501,2194.09,15,214.75,4,6,0,0,0
T05502,157.56,14,1176.24,9,8,0,0,1
T05503,795.25,10,162.75,5,4,0,0,0
T05504,2031.83,19,1846.48,3,9,0,0,0
T05505,1114.21,1,2647.05,2,2,0,0,0
T05506,601.81,1,470.14,4,2,0,1,0
T05507,2104.34,11,1161.56,4,7,0,0,0
T05508,1169.41,15,6656.72,1,4,0,0,0
T05509,895.65,18,1460.23,4,4,0,0,0
T05510,1870.78,1,4055.59,2,2,0,0,0
T05511,429.13,16,6549.57,5,9,0,1,0
T05512,7882.69,13,9157.62,4,2,0,0,0
T05513,6068.1,23,5714.86,3,9,0,0,0
T05514,3689.11,15,954.64,1,5,1,0,0
T05515,336.87,4,8213.4,1,5,0,0,1
T05516,4486.68,9,4183.54,5,7,0,0,0
T05517,4950.11,16,4537.71,1,5,0,1,0
T05518,4380.01,12,38.22,5,6,0,0,0
T05519,363.0,15,7710.8,3,3,0,0,0
T05520,3097.7,8,3763.71,3,3,0,0,0
T05521,5393.18,23,3652.19,5,3,0,0,0
T05522,2583.66,3,212.6,4,1,0,0,0
T05523,3118.83,23,661.77,3,3,0,1,0
T05524,1839.48,15,8192.7,2,4,1,0,1
T05525,2256.83,22,1736.26,2,6,0,0,0
T05526,104.94,10,1268.16,2,4,0,0,0
T05527,3056.32,6,4580.53,5,3,0,0,0
T05528,254.87,16,228.48,3,8,1,0,0
T05529,1712.87,21,1348.67,0,5,0,1,1
T05530,1038.71,12,1177.81,1,3,0,0,0
T05531,2365.2,3,1076.39,2,4,0,0,1
T05532,429.59,13,919.31,4,4,0,0,0
T05533,3529.5,9,589.54,1,3,0,0,0
T05534,4754.4,9,474.61,0,9,0,0,1
T05535,535.06,9,2556.95,4,4,0,0,0
T05536,330.49,11,6295.48,4,8,0,0,0
T05537,471.77,1,1777.52,2,9,0,0,0
T05538,6289.83,22,884.46,2,7,0,0,0
T05539,2253.53,8,433.39,1,3,0,0,1
T05540,1889.17,4,4432.0,2,1,0,0,0
T05541,338.54,7,8893.93,6,9,0,0,0
T05542,3145.66,20,1073.71,1,4,0,0,0
T05543,6074.85,13,859.57,2,3,0,0,0
T05544,5284.03,6,2300.08,3,7,0,0,0
T05545,2950.94,6,3732.8,2,10,1,1,1
T05546,234.79,8,1519.27,4,9,0,0,0
T05547,357.69,2,2486.12,6,7,0,1,0
T05548,151.7,13,3151.79,7,9,0,0,0
T05549,893.11,16,8084.48,2,7,0,0,0
T05550,437.37,17,450.92,3,8,1,0,0
T05551,903.51,11,14863.83,9,8,1,1,0
T05552,1458.68,21,1244.6,3,8,1,0,0
T05553,8593.21,13,3211.15,4,2,0,0,0
T05554,2827.72,12,2124.0,2,2,0,0,0
T05555,5404.95,13,1667.08,5,2,1,0,1
T05556,3717.26,8,2993.94,4,7,0,0,0
T05557,358.05,18,1259.43,1,8,0,0,0
T05558,3994.51,1,337.0,4,10,0,0,1
T05559,965.16,10,1677.94,4,1,0,1,1
T05560,3057.53,16,1844.92,3,8,0,0,0
T05561,1250.92,1,563.81,1,8,0,0,0
T05562,18188.58,18,6857.36,5,5,1,0,0
T05563,917.75,6,645.23,4,3,0,0,0
T05564,981.89,17,1315.81,3,1,0,0,0
T05565,8006.73,12,420.84,6,4,0,0,0
T05566,74.86,4,1918.58,2,7,0,0,0
T05567,3578.99,17,919.11,4,7,0,1,0
T05568,3876.52,22,1679.8,5,5,0,0,0
T05569,5430.6,23,636.0,1,6,0,0,0
T05570,11000.1,23,138.19,0,9,0,1,0
T05571,11139.75,15,3776.55,6,7,0,1,0
T05572,202.51,14,2561.68,4,2,0,0,0
T05573,5175.21,7,1041.59,4,2,0,0,1
T05574,3118.0,14,121.65,4,2,0,1,0
T05575,3126.77,0,5016.87,1,2,1,0,1
T05576,412.1,16,465.21,2,5,0,0,0
T05577,3151.07,14,6674.8,5,10,1,1,0
T05578,12133.68,13,1628.07,5,5,1,0,1
T05579,7285.08,13,1040.25,3,8,0,0,0
T05580,1734.8,9,3384.66,6,5,0,0,0
T05581,122.3,1,5235.67,3,8,0,1,0
T05582,1349.63,5,1157.92,4,6,0,0,0
T05583,5252.84,16,1307.85,0,10,0,0,0
T05584,3626.95,4,1419.19,1,4,0,0,0
T05585,1844.91,4,6387.99,2,10,0,0,0
T05586,170.03,14,2948.72,2,4,0,0,0
T05587,1670.06,14,711.37,7,3,0,0,0
T05588,1899.12,19,511.42,3,9,0,1,0
T05589,7916.5,10,654.61,3,5,0,0,0
T05590,3074.02,4,764.83,2,8,0,1,1
T05591,1120.39,0,654.01,6,4,1,0,1
T05592,2235.33,10,2686.07,2,3,0,0,0
T05593,205.01,10,308.06,5,6,0,0,0
T05594,10788.16,5,1224.94,2,6,0,0,1
T05595,1339.14,22,2452.43,4,6,0,0,0
T05596,1949.5,7,859.26,5,2,0,0,0
T05597,1316.84,1,168.76,2,6,1,0,0
T05598,3441.94,14,213.42,3,5,0,1,0
T05599,3256.19,22,336.59,1,5,1,0,1
T05600,3769.19,21,4517.33,3,3,0,0,0
T05601,936.51,8,2681.36,3,5,0,0,0
T05602,1137.94,14,166.75,2,10,0,0,0
T05603,401.46,7,1240.13,3,1,0,0,0
T05604,3197.07,15,816.35,0,1,1,1,1
T05605,121.83,13,2157.11,2,7,0,0,0
T05606,2731.54,14,1849.58,6,10,1,0,1
T05607,6113.65,19,1640.23,1,7,0,0,0
T05608,6644.61,12,944.06,3,9,1,0,0
T05609,1788.27,8,370.67,4,9,0,0,0
T05610,1844.69,0,3390.64,3,7,0,0,0
T05611,240.28,5,5297.68,1,10,1,0,1
T05612,3332.95,7,7212.76,3,9,0,0,0
T05613,5165.46,19,151.02,0,10,0,1,1
T05614,841.74,17,3366.81,4,9,0,0,0
T05615,1640.92,17,3241.17,2,3,0,0,0
T05616,5476.06,16,7348.83,2,4,0,0,0
T05617,6289.65,20,728.94,2,1,0,0,0
T05618,835.89,15,3388.72,2,2,1,1,0
T05619,2399.33,12,140.44,5,8,0,0,1
T05620,641.41,21,2494.06,3,9,0,0,0
T05621,322.35,3,1080.22,3,9,0,0,1
T05622,7261.42,3,3662.36,2,9,0,0,0
T05623,5152.87,20,4974.99,2,1,0,0,0
T05624,4281.79,13,1134.62,0,8,0,0,0
T05625,149.99,4,1864.19,3,5,0,0,0
T05626,5568.49,15,312.22,4,3,0,0,1
T05627,1729.0,13,1348.52,4,6,1,0,1
T05628,1257.45,13,1118.85,3,4,0,0,0
T05629,2372.12,13,505.67,3,1,1,0,1
T05630,287.4,23,5622.1,1,3,0,0,0
T05631,4239.72,13,400.68,4,2,0,0,0
T05632,2619.95,18,2524.71,3,1,0,0,1
T05633,619.56,2,5521.43,3,10,0,1,1
T05634,625.62,16,6075.15,4,9,0,0,0
T05635,610.94,13,3940.49,3,3,0,0,0
T05636,176.07,9,484.39,3,1,0,1,0
T05637,2658.73,12,4251.57,4,3,1,1,0
T05638,5504.28,21,809.36,1,1,0,1,1
T05639,52.96,3,6390.41,1,1,1,0,1
T05640,150.74,10,3086.82,5,9,0,0,0
T05641,2551.3,14,3845.91,0,1,1,0,1
T05642,5136.0,14,222.17,6,5,0,0,0
T05643,1186.87,23,2185.26,2,5,1,0,1
T05644,1290.57,1,4302.91,4,1,0,0,0
T05645,2721.6,10,4943.84,1,9,0,1,1
T05646,961.5,1,72.62,8,5,0,0,1
T05647,80.91,22,6998.74,1,2,0,0,0
T05648,3986.66,4,110.76,7,7,0,0,0
T05649,2947.69,12,2383.16,1,9,1,1,1
T05650,2607.91,0,2955.43,0,4,1,0,1
T05651,4060.72,6,283.89,1,5,1,0,0
T05652,3373.92,6,123.01,5,9,0,0,1
T05653,691.57,9,3841.77,2,2,0,0,0
T05654,1303.82,5,1213.99,3,5,0,0,0
T05655,404.4,19,283.24,4,6,0,0,0
T05656,417.29,11,3595.74,5,3,0,0,0
T05657,3382.85,12,4728.89,3,10,0,0,0
T05658,5868.49,23,2213.11,2,9,0,0,0
T05659,9868.91,10,439.57,2,10,0,0,0
T05660,2969.38,17,38.35,2,8,0,0,1
T05661,610.4,1,3016.63,4,4,0,0,0
T05662,334.98,15,1997.05,2,5,0,0,0
T05663,5027.55,1,2630.26,5,8,0,0,0
T05664,2593.63,18,4194.09,4,10,0,0,0
T05665,2889.24,5,1423.91,2,10,0,0,0
T05666,4562.39,0,332.44,0,1,0,0,0
T05667,3644.87,10,7032.83,6,8,1,0,1
T05668,5395.6,17,1970.09,8,6,1,1,1
T05669,173.57,9,2388.19,3,7,0,0,0
T05670,4129.28,17,6773.06,2,4,0,0,0
T05671,5708.46,0,6705.36,2,6,0,0,0
T05672,1011.18,18,2122.13,2,10,0,0,0
T05673,3068.68,15,883.17,1,10,0,0,0
T05674,1131.34,6,14619.39,0,4,1,0,0
T05675,9508.19,14,2854.98,4,10,1,0,0
T05676,101.98,0,1312.47,3,10,0,0,1
T05677,2601.02,22,2051.52,2,2,1,0,0
T05678,546.38,20,1343.93,7,1,0,0,0
T05679,3736.68,8,5479.96,7,4,0,1,0
T05680,580.35,1,1646.86,0,7,0,0,0
T05681,805.14,16,4336.49,4,8,0,0,0
T05682,2045.86,23,4584.21,2,3,0,0,0
T05683,7389.49,9,4347.9,2,3,0,0,0
T05684,713.68,5,3202.03,5,5,0,0,0
T05685,467.3,4,4825.45,1,10,0,0,0
T05686,4268.59,7,1224.41,2,10,0,0,0
T05687,2083.16,7,304.47,3,7,0,0,0
T05688,7283.94,4,4620.1,2,4,0,0,0
T05689,475.63,11,1723.73,3,7,0,0,0
T05690,3114.76,6,340.63,3,2,0,0,0
T05691,795.33,12,306.3,3,1,0,0,1
T05692,511.51,12,433.63,4,6,0,0,0
T05693,3450.63,16,3475.49,0,4,0,0,0
T05694,2701.88,3,3102.08,1,7,0,0,1
T05695,4217.38,17,569.82,5,1,0,0,1
T05696,1110.86,9,4692.04,5,1,0,1,0
T05697,1782.47,2,825.76,3,5,0,1,0
T05698,1559.96,11,3937.42,5,1,0,0,0
T05699,12422.32,0,1677.51,3,2,0,0,1
T05700,1036.99,10,3287.71,3,3,0,0,0
T05701,1047.89,17,1200.69,3,1,1,0,0
T05702,1313.41,12,1065.98,6,8,0,0,0
T05703,2494.43,16,4602.79,3,2,0,0,0
T05704,872.35,7,89.85,6,2,0,0,0
T05705,7405.56,19,9196.03,1,8,0,0,0
T05706,926.45,18,2611.59,6,7,0,0,0
T05707,6784.78,16,1416.21,2,3,0,0,0
T05708,327.69,1,2472.52,3,5,0,0,1
T05709,3206.25,2,327.38,3,3,0,0,0
T05710,7125.0,2,1804.14,0,5,0,0,1
T05711,554.47,5,10515.23,4,9,0,0,0
T05712,10356.87,9,670.58,2,3,0,0,1
T05713,1809.28,23,3202.84,2,3,1,1,0
T05714,8740.53,21,1427.2,3,1,0,0,1
T05715,3388.64,17,2642.18,2,5,0,0,0
T05716,1076.83,17,573.18,4,3,0,0,0
T05717,625.88,13,1589.39,3,3,1,0,0
T05718,1086.08,15,9791.67,3,4,0,0,0
T05719,292.9,6,543.17,6,2,0,0,0
T05720,465.99,0,2529.56,7,2,1,0,1
T05721,331.66,16,2142.68,4,8,0,0,0
T05722,1649.45,22,2081.32,3,3,0,0,0
T05723,4762.71,4,2387.08,3,4,0,0,0
T05724,457.3,0,1744.08,5,2,0,0,0
T05725,418.89,20,42.69,3,5,1,0,0
T05726,3093.67,16,5758.88,0,9,0,0,0
T05727,658.89,9,4385.85,2,9,1,0,0
T05728,308.13,11,478.41,1,8,0,0,0
T05729,547.62,19,1332.99,1,9,0,0,0
T05730,7720.48,1,3680.16,3,9,0,1,0
T05731,5169.02,22,9787.86,4,9,0,0,0
T05732,1311.17,15,7546.84,2,10,0,0,0
T05733,3199.78,14,5740.49,2,2,0,0,0
T05734,2311.87,12,431.05,5,3,0,0,0
T05735,3391.46,17,6147.37,2,4,0,0,0
T05736,3443.45,19,5268.47,5,1,0,0,0
T05737,2972.51,21,1182.82,6,6,0,0,0
T05738,928.15,13,1254.35,1,2,0,0,0
T05739,119.36,17,1540.04,4,4,0,1,0
T05740,1824.03,1,2669.06,1,5,0,0,1
T05741,6648.5,1,755.59,2,4,0,1,1
T05742,2528.4,2,58.04,1,6,0,0,0
T05743,5358.36,4,380.63,5,10,0,0,0
T05744,14347.28,15,1450.06,2,10,1,0,0
T05745,536.0,21,828.22,3,6,0,1,0
T05746,3530.8,14,3615.29,5,9,0,1,0
T05747,3365.28,11,282.05,4,9,0,0,0
T05748,11729.39,8,6236.34,4,1,0,0,1
T05749,12721.73,13,5642.29,1,10,0,0,0
T05750,3481.58,20,5985.57,4,8,0,0,0
T05751,837.61,15,3363.94,3,5,0,1,0
T05752,4806.73,10,282.92,2,1,0,0,1
T05753,339.6,5,1441.25,5,5,0,0,0
T05754,4551.93,9,352.2,3,6,1,0,0
T05755,7230.38,7,10995.23,2,7,0,0,0
T05756,1447.85,15,1012.56,3,3,0,0,0
T05757,2987.91,2,2200.68,3,9,1,1,1
T05758,1687.11,1,3778.43,4,3,0,0,1
T05759,1727.51,15,6333.65,2,1,0,0,0
T05760,1114.8,18,3521.84,5,3,0,0,0
T05761,4308.09,8,2806.01,7,7,0,0,0
T05762,8254.9,15,1568.31,5,10,0,0,0
T05763,8478.01,21,2324.71,3,1,0,1,1
T05764,576.32,3,247.24,4,4,0,1,0
T05765,6232.18,9,5383.74,6,7,0,0,0
T05766,4011.73,18,1961.94,2,3,0,0,0
T05767,874.42,12,102.41,3,7,0,0,0
T05768,208.97,17,6311.26,2,4,0,0,0
T05769,935.91,14,1679.94,3,7,0,0,0
T05770,7298.36,3,5073.57,1,9,0,0,0
T05771,3008.64,8,4860.32,3,10,0,1,0
T05772,3830.22,3,4228.68,4,5,0,0,0
T05773,891.79,15,158.42,1,3,0,0,0
T05774,3812.35,20,709.45,0,1,0,0,0
T05775,85.57,14,5209.59,4,3,0,0,0
T05776,1411.55,23,5731.37,3,4,1,0,0
T05777,2956.55,1,1531.54,2,2,1,0,1
T05778,473.81,13,1449.73,5,4,0,0,0
T05779,5194.88,2,481.36,2,5,0,0,0
T05780,803.76,21,8637.35,3,8,0,0,0
T05781,3169.08,22,599.26,4,5,0,0,1
T05782,1558.58,3,529.7,1,2,0,0,0
T05783,2719.34,0,2702.39,2,1,0,0,0
T05784,341.02,22,695.47,0,9,0,1,0
T05785,51.17,8,6982.86,5,4,0,0,0
T05786,7209.35,16,27.42,2,9,0,0,0
T05787,942.61,13,14.42,5,9,1,0,0
T05788,5139.02,16,1757.37,3,1,0,0,0
T05789,22017.0,0,1673.88,2,7,0,0,0
T05790,712.61,9,445.92,2,6,0,0,0
T05791,924.35,22,1705.61,2,2,0,0,0
T05792,3261.77,15,1326.13,5,10,0,0,0
T05793,10095.92,18,5525.69,2,4,1,0,0
T05794,7424.19,23,23.24,4,5,1,0,0
T05795,2096.74,2,9352.52,2,5,1,0,0
T05796,4755.85,11,2448.03,3,7,0,0,0
T05797,437.67,2,411.73,4,10,0,0,0
T05798,11374.49,14,119.72,1,2,0,0,1
T05799,10002.29,16,1931.05,3,3,0,0,0
T05800,536.41,17,669.34,2,2,0,0,0
T05801,1067.55,6,895.85,4,7,0,0,0
T05802,316.6,18,703.03,4,7,0,0,0
T05803,951.2,6,2625.79,3,9,0,0,0
T05804,5077.74,4,2015.95,4,4,0,1,0
T05805,1425.97,7,202.96,1,4,0,0,0
T05806,277.65,20,1869.15,2,6,1,0,0
T05807,1256.68,15,3915.82,5,3,0,0,0
T05808,11951.09,15,211.7,2,3,1,0,0
T05809,2980.19,18,5512.26,2,9,0,0,0
T05810,1614.39,14,2158.69,2,7,0,0,0
T05811,546.5,6,7520.75,3,9,0,0,0
T05812,12844.22,4,400.84,2,2,0,0,0
T05813,5158.58,22,12615.01,0,4,0,0,0
T05814,991.67,10,2583.98,5,8,1,1,0
T05815,217.93,9,2095.4,3,9,0,0,0
T05816,174.88,20,1810.46,4,3,1,0,1
T05817,384.79,22,59.85,0,8,0,0,0
T05818,2608.0,8,7018.54,2,8,0,0,0
T05819,7925.25,0,2582.02,2,3,0,1,1
T05820,2059.97,19,240.25,2,8,0,0,1
T05821,5553.49,0,52.94,3,6,0,0,0
T05822,1771.16,7,130.3,4,9,0,0,1
T05823,3699.01,2,2350.15,3,1,0,1,1
T05824,3948.88,1,2379.89,4,9,0,0,0
T05825,573.35,3,1731.2,0,8,0,0,1
T05826,1344.57,18,915.97,2,10,0,1,1
T05827,3042.56,10,1896.84,2,8,0,1,1
T05828,219.96,4,1815.74,2,8,1,0,0
T05829,1346.09,23,49.02,2,10,0,0,0
T05830,2295.86,9,829.85,3,7,0,0,0
T05831,16737.66,23,136.63,6,3,0,0,0
T05832,1930.41,22,5760.33,6,6,0,1,1
T05833,5079.38,7,3229.49,1,10,0,0,0
T05834,1697.26,12,13876.69,2,8,0,0,0
T05835,4774.66,4,899.45,4,8,0,0,0
T05836,2714.68,11,5269.31,6,4,0,0,0
T05837,6530.38,12,2309.89,4,8,1,0,0
T05838,1587.69,21,1508.84,4,8,0,0,0
T05839,2781.33,7,629.41,5,1,1,1,1
T05840,2982.91,14,3352.27,2,5,1,0,0
T05841,1620.68,12,5862.19,5,7,0,1,0
T05842,467.55,0,670.71,3,8,0,0,0
T05843,294.69,21,482.11,3,9,0,1,1
T05844,50.44,5,2978.64,2,6,0,1,0
T05845,6203.35,10,9427.74,1,10,1,0,0
T05846,809.43,12,3465.29,4,5,0,0,0
T05847,712.89,20,837.22,4,8,0,0,0
T05848,3995.82,19,1361.63,5,6,0,0,0
T05849,1157.06,0,1212.56,2,2,0,0,0
T05850,2115.93,10,4777.96,4,9,0,1,0
T05851,532.04,10,3689.13,3,9,0,0,0
T05852,9637.62,7,2222.76,2,1,1,0,1
T05853,5723.16,21,803.82,3,9,0,1,0
T05854,5980.66,2,6951.09,3,5,0,0,0
T05855,1566.54,18,2648.35,1,9,0,0,0
T05856,4311.01,11,8806.43,5,5,0,0,0
T05857,466.02,5,2169.45,3,10,1,0,0
T05858,25.97,22,4303.62,2,6,1,0,0
T05859,60.53,7,4193.03,5,9,0,0,0
T05860,2650.03,4,1028.69,0,7,1,0,0
T05861,1823.08,9,8312.03,1,4,0,0,0
T05862,2189.53,21,55.46,1,6,0,0,1
T05863,22.47,15,3660.22,1,8,1,0,0
T05864,1648.11,11,8421.13,3,5,0,0,0
T05865,3798.27,16,1034.66,3,4,1,0,0
T05866,1753.92,5,2611.1,7,7,0,0,0
T05867,3952.76,8,2065.12,3,3,0,0,0
T05868,795.88,9,3583.54,3,4,0,0,0
T05869,5032.22,19,5028.11,5,7,0,0,0
T05870,2663.34,13,2309.83,2,5,0,0,0
T05871,710.07,13,4230.75,0,1,1,0,0
T05872,810.39,16,935.95,2,6,0,0,0
T05873,2966.83,15,648.83,3,9,0,0,0
T05874,5314.8,3,1408.23,2,10,0,0,0
T05875,1611.65,1,2830.97,5,3,0,0,0
T05876,896.43,15,518.32,5,4,0,0,0
T05877,6052.48,0,2851.34,0,10,0,0,0
T05878,3319.34,2,1252.57,2,2,0,0,0
T05879,1783.09,22,3968.89,4,3,0,0,0
T05880,2007.71,10,93.83,2,5,0,0,1
T05881,685.44,15,2756.42,3,6,1,1,1
T05882,2956.94,17,2623.29,0,2,0,0,0
T05883,1332.97,14,7072.81,5,2,1,0,0
T05884,16309.41,8,3123.89,4,6,0,0,0
T05885,1962.84,11,3977.79,1,1,1,0,1
T05886,1995.93,17,5873.96,5,2,0,0,0
T05887,2503.11,4,2810.22,3,4,0,0,0
T05888,7457.94,23,856.77,3,1,0,0,0
T05889,4840.61,7,5096.21,4,5,0,1,0
T05890,1799.68,2,3441.63,3,3,0,0,0
T05891,3804.99,1,1381.02,4,10,0,0,1
T05892,2647.37,18,3099.25,3,1,0,1,0
T05893,2033.99,7,5056.5,4,4,0,0,0
T05894,640.75,1,9288.28,2,1,1,1,0
T05895,1870.51,18,7609.76,4,2,0,0,0
T05896,846.37,0,983.82,4,10,0,0,0
T05897,7389.75,21,1369.13,3,7,0,0,1
T05898,1225.74,12,290.03,4,1,0,0,1
T05899,9126.21,22,711.03,2,6,0,0,0
T05900,2284.63,19,5351.62,4,4,1,0,1
T05901,2995.31,16,1119.04,0,6,0,0,0
T05902,2348.82,2,2422.6,4,5,0,0,1
T05903,415.65,8,2741.28,4,6,0,0,0
T05904,1413.96,4,3806.19,4,5,1,0,1
T05905,313.24,5,504.68,3,2,0,0,0
T05906,2926.16,3,908.94,3,10,1,0,1
T05907,1776.51,16,1487.04,5,4,1,0,0
T05908,4515.03,20,1134.7,1,7,0,0,0
T05909,747.19,20,10172.46,2,4,0,0,0
T05910,539.41,20,4503.63,6,5,0,0,0
T05911,1564.31,15,1633.31,10,2,0,0,0
T05912,7834.9,15,5285.47,3,3,0,0,0
T05913,3717.99,21,1067.95,4,5,1,0,1
T05914,1628.62,10,3852.44,4,4,0,1,0
T05915,2184.91,1,632.96,2,3,0,0,0
T05916,263.91,16,3699.56,3,2,1,0,0
T05917,12515.47,14,1524.1,3,9,1,0,1
T05918,3293.5,17,284.32,1,2,0,0,0
T05919,1008.11,9,797.97,3,9,0,0,0
T05920,2644.28,5,1286.56,5,4,0,1,0
T05921,347.86,20,3458.68,2,10,0,0,0
T05922,10129.81,15,189.46,1,9,0,1,0
T05923,576.33,4,2693.7,4,9,0,0,1
T05924,3132.63,11,3147.07,3,10,0,0,0
T05925,844.92,5,2652.72,3,5,0,0,0
T05926,3792.88,13,3574.78,0,7,0,0,0
T05927,4499.35,22,490.55,2,4,0,0,0
T05928,3357.24,15,2211.39,0,10,0,1,1
T05929,2859.64,6,7081.69,1,4,1,0,0
T05930,6689.93,1,2359.05,2,1,1,0,0
T05931,245.67,5,2362.6,3,10,0,0,0
T05932,1205.53,8,3333.68,7,9,1,0,1
T05933,856.2,6,1013.18,1,10,0,0,0
T05934,13272.04,1,3013.9,3,8,0,0,0
T05935,1479.89,18,6199.32,5,9,1,0,1
T05936,3957.17,7,27.39,1,1,0,0,1
T05937,3462.93,10,5102.73,3,2,0,0,0
T05938,715.08,3,616.73,3,8,0,0,0
T05939,819.36,15,1521.66,1,8,0,0,0
T05940,990.87,17,4782.24,0,1,0,1,0
T05941,1588.64,12,4341.93,3,10,1,1,1
T05942,800.99,4,5562.38,1,5,1,0,0
T05943,59.54,1,7050.95,2,6,0,1,0
T05944,6345.66,10,1481.7,5,5,0,0,0
T05945,10109.95,0,2670.43,3,6,0,0,1
T05946,1253.69,12,1237.7,2,7,0,1,0
T05947,1239.77,4,1079.72,6,10,1,0,0
T05948,21.35,17,1412.3,2,6,1,0,0
T05949,3420.65,13,3397.44,2,3,0,1,1
T05950,5236.46,12,1740.08,4,6,0,0,0
T05951,475.61,6,4205.82,2,9,0,0,0
T05952,521.87,7,3418.37,6,6,0,0,0
T05953,4683.13,17,51.73,5,6,0,0,0
T05954,2873.61,6,2487.24,4,5,0,0,0
T05955,137.69,19,1434.29,2,1,0,0,0
T05956,2922.93,16,1524.91,4,5,1,0,1
T05957,1108.49,15,4264.5,1,1,0,1,0
T05958,1380.04,10,1983.02,4,8,1,0,0
T05959,4405.53,18,5420.61,3,1,1,1,0
T05960,4997.0,0,3118.99,4,8,0,1,0
T05961,1534.26,20,2012.1,6,4,0,0,0
T05962,8821.06,7,3511.53,6,3,0,0,0
T05963,1564.97,0,97.76,4,4,0,1,1
T05964,4433.07,8,68.64,2,2,0,0,0
T05965,1984.23,18,217.57,1,3,0,0,0
T05966,6834.62,20,1438.7,3,4,1,0,1
T05967,7150.12,8,671.17,1,9,0,1,0
T05968,274.43,20,10379.08,2,10,1,0,0
T05969,8269.83,9,1953.8,2,2,0,0,0
T05970,5238.09,23,2714.85,1,3,0,1,0
T05971,4700.73,22,817.17,2,4,0,0,0
T05972,672.85,10,970.77,2,3,1,1,0
T05973,4906.1,0,1021.66,2,3,0,0,1
T05974,5694.02,19,2999.42,5,9,0,0,0
T05975,1023.88,7,1604.74,2,5,0,0,0
T05976,9125.96,19,1822.89,4,9,1,0,0
T05977,153.44,11,2241.24,2,6,0,0,0
T05978,487.24,0,3661.31,1,10,0,0,1
T05979,2313.85,9,236.79,1,8,1,0,0
T05980,2572.6,3,3750.05,2,1,1,0,1
T05981,3108.18,14,2070.9,5,8,1,1,0
T05982,51.34,18,2764.81,3,1,1,0,0
T05983,9684.26,5,992.08,3,9,1,1,1
T05984,136.84,4,1316.49,4,3,1,0,1
T05985,463.17,4,657.2,3,9,0,0,0
T05986,42.34,17,9694.05,0,8,0,0,0
T05987,2510.07,2,1717.93,2,7,0,0,0
T05988,8076.54,21,13852.19,3,1,0,0,0
T05989,3289.37,1,1682.31,1,7,0,1,0
T05990,5189.02,3,620.36,2,2,0,0,0
T05991,40.11,17,1770.41,3,2,0,0,0
T05992,2342.76,8,101.0,4,9,0,0,0
T05993,1846.13,18,5878.65,4,9,0,0,0
T05994,2073.26,9,4266.94,3,1,0,0,0
T05995,224.86,21,3234.93,1,7,0,0,0
T05996,3460.18,14,2352.91,3,5,1,0,0
T05997,2098.83,0,2167.76,0,6,1,0,0
T05998,4346.41,10,14306.05,3,1,0,0,0
T05999,1992.46,13,814.32,2,6,0,0,0
T06000,485.38,9,3781.74,4,1,0,0,0
T06001,3134.56,18,2177.13,4,4,0,0,0
T06002,567.63,23,9311.84,3,2,0,1,0
T06003,6176.44,20,4397.79,1,2,0,0,0
T06004,2848.89,15,16297.93,5,1,0,0,0
T06005,513.09,7,2218.8,2,7,0,1,0
T06006,9837.32,1,572.1,2,2,0,0,1
T06007,2191.71,22,1751.37,2,7,0,0,0
T06008,227.08,6,3104.28,2,2,0,0,0
T06009,2957.19,18,3722.04,1,7,1,0,0
T06010,875.87,6,1.28,3,4,0,0,0
T06011,4884.23,14,1758.13,1,9,0,1,0
T06012,5108.31,7,670.47,7,1,0,0,0
T06013,11582.19,13,5196.84,5,3,0,0,1
T06014,2090.68,0,414.86,1,5,0,0,0
T06015,1820.67,12,2744.95,1,7,0,0,0
T06016,4200.88,2,773.33,4,7,0,0,1
T06017,426.32,20,1102.25,2,6,0,0,0
T06018,2375.03,5,7056.94,2,5,1,0,0
T06019,2370.61,18,687.57,3,5,0,0,0
T06020,281.2,14,249.56,1,4,0,1,0
T06021,1623.77,3,179.51,9,9,1,0,1
T06022,5757.79,20,1756.05,4,8,0,0,1
T06023,5817.03,2,2566.04,2,9,0,0,1
T06024,313.54,3,991.12,4,7,0,0,0
T06025,285.31,4,2930.05,4,5,0,0,1
T06026,914.26,17,157.44,7,10,0,0,0
T06027,6232.72,9,4868.13,1,2,0,0,0
T06028,414.0,7,4239.77,2,4,0,1,0
T06029,3818.86,11,10583.37,7,6,0,0,0
T06030,319.97,21,6891.98,3,8,0,1,0
T06031,2927.63,2,1100.91,3,5,0,0,1
T06032,1320.48,17,1274.05,6,9,0,0,0
T06033,4666.47,22,3425.71,0,4,0,0,0
T06034,798.51,7,359.91,7,6,0,0,0
T06035,3058.31,0,942.25,4,4,1,0,1
T06036,806.32,13,315.44,3,6,0,0,0
T06037,3751.73,21,1516.9,2,10,0,0,0
T06038,6206.76,22,2007.43,1,3,0,0,0
T06039,406.78,12,592.98,5,8,1,0,0
T06040,6043.11,11,67.48,4,4,0,0,0
T06041,2701.07,2,3176.67,7,7,0,0,0
T06042,407.84,17,50.52,1,10,0,1,1
T06043,1673.45,20,9067.36,3,8,0,0,0
T06044,526.13,12,626.31,4,9,1,1,0
T06045,3615.4,14,2725.87,3,2,0,0,0
T06046,4267.23,9,1426.23,5,3,0,1,1
T06047,335.47,0,153.82,1,9,0,0,1
T06048,2116.51,5,1597.52,3,7,0,0,0
T06049,5056.12,8,1818.11,2,7,0,1,0
T06050,8254.27,9,4822.1,2,4,0,0,0
T06051,2161.67,14,3295.18,4,1,0,0,1
T06052,9004.0,8,206.56,8,8,1,0,1
T06053,2301.6,22,586.66,2,10,1,0,0
T06054,1503.57,13,934.51,5,9,0,0,0
T06055,5655.64,10,309.4,3,4,0,0,1
T06056,2037.63,6,1526.15,3,1,0,1,0
T06057,1915.42,23,10386.7,3,9,0,0,0
T06058,2021.87,1,1807.02,2,5,0,0,1
T06059,5627.74,13,3385.85,3,6,0,0,0
T06060,5350.33,5,2871.64,4,2,1,0,0
T06061,1550.13,4,4741.32,6,5,0,0,0
T06062,1216.24,4,607.48,0,1,1,0,1
T06063,2031.4,18,3504.29,5,3,0,0,0
T06064,2551.32,18,5329.05,1,1,0,0,0
T06065,816.75,5,470.38,6,1,1,1,0
T06066,4738.98,9,1064.69,4,9,1,0,1
T06067,1999.42,22,8774.89,0,6,1,0,0
T06068,1219.6,13,3794.29,4,8,1,0,0
T06069,338.9,16,830.27,6,5,0,0,0
T06070,818.76,2,2074.95,2,9,1,0,1
T06071,8944.37,0,1295.15,1,4,0,0,0
T06072,1091.96,9,1683.19,0,10,0,0,0
T06073,554.87,2,1096.91,9,8,0,1,1
T06074,1852.3,4,818.94,9,6,0,0,1
T06075,1100.56,18,2808.0,2,10,1,0,0
T06076,107.38,9,3768.8,2,5,0,0,0
T06077,1170.9,15,5177.83,2,5,0,0,0
T06078,2356.5,0,422.02,4,3,0,0,1
T06079,2406.96,5,4326.97,4,4,0,0,0
T06080,1322.77,8,735.26,5,10,0,0,0
T06081,1778.83,4,1393.64,3,5,0,0,0
T06082,10101.95,13,5792.82,2,9,0,0,0
T06083,1421.3,9,1515.15,3,10,0,0,0
T06084,896.14,1,548.7,1,3,0,0,0
T06085,837.03,4,435.49,1,5,0,0,1
T06086,1836.17,0,1601.31,2,9,0,0,0
T06087,4275.36,9,3595.78,1,1,0,0,0
T06088,691.97,21,14699.94,1,5,0,0,0
T06089,3706.35,8,3870.96,5,4,0,0,0
T06090,64.13,2,5239.17,5,1,0,1,1
T06091,1628.67,14,3444.15,2,1,0,0,0
T06092,4486.52,3,5644.87,4,7,0,0,1
T06093,1240.79,12,198.4,3,6,0,0,1
T06094,2488.53,5,6645.71,5,1,0,0,0
T06095,688.16,19,1262.13,1,4,0,0,0
T06096,4064.33,16,6365.28,1,7,0,0,0
T06097,161.09,22,196.89,4,6,0,0,0
T06098,5742.65,4,3140.3,2,10,0,0,1
T06099,662.67,14,3326.57,5,2,0,0,0
T06100,6223.91,7,14449.68,4,9,0,0,0
T06101,1304.04,4,3661.78,2,10,0,0,0
T06102,3847.79,23,1205.49,5,3,1,0,0
T06103,1153.57,12,2036.87,3,2,0,0,0
T06104,7090.56,0,1141.44,1,1,0,0,1
T06105,406.21,0,545.45,2,3,1,0,0
T06106,589.94,6,714.22,2,6,0,0,0
T06107,2037.91,21,627.61,0,10,0,1,0
T06108,256.47,4,1989.7,2,1,0,0,0
T06109,654.39,13,5915.43,1,2,0,1,0
T06110,8634.72,14,6096.77,0,9,1,0,0
T06111,11250.95,20,140.8,2,1,0,0,1
T06112,1416.06,16,208.18,6,1,0,0,0
T06113,7703.01,23,702.99,1,9,0,0,0
T06114,2361.22,17,736.13,4,3,0,0,0
T06115,943.07,6,249.24,7,6,0,0,0
T06116,3636.0,21,1229.45,3,3,0,0,0
T06117,3226.75,17,2215.16,3,2,1,0,0
T06118,13563.95,18,2157.84,6,3,0,1,1
T06119,923.85,19,1960.03,6,10,0,1,0
T06120,3344.77,6,1033.76,4,4,0,0,0
T06121,160.28,7,3064.32,3,1,0,1,1
T06122,361.92,12,4378.71,5,3,1,0,0
T06123,11.78,17,1062.67,2,7,0,0,0
T06124,22575.61,23,223.54,1,2,0,0,0
T06125,4862.61,10,878.62,2,7,0,0,1
T06126,4635.49,8,369.42,3,4,0,0,1
T06127,2138.37,22,1574.77,3,7,1,0,1
T06128,1070.31,0,423.81,4,3,0,0,0
T06129,492.02,21,1553.67,1,7,0,0,0
T06130,1005.05,7,624.37,5,10,0,0,0
T06131,1414.68,20,3355.51,0,7,0,0,0
T06132,4235.58,11,69.89,2,3,0,0,0
T06133,2327.38,1,2022.78,4,6,0,0,0
T06134,241.95,14,464.28,4,9,1,1,0
T06135,54.58,20,2.48,1,7,0,0,0
T06136,323.87,23,5085.22,3,5,1,0,0
T06137,1585.44,17,2783.26,3,1,1,0,1
T06138,8117.84,16,260.47,5,8,0,0,0
T06139,3043.39,14,2727.15,0,4,0,0,0
T06140,4855.83,19,2364.6,5,2,0,0,0
T06141,1884.18,19,1603.08,5,9,0,0,0
T06142,1346.68,8,1358.62,5,3,0,0,0
T06143,344.21,2,5452.46,2,6,0,0,1
T06144,6260.8,19,703.08,6,3,0,0,0
T06145,4585.79,18,1270.03,2,7,0,0,0
T06146,552.19,17,997.9,4,2,0,0,0
T06147,2153.92,19,3687.28,0,4,0,0,0
T06148,2004.63,7,6206.23,1,10,0,0,0
T06149,2943.22,0,4739.16,3,9,0,0,0
T06150,8766.71,23,3995.06,0,8,0,0,0
T06151,2600.87,23,10816.94,5,8,1,0,0
T06152,2331.0,14,2986.25,8,8,0,0,1
T06153,154.9,18,3476.3,4,7,0,0,0
T06154,194.92,9,10157.48,3,6,1,0,1
T06155,622.35,11,17.54,3,8,0,0,0
T06156,99.03,5,2513.14,2,7,0,0,0
T06157,4080.16,12,3357.81,2,1,0,0,0
T06158,3854.79,3,6247.32,8,6,0,0,0
T06159,438.74,12,5382.06,3,8,0,0,0
T06160,5425.11,16,4612.28,0,5,0,0,0
T06161,504.5,0,7287.28,4,6,0,0,1
T06162,1075.07,4,1927.12,4,2,0,0,0
T06163,858.96,23,17.36,1,2,0,1,1
T06164,1397.11,16,27.79,1,2,0,0,1
T06165,881.76,17,1966.66,2,6,0,0,0
T06166,2013.87,6,1428.53,3,5,1,0,0
T06167,1569.75,15,1500.26,3,6,0,0,0
T06168,12930.68,7,1278.75,5,6,0,0,1
T06169,172.65,11,6244.24,3,4,0,0,0
T06170,460.09,13,1112.48,1,7,0,0,0
T06171,162.82,18,4848.8,4,9,0,0,0
T06172,2949.22,10,5829.13,4,7,0,0,0
T06173,168.15,11,1730.38,6,6,0,0,0
T06174,5431.72,12,1480.71,6,3,0,1,0
T06175,2151.94,7,3578.44,6,6,0,0,0
T06176,2246.03,0,3077.26,6,8,0,0,1
T06177,2473.83,8,995.73,2,8,1,0,1
T06178,561.93,1,270.49,3,4,1,0,0
T06179,660.78,13,769.21,7,5,0,1,0
T06180,1151.77,12,351.11,1,4,1,0,0
T06181,2700.49,15,872.94,4,2,0,0,0
T06182,707.61,1,758.92,6,5,0,1,1
T06183,371.02,3,2538.29,1,1,0,0,0
T06184,10531.39,11,7724.89,3,2,0,0,0
T06185,66.68,15,2893.87,2,7,0,1,0
T06186,4869.05,9,6531.26,3,5,0,0,0
T06187,4654.0,2,3832.72,4,10,0,0,1
T06188,1058.11,3,3253.76,3,8,1,0,0
T06189,437.25,5,1336.35,1,6,0,0,0
T06190,472.17,22,981.85,3,8,0,0,0
T06191,3586.34,4,4681.51,0,2,0,0,0
T06192,3088.43,17,5895.07,2,8,1,1,0
T06193,4580.06,2,1503.16,5,9,0,0,0
T06194,8316.86,9,22.76,3,8,1,0,0
T06195,3532.26,10,3931.93,0,7,0,0,0
T06196,508.28,18,838.92,1,8,0,0,0
T06197,836.93,13,24.84,3,2,1,0,0
T06198,5539.16,20,4086.74,6,6,0,1,0
T06199,704.53,10,1821.49,2,7,0,0,0
T06200,225.86,20,2889.63,0,9,0,0,0
T06201,3644.9,3,6153.65,2,3,0,0,0
T06202,1545.14,23,1947.71,4,6,0,0,0
T06203,7578.69,21,1748.89,2,8,0,0,0
T06204,3151.65,5,858.56,6,4,0,0,0
T06205,284.31,16,910.31,9,5,0,0,1
T06206,8861.27,21,3980.74,4,2,0,0,0
T06207,897.47,18,1490.18,3,10,0,0,0
T06208,1233.9,12,446.4,3,7,0,0,0
T06209,1543.8,21,248.25,6,8,0,0,1
T06210,157.75,9,1601.01,3,6,0,0,0
T06211,2058.61,10,1563.51,2,9,0,0,0
T06212,394.83,5,2649.38,0,3,1,0,1
T06213,1537.33,1,1592.24,4,9,0,1,0
T06214,1295.63,0,387.18,1,9,0,0,1
T06215,4446.3,10,1772.19,0,9,0,0,0
T06216,4876.25,15,5932.23,4,6,0,0,0
T06217,499.63,2,434.22,1,9,0,0,1
T06218,1369.73,4,2925.98,3,7,0,0,0
T06219,1402.12,14,2252.64,1,8,0,0,0
T06220,492.54,14,3451.63,2,8,0,0,0
T06221,4805.21,3,408.06,2,8,0,0,0
T06222,3685.09,22,7101.33,4,3,0,1,0
T06223,633.58,3,2425.33,2,6,1,1,0
T06224,1370.54,7,4694.46,3,7,0,0,0
T06225,335.49,6,707.92,6,4,0,0,0
T06226,2968.25,16,3362.05,3,4,0,0,0
T06227,388.18,14,3797.06,1,7,1,0,0
T06228,12792.02,4,1266.4,2,2,0,0,0
T06229,4551.7,12,1211.08,3,8,0,0,0
T06230,1484.06,3,2680.87,3,6,0,0,0
T06231,2592.26,21,245.16,2,9,0,0,0
T06232,7268.9,16,3325.96,3,5,0,0,0
T06233,2422.98,21,109.58,7,10,0,1,1
T06234,575.29,16,528.63,2,10,0,0,0
T06235,1427.84,13,2727.68,3,1,0,0,0
T06236,5557.3,13,258.75,6,7,0,0,0
T06237,3100.27,16,8924.82,7,4,1,0,0
T06238,3155.68,7,5069.9,0,10,0,0,0
T06239,6048.19,1,2460.77,5,4,0,0,0
T06240,6732.19,12,4273.94,5,3,0,0,0
T06241,7569.42,21,5463.78,4,5,0,0,0
T06242,298.96,15,750.99,4,6,0,0,0
T06243,2356.62,15,4733.01,1,3,0,0,0
T06244,4047.11,5,541.64,0,8,0,0,0
T06245,4243.18,21,1333.28,4,2,0,0,0
T06246,2799.67,23,2042.58,2,7,0,0,0
T06247,547.4,3,3128.46,6,1,1,0,0
T06248,4789.87,2,76.51,5,9,0,0,0
T06249,3820.09,5,858.02,2,9,0,0,0
T06250,270.22,3,2344.55,6,5,0,1,1
T06251,1869.8,17,1105.46,0,2,0,0,0
T06252,573.4,5,3729.42,3,6,0,0,0
T06253,1235.1,4,2636.38,3,10,0,0,0
T06254,54.74,8,667.74,7,5,0,0,0
T06255,1534.13,10,394.35,5,4,0,0,0
T06256,2394.7,5,2479.2,1,2,0,0,0
T06257,2899.46,15,1496.72,5,5,0,1,0
T06258,3267.39,18,462.68,4,8,1,0,0
T06259,5429.0,10,987.7,2,2,0,0,0
T06260,727.98,20,902.59,5,7,0,0,0
T06261,385.14,14,286.09,3,3,0,0,0
T06262,5722.26,23,1979.16,2,6,1,0,0
T06263,510.99,8,3606.09,4,4,0,0,0
T06264,11037.99,23,2141.91,7,6,0,1,0
T06265,5545.72,18,4375.94,3,2,0,0,0
T06266,2084.71,18,341.18,1,10,0,0,0
T06267,11957.24,23,1430.03,2,5,0,0,0
T06268,307.35,8,2350.27,3,2,0,0,0
T06269,1083.19,22,2817.54,4,8,0,0,0
T06270,3050.19,3,2975.06,7,9,0,0,0
T06271,1292.38,9,3263.77,2,8,1,0,0
T06272,7908.83,8,2634.79,4,1,0,0,1
T06273,203.64,18,247.42,5,5,1,0,1
T06274,2391.6,14,2971.12,0,4,0,1,0
T06275,2681.14,18,3225.49,4,4,0,0,0
T06276,3172.94,1,12582.18,5,7,1,0,0
T06277,885.8,9,2955.22,5,10,0,1,0
T06278,1360.34,18,2902.53,4,10,0,0,0
T06279,5567.56,16,1808.05,2,4,0,0,0
T06280,650.53,19,5060.92,4,1,0,0,0
T06281,5261.1,23,14388.82,1,3,0,0,0
T06282,2481.1,20,3774.49,1,8,0,0,0
T06283,4308.82,1,2370.1,4,10,0,0,0
T06284,3751.17,18,205.62,1,7,0,0,0
T06285,697.73,16,3243.32,1,2,1,0,0
T06286,2523.64,17,3082.32,1,7,0,0,0
T06287,6068.57,16,3735.46,4,2,0,0,0
T06288,1697.52,1,332.56,2,6,0,1,1
T06289,10196.77,18,2651.36,2,8,1,0,0
T06290,1805.62,0,876.46,1,3,1,0,0
T06291,462.2,10,3570.62,1,3,0,0,0
T06292,1480.11,9,687.32,3,8,0,0,0
T06293,9091.12,4,2879.86,2,8,0,1,0
T06294,1155.76,15,873.87,5,10,0,0,0
T06295,6077.09,23,22.59,6,6,1,1,1
T06296,6392.22,4,2508.42,3,1,0,0,0
T06297,1293.21,23,300.53,1,3,0,0,0
T06298,260.79,22,2691.82,2,10,1,1,0
T06299,3868.13,11,6496.07,6,7,0,0,0
T06300,1119.77,3,8704.33,6,2,0,0,1
T06301,4582.52,22,672.72,1,9,0,0,0
T06302,1753.71,5,4142.02,4,9,0,0,0
T06303,1992.32,18,1090.66,6,2,0,0,0
T06304,4514.01,8,5767.92,4,6,1,0,0
T06305,1445.56,11,3871.91,2,2,0,0,0
T06306,1756.26,14,191.99,6,1,1,0,0
T06307,1415.73,15,1306.98,1,10,0,0,0
T06308,1373.47,12,1028.65,5,9,1,0,0
T06309,2239.31,20,3844.9,3,5,0,0,0
T06310,4963.3,23,1320.29,2,1,0,0,1
T06311,1347.16,6,2884.69,1,7,0,0,0
T06312,2228.62,22,2305.99,3,3,0,0,0
T06313,3332.61,19,9286.9,1,6,0,0,0
T06314,941.83,3,6942.9,2,4,0,0,1
T06315,975.21,10,1395.23,0,3,0,0,0
T06316,8127.74,7,3214.57,2,6,1,0,0
T06317,3857.01,5,4421.96,1,8,0,0,0
T06318,2582.47,9,5728.76,5,6,0,0,0
T06319,3129.99,6,176.42,4,6,1,0,0
T06320,89.21,6,899.12,5,5,0,0,0
T06321,2887.81,3,965.0,8,5,0,0,0
T06322,2137.04,2,1424.87,1,1,0,0,0
T06323,2367.32,23,463.61,1,4,1,0,0
T06324,1336.16,6,1713.97,2,8,0,0,0
T06325,254.95,3,2720.77,1,6,0,0,0
T06326,644.56,12,1719.72,3,7,1,0,0
T06327,9032.22,19,2739.99,0,9,0,0,0
T06328,1576.29,16,171.88,4,8,0,0,0
T06329,1885.92,6,5218.43,3,4,0,0,0
T06330,162.45,16,6995.04,2,7,0,0,0
T06331,114.87,3,2405.23,3,3,1,0,0
T06332,3788.85,10,5329.81,1,5,0,0,0
T06333,2317.19,2,352.31,2,3,0,0,1
T06334,2132.14,10,3991.91,1,7,0,1,0
T06335,835.67,2,317.16,4,3,0,0,0
T06336,4096.54,11,1310.66,2,8,0,0,0
T06337,552.62,0,978.23,5,10,0,1,0
T06338,631.92,3,2202.26,1,8,0,0,1
T06339,1852.52,13,897.1,3,6,0,0,0
T06340,1011.79,0,2535.54,3,9,1,0,1
T06341,852.92,13,1144.74,6,2,1,0,1
T06342,3108.92,12,4929.44,4,6,1,0,0
T06343,3157.81,12,2512.01,1,4,0,0,0
T06344,5220.64,23,606.13,5,7,0,0,0
T06345,1622.35,14,1024.17,2,1,0,1,1
T06346,227.68,16,4700.18,2,4,0,0,0
T06347,959.24,11,1221.36,3,10,1,0,0
T06348,11736.89,21,1918.59,1,4,0,0,1
T06349,2720.94,22,2617.01,1,6,0,0,0
T06350,3710.9,13,1068.55,3,10,0,0,0
T06351,22.16,11,870.27,2,6,1,0,1
T06352,2190.71,17,1612.11,4,6,0,0,0
T06353,114.75,3,604.8,1,4,0,1,1
T06354,2526.54,13,835.92,4,5,0,0,0
T06355,7606.23,18,160.22,2,8,0,0,0
T06356,10365.61,12,905.91,3,3,0,0,0
T06357,2333.19,22,966.75,3,6,0,0,0
T06358,1838.6,17,8164.47,4,1,0,0,0
T06359,8702.2,10,2227.34,5,10,0,0,1
T06360,3358.99,5,3870.65,1,6,0,0,0
T06361,201.3,8,116.1,2,9,0,0,0
T06362,1880.54,11,281.63,4,8,0,0,0
T06363,824.28,18,4212.25,3,5,0,0,0
T06364,1903.53,13,2442.42,7,7,0,0,1
T06365,1823.47,14,529.84,6,5,0,1,0
T06366,2617.86,10,1297.13,4,3,1,0,1
T06367,1323.76,5,1934.12,5,9,0,0,0
T06368,538.35,13,4638.5,0,7,0,0,0
T06369,2101.84,2,155.78,6,8,0,0,0
T06370,5319.45,18,2270.32,4,7,0,0,0
T06371,3272.04,19,3156.09,1,7,1,1,0
T06372,1239.14,10,9529.52,4,8,1,0,0
T06373,8224.34,23,4114.74,2,8,0,0,0
T06374,7298.34,16,808.19,4,6,0,0,0
T06375,704.69,16,3091.06,3,4,1,0,0
T06376,120.65,22,3602.17,4,5,0,0,0
T06377,4056.36,2,3270.89,0,6,0,1,0
T06378,5273.99,13,4289.0,1,9,1,0,0
T06379,10313.39,6,5851.5,5,5,0,0,0
T06380,6617.37,18,259.04,2,9,0,0,0
T06381,2752.89,2,276.67,3,9,0,0,1
T06382,2265.4,1,3978.99,5,8,0,0,0
T06383,84.71,16,727.13,5,10,0,1,1
T06384,849.7,8,150.81,1,6,0,0,0
T06385,1846.42,21,1282.19,0,1,0,0,0
T06386,2970.65,5,4285.29,1,5,0,0,0
T06387,2444.26,23,338.3,1,3,1,0,0
T06388,4071.79,20,2785.65,4,9,0,0,0
T06389,984.54,8,9.06,6,4,0,0,0
T06390,2496.9,4,290.6,4,7,0,0,0
T06391,276.81,1,1080.23,2,6,1,0,0
T06392,1601.59,21,218.26,1,6,0,0,1
T06393,4160.81,14,4675.41,1,5,0,0,0
T06394,3546.64,8,4989.05,5,1,0,0,0
T06395,14014.81,18,3522.07,3,3,0,0,0
T06396,976.74,9,694.26,2,5,0,0,0
T06397,2068.6,3,1851.89,6,2,0,0,0
T06398,1199.33,9,508.93,6,2,0,0,0
T06399,1742.69,7,825.7,3,4,0,1,0
T06400,5833.69,21,1814.2,8,7,0,1,1
T06401,3458.02,12,3320.19,5,1,0,0,0
T06402,6422.45,6,248.6,4,9,0,0,0
T06403,682.63,6,879.92,2,1,0,0,0
T06404,6199.25,3,6530.31,4,8,0,0,0
T06405,184.87,14,1401.46,5,6,0,0,0
T06406,6583.86,11,6986.87,1,1,0,0,0
T06407,1197.29,15,11890.14,3,7,0,0,0
T06408,1133.2,5,1869.85,2,2,1,0,0
T06409,2152.86,8,849.35,3,1,1,0,1
T06410,8474.94,2,3910.88,2,8,0,0,0
T06411,146.88,7,433.83,2,2,0,0,0
T06412,1302.66,6,726.04,4,9,0,0,0
T06413,5825.77,3,3841.4,3,6,0,1,0
T06414,1512.81,12,1421.34,2,1,0,0,1
T06415,666.27,18,562.67,4,8,0,0,0
T06416,1659.08,6,2632.61,2,7,0,0,0
T06417,1461.1,9,3299.04,1,1,0,0,1
T06418,7410.04,11,334.03,1,8,0,1,0
T06419,4305.63,2,810.8,3,2,1,0,0
T06420,2110.29,23,625.25,4,8,0,0,0
T06421,13362.65,11,1194.5,2,9,1,0,1
T06422,1878.02,18,3603.94,4,5,0,0,0
T06423,180.01,14,3126.86,3,5,0,0,0
T06424,912.55,7,2715.65,2,7,0,0,0
T06425,1718.48,11,15.76,1,1,0,1,1
T06426,512.02,19,383.3,4,5,0,0,0
T06427,8844.55,5,631.74,2,1,0,0,1
T06428,4368.21,9,793.48,2,8,1,0,1
T06429,937.1,1,395.81,2,8,0,0,0
T06430,2680.69,23,1320.42,2,1,0,0,0
T06431,3834.46,12,195.39,2,2,1,0,0
T06432,8504.87,6,3465.96,5,7,0,0,0
T06433,6401.96,7,3874.63,7,7,0,0,0
T06434,2172.01,22,2134.86,2,9,0,0,0
T06435,4470.34,15,234.97,2,3,0,0,1
T06436,2477.6,10,5520.08,2,2,0,1,0
T06437,2413.6,3,8426.85,6,10,0,0,0
T06438,365.63,16,565.26,2,8,0,0,0
T06439,404.5,15,3048.9,4,7,0,0,0
T06440,2262.09,18,4611.93,3,3,0,0,0
T06441,939.46,22,1940.47,3,3,0,0,0
T06442,63.78,10,976.4,0,7,0,0,0
T06443,3849.47,6,1627.9,0,5,0,0,0
T06444,99.08,12,1794.98,2,9,0,0,0
T06445,2713.66,18,1279.72,2,10,0,0,0
T06446,2324.33,16,6642.53,2,7,0,0,0
T06447,10403.42,21,3405.3,2,1,0,0,1
T06448,1986.18,12,690.38,0,1,1,0,0
T06449,197.14,11,2202.05,3,6,1,0,0
T06450,2406.8,6,2917.41,3,5,0,0,0
T06451,5518.37,0,377.51,3,5,0,0,1
T06452,17280.38,0,1109.58,7,8,1,0,1
T06453,1688.16,19,5899.17,2,8,1,0,0
T06454,1158.31,22,2093.54,7,9,1,0,0
T06455,7114.3,13,611.55,2,4,0,0,0
T06456,636.77,14,327.51,2,5,0,0,0
T06457,2866.88,10,1825.71,3,7,1,0,1
T06458,1561.19,23,1983.45,2,3,0,1,1
T06459,125.85,8,1017.72,2,6,0,1,0
T06460,1279.86,16,2488.44,1,3,0,0,0
T06461,924.59,3,177.89,4,4,0,0,1
T06462,3475.96,19,392.04,2,10,1,0,0
T06463,8915.49,18,1975.65,2,8,0,0,1
T06464,936.12,6,159.52,4,10,1,1,0
T06465,5005.43,0,5319.66,3,4,0,0,1
T06466,170.85,8,383.3,5,4,0,0,0
T06467,2317.36,12,2801.53,1,7,0,0,0
T06468,219.49,23,1240.68,4,3,0,0,0
T06469,8155.8,1,1276.18,2,3,1,0,1
T06470,4361.81,1,3619.25,6,1,1,0,0
T06471,3218.39,23,1730.18,1,7,1,0,1
T06472,5210.05,14,3233.43,4,4,0,1,0
T06473,3128.28,16,1758.96,5,7,0,0,0
T06474,10415.93,12,2246.77,8,2,0,0,1
T06475,3754.85,6,3575.25,2,5,1,0,0
T06476,7757.18,8,2336.83,5,7,0,0,1
T06477,2184.04,11,2390.28,1,9,0,1,0
T06478,373.51,2,3892.35,1,10,0,0,0
T06479,2253.46,22,7444.08,2,4,0,0,0
T06480,407.02,21,1181.88,5,6,1,0,1
T06481,2693.1,14,2151.65,2,3,1,0,0
T06482,1976.2,6,225.56,3,2,0,0,0
T06483,2923.15,22,1111.05,7,10,1,0,0
T06484,30.29,0,1327.78,4,2,0,0,0
T06485,650.14,13,4508.12,3,5,1,0,1
T06486,2027.87,18,1800.74,2,3,0,0,0
T06487,9017.56,15,3283.23,3,2,0,0,0
T06488,1451.62,9,47.98,4,2,0,0,0
T06489,1656.88,0,1561.35,1,3,0,0,1
T06490,3762.6,4,5789.62,2,1,0,0,0
T06491,2777.45,2,635.02,1,8,0,0,0
T06492,1065.43,16,80.07,3,9,0,1,0
T06493,1587.05,17,1420.29,4,1,1,1,0
T06494,736.55,20,3047.14,4,5,0,0,0
T06495,10146.08,18,1514.96,5,8,0,0,0
T06496,419.97,21,1540.36,3,2,0,0,0
T06497,1394.87,21,2770.18,3,1,0,0,0
T06498,78.54,17,733.88,3,5,0,1,1
T06499,752.24,15,3484.71,3,1,0,0,0
T06500,4548.81,1,415.47,2,6,1,0,1
T06501,673.84,14,1259.42,3,9,1,0,1
T06502,250.35,12,2667.84,4,8,0,1,0
T06503,1929.95,12,4406.02,2,6,0,0,0
T06504,30.06,15,3919.91,1,4,0,0,0
T06505,265.73,7,3197.51,7,7,0,0,0
T06506,4944.94,10,1112.19,2,6,0,0,0
T06507,4428.31,7,326.14,1,7,0,0,0
T06508,7400.22,21,611.03,5,2,0,0,0
T06509,5783.06,9,5003.13,2,7,0,0,0
T06510,3448.22,22,4868.08,2,10,0,0,0
T06511,161.26,0,7568.62,3,4,0,1,0
T06512,4581.48,11,197.58,2,5,1,0,0
T06513,5602.89,8,1924.04,2,7,1,0,1
T06514,4814.58,4,2615.17,4,10,0,1,1
T06515,2130.75,8,3100.36,4,2,1,0,0
T06516,795.42,15,2581.1,3,1,0,0,0
T06517,5599.38,17,3674.31,3,5,0,1,0
T06518,3896.64,7,1113.65,6,10,0,0,0
T06519,11852.47,22,494.4,5,1,1,0,1
T06520,507.72,10,572.22,3,6,1,0,0
T06521,767.25,19,30.13,3,2,0,1,0
T06522,714.0,18,1078.2,0,2,0,0,0
T06523,4718.45,3,240.57,0,4,0,0,1
T06524,620.73,19,969.64,4,10,0,0,0
T06525,206.96,9,2473.57,1,2,0,0,0
T06526,19631.02,23,5622.09,3,9,0,0,0
T06527,75.39,12,4575.3,3,3,1,1,0
T06528,5409.87,19,728.14,3,8,0,0,0
T06529,1364.12,13,359.92,2,7,1,0,1
T06530,5528.19,20,536.3,3,7,1,1,0
T06531,2426.49,1,8850.0,5,4,0,0,1
T06532,6957.1,3,1993.35,4,4,0,0,1
T06533,7818.9,6,503.77,4,1,0,1,0
T06534,27.42,18,4593.14,1,8,0,0,0
T06535,235.22,16,1257.11,1,1,0,0,0
T06536,864.48,15,5737.09,2,4,1,0,0
T06537,3319.77,12,755.05,2,3,0,0,0
T06538,6575.07,23,1248.98,4,1,1,1,1
T06539,1848.24,23,1757.73,4,7,0,1,0
T06540,2801.63,21,5578.34,6,7,0,0,0
T06541,626.61,22,5076.77,6,2,0,1,0
T06542,4903.76,17,2135.37,1,10,1,0,1
T06543,10263.72,20,626.85,1,5,0,0,1
T06544,938.38,11,1291.09,2,8,0,0,0
T06545,2048.56,22,9286.32,0,1,0,0,1
T06546,270.16,0,2339.79,4,9,1,1,1
T06547,2457.06,14,3797.83,1,7,0,0,0
T06548,2096.19,2,1493.98,3,7,0,0,0
T06549,467.98,5,1898.26,2,2,0,0,0
T06550,1750.54,13,1400.71,2,8,1,0,0
T06551,1219.87,22,3034.39,6,3,1,0,0
T06552,2213.37,5,4767.44,1,10,0,1,1
T06553,2643.16,0,1769.96,10,7,0,0,0
T06554,25.6,19,1638.99,0,3,1,0,1
T06555,4293.95,5,1039.87,0,6,0,0,0
T06556,3744.97,7,487.29,4,1,1,0,1
T06557,1368.47,14,7002.38,5,4,0,0,0
T06558,163.17,13,949.78,3,9,0,0,0
T06559,4218.67,15,4032.25,5,7,0,1,0
T06560,9314.98,19,3141.21,1,7,0,0,0
T06561,823.91,22,3912.57,0,4,0,0,0
T06562,1172.58,15,6902.37,4,10,0,0,0
T06563,609.33,18,2441.24,4,1,0,0,0
T06564,2580.7,23,5705.74,6,1,1,0,0
T06565,504.69,0,458.9,5,3,0,1,0
T06566,1321.07,3,2463.52,1,7,0,0,1
T06567,3582.2,23,3699.05,4,7,0,0,0
T06568,2463.73,9,792.4,2,5,0,0,0
T06569,1465.54,19,3374.94,3,9,0,0,0
T06570,1635.47,17,3768.07,4,2,0,0,0
T06571,2477.37,1,4447.42,5,9,0,0,0
T06572,17.65,3,938.13,1,9,0,0,0
T06573,245.29,14,2861.17,4,6,0,1,1
T06574,6392.41,3,906.92,4,4,0,0,1
T06575,243.24,15,3358.47,1,5,0,0,0
T06576,3680.74,14,1554.27,3,6,0,0,0
T06577,7578.62,17,2275.43,1,4,0,0,0
T06578,946.94,6,1343.95,3,9,0,0,0
T06579,1388.45,14,441.79,4,2,0,0,0
T06580,2524.39,21,490.13,2,8,0,0,0
T06581,6403.82,10,201.86,1,9,0,0,0
T06582,8537.06,18,2406.31,1,4,0,0,1
T06583,4036.19,7,4720.21,0,9,0,0,0
T06584,271.81,23,52.64,3,2,0,0,0
T06585,3318.31,0,171.34,3,3,0,0,1
T06586,1584.44,2,1528.77,8,10,0,0,1
T06587,1908.61,4,3345.86,2,5,1,0,1
T06588,151.19,17,429.07,4,4,0,0,0
T06589,636.1,11,792.44,2,3,0,1,1
T06590,4689.29,11,659.93,4,4,0,0,0
T06591,1815.18,20,1273.11,6,9,0,0,0
T06592,1077.16,18,637.23,4,9,0,0,0
T06593,1453.62,8,1086.97,3,5,1,0,1
T06594,5780.67,10,3259.88,2,7,0,0,0
T06595,4146.9,16,2360.5,1,8,0,0,0
T06596,953.66,15,211.67,4,2,0,0,0
T06597,375.0,3,2538.52,1,9,0,0,1
T06598,871.05,9,1620.8,2,9,0,0,0
T06599,7605.69,21,6816.77,0,2,1,0,0
T06600,2613.87,14,853.78,6,6,1,0,1
T06601,2287.36,18,3238.09,1,4,1,1,0
T06602,2721.95,2,3281.32,3,1,0,0,0
T06603,1367.25,20,625.97,2,5,0,1,0
T06604,4936.86,22,5838.38,2,3,1,0,0
T06605,2222.52,4,1689.17,2,1,0,0,0
T06606,372.43,10,2839.88,0,2,1,0,0
T06607,414.56,23,394.14,4,7,0,0,0
T06608,2309.17,4,745.35,3,1,0,0,1
T06609,8273.47,6,2205.37,7,3,0,0,0
T06610,1106.03,5,960.58,0,1,0,0,0
T06611,6110.09,12,1731.33,5,1,1,0,1
T06612,4332.99,1,1171.03,2,8,0,0,0
T06613,854.31,18,2557.98,3,6,1,0,0
T06614,111.05,10,1669.41,4,4,0,0,0
T06615,322.25,19,11.55,1,8,0,0,1
T06616,3911.31,4,2622.28,2,7,0,0,0
T06617,668.19,8,1370.98,6,9,0,1,1
T06618,1392.16,5,1045.23,2,1,0,0,0
T06619,2089.65,16,247.19,2,10,0,1,0
T06620,3878.06,18,622.34,1,5,0,0,0
T06621,360.51,22,633.27,4,6,0,0,0
T06622,1564.48,7,6847.67,2,6,0,0,0
T06623,1991.19,6,1416.34,3,10,1,0,0
T06624,2334.99,4,107.44,2,7,0,0,0
T06625,5117.2,14,373.62,2,5,0,0,0
T06626,565.06,9,205.83,4,5,0,0,0
T06627,4948.15,23,2222.11,4,1,0,0,1
T06628,3541.53,15,516.4,3,10,1,0,0
T06629,2434.92,8,1725.67,4,5,0,0,0
T06630,3607.2,6,1155.33,4,10,0,0,0
T06631,1593.18,10,4072.53,3,1,0,0,0
T06632,446.88,8,965.96,1,10,0,0,0
T06633,3287.73,16,1532.45,2,2,0,0,0
T06634,2231.25,8,3193.92,3,1,1,0,0
T06635,3059.75,2,1420.04,0,8,0,0,1
T06636,1237.46,21,3940.2,3,8,0,0,0
T06637,7121.17,7,2709.44,2,8,0,1,0
T06638,2655.61,18,1321.32,5,10,1,0,0
T06639,267.81,19,1752.86,1,10,1,0,0
T06640,1792.44,15,8543.58,0,1,0,0,0
T06641,4236.14,6,2708.9,1,4,1,1,0
T06642,4741.6,6,5884.57,2,1,0,0,0
T06643,2047.2,19,492.35,2,4,0,0,0
T06644,6754.18,12,1650.42,2,7,0,0,0
T06645,934.57,2,5982.96,5,10,0,0,1
T06646,1585.94,11,973.78,4,7,0,0,0
T06647,6865.96,23,8578.95,3,1,0,0,0
T06648,6797.51,7,255.3,5,10,0,0,0
T06649,3472.34,12,5824.15,3,2,0,0,0
T06650,5876.57,19,1472.92,5,6,0,0,0
T06651,278.89,15,191.51,3,6,0,0,0
T06652,6007.33,6,5290.71,4,1,1,0,0
T06653,1159.72,3,725.68,2,4,0,0,1
T06654,589.25,11,56.25,5,9,1,0,1
T06655,820.82,16,364.9,1,8,0,1,0
T06656,1623.69,0,2690.52,4,4,0,0,0
T06657,867.82,16,9520.45,2,3,1,0,1
T06658,1159.49,1,295.45,3,8,1,0,0
T06659,435.0,5,1549.5,4,9,0,0,0
T06660,1053.68,11,498.07,3,1,0,1,1
T06661,2547.89,10,3416.59,2,10,1,1,0
T06662,1749.4,20,314.08,3,8,0,0,0
T06663,1277.24,10,685.57,8,5,1,0,0
T06664,4116.61,17,546.65,3,3,0,0,0
T06665,6719.11,7,2010.31,3,10,0,0,0
T06666,4241.48,6,5162.55,3,5,0,0,1
T06667,1210.4,13,1788.94,5,10,0,0,0
T06668,4092.92,15,150.02,2,4,0,0,0
T06669,494.55,11,2071.78,4,1,0,0,0
T06670,418.88,8,3992.8,2,8,0,0,0
T06671,1272.23,19,354.36,4,7,1,0,1
T06672,4946.13,22,188.73,4,4,0,0,1
T06673,848.47,20,520.05,2,4,0,0,0
T06674,196.03,15,3426.9,4,5,1,0,0
T06675,423.69,20,2239.26,3,1,1,0,1
T06676,5871.56,18,1944.56,5,4,0,0,0
T06677,3013.59,15,717.47,6,5,0,0,0
T06678,875.88,8,1009.55,5,8,0,0,0
T06679,2431.04,12,8445.05,3,1,1,0,1
T06680,2249.66,4,688.15,1,4,0,1,0
T06681,3196.43,21,5797.94,5,10,0,0,0
T06682,796.54,18,2171.92,3,10,0,0,0
T06683,5994.2,9,328.97,3,7,0,0,0
T06684,1110.45,6,1574.55,4,5,0,0,0
T06685,3553.8,8,7417.8,1,1,0,0,0
T06686,48.77,13,1355.64,3,7,0,0,0
T06687,1398.79,14,4976.5,4,1,0,0,0
T06688,1300.25,12,740.73,3,2,0,0,0
T06689,2352.4,9,2115.29,2,8,0,0,0
T06690,226.55,13,4642.38,3,9,0,0,0
T06691,4683.82,20,6335.93,4,8,0,1,0
T06692,736.86,22,1662.97,4,8,0,0,0
T06693,3390.66,11,2551.96,2,6,0,0,0
T06694,4876.89,18,7.46,2,7,0,0,1
T06695,2475.77,5,729.97,2,4,0,0,0
T06696,4051.43,11,816.79,2,5,0,0,0
T06697,3252.89,23,245.39,4,2,0,0,0
T06698,1317.98,12,820.2,0,10,0,0,0
T06699,4964.22,7,968.28,4,4,1,0,0
T06700,1047.4,15,8665.62,3,7,1,0,0
T06701,2540.38,1,2761.09,3,4,1,0,1
T06702,4104.16,21,1387.84,3,6,0,0,0
T06703,1429.06,6,11068.49,2,8,0,1,0
T06704,1081.91,11,415.82,6,5,0,0,0
T06705,1844.93,6,1615.9,3,8,1,0,1
T06706,5110.64,18,2603.66,2,4,0,0,0
T06707,7974.43,13,142.96,4,2,0,0,0
T06708,2362.92,8,3155.76,4,9,0,0,0
T06709,3249.39,17,263.03,3,2,0,0,1
T06710,7007.61,10,377.88,4,7,0,0,0
T06711,311.24,15,434.96,4,6,0,1,0
T06712,792.2,18,6608.81,5,2,1,0,0
T06713,3702.27,10,2873.99,3,3,0,0,0
T06714,5207.46,17,2663.63,4,7,0,0,0
T06715,5835.34,10,2026.98,1,6,0,0,0
T06716,1608.98,3,866.13,0,6,1,0,1
T06717,280.76,17,2424.82,5,7,1,0,0
T06718,1727.59,18,1319.72,1,5,0,0,0
T06719,786.96,12,392.85,4,1,0,0,1
T06720,1032.53,3,2924.71,2,5,1,0,0
T06721,4438.75,9,346.95,6,9,1,0,0
T06722,235.59,21,528.87,3,2,0,0,0
T06723,5273.49,4,4255.24,2,10,0,1,1
T06724,1674.11,2,2697.89,3,3,0,0,0
T06725,2719.5,15,2492.34,3,2,0,0,0
T06726,281.79,7,1354.08,1,5,0,0,0
T06727,1234.57,23,1261.61,5,5,0,0,0
T06728,281.95,6,2930.08,0,5,0,0,0
T06729,9774.7,18,3367.74,2,6,0,0,0
T06730,4939.27,13,1784.46,3,3,0,0,0
T06731,1846.52,14,8706.23,2,8,0,1,0
T06732,759.27,16,7791.9,2,3,0,0,0
T06733,8129.64,20,1329.4,4,2,0,0,1
T06734,1267.51,0,4295.65,4,9,0,0,1
T06735,526.58,5,1959.15,3,6,0,0,0
T06736,2484.59,22,1792.35,3,7,0,1,0
T06737,8635.13,14,141.33,3,1,1,0,0
T06738,11.51,11,2133.14,2,3,0,0,0
T06739,815.92,20,5770.95,4,7,0,0,0
T06740,8363.6,19,3786.84,6,8,0,0,0
T06741,562.92,1,3858.16,3,2,0,0,1
T06742,360.55,4,435.67,0,5,0,0,1
T06743,2533.22,8,1109.67,0,5,0,0,0
T06744,5938.11,19,663.84,5,9,0,0,0
T06745,1945.15,13,949.18,5,3,1,0,0
T06746,15644.28,17,2166.01,2,5,0,0,1
T06747,3410.55,21,1134.47,2,8,1,0,1
T06748,230.89,7,2056.42,4,3,0,1,0
T06749,14814.44,1,1442.86,1,6,1,0,1
T06750,1572.21,8,844.34,2,9,0,0,0
T06751,1016.52,6,250.67,6,10,0,0,0
T06752,2448.52,17,5560.32,2,4,0,0,0
T06753,1088.54,15,28.6,4,7,1,0,1
T06754,271.28,20,4.13,5,8,1,0,0
T06755,4.29,4,4383.24,1,6,1,0,0
T06756,1791.24,22,14370.07,2,1,1,1,1
T06757,5439.5,14,3246.65,5,6,0,0,0
T06758,2548.11,4,38.48,4,4,0,1,1
T06759,21420.19,10,642.69,1,3,1,0,1
T06760,1014.18,21,8923.1,3,3,0,0,0
T06761,987.41,13,4133.53,7,3,0,0,0
T06762,522.17,18,2091.39,5,1,0,0,0
T06763,537.61,2,675.79,0,10,0,0,1
T06764,1007.2,23,36.19,1,10,0,1,0
T06765,4722.79,9,52.71,5,1,1,0,1
T06766,7085.63,5,2366.75,4,2,0,0,0
T06767,11077.12,2,55.18,1,5,1,0,1
T06768,793.03,1,12640.45,3,7,0,0,0
T06769,6393.41,12,506.47,2,5,0,0,1
T06770,1193.63,17,3100.79,1,3,0,0,0
T06771,359.19,1,421.22,6,5,0,0,0
T06772,6121.24,14,1941.83,1,6,0,0,0
T06773,3032.67,4,210.12,1,4,0,0,0
T06774,540.0,14,3639.42,4,4,0,0,0
T06775,1685.47,20,2198.22,3,1,0,0,0
T06776,1015.91,16,225.27,2,7,0,0,0
T06777,4004.46,1,4719.35,2,8,0,0,0
T06778,1812.2,17,1979.76,5,4,0,0,0
T06779,13606.92,14,6364.58,5,6,0,0,1
T06780,168.9,19,6210.97,3,6,0,0,0
T06781,1315.59,22,6330.24,0,1,0,0,1
T06782,1972.76,2,202.44,1,10,0,0,0
T06783,2098.3,4,322.31,1,4,0,1,0
T06784,1139.11,10,10996.57,1,6,0,0,0
T06785,3919.57,8,1671.63,0,9,0,0,0
T06786,6232.26,4,680.22,1,4,0,1,0
T06787,8376.87,0,3670.55,3,9,0,0,0
T06788,4905.7,13,767.28,5,4,0,0,0
T06789,5702.99,4,3247.68,4,7,0,0,0
T06790,2399.16,7,4539.4,0,7,0,0,0
T06791,5244.17,20,3834.24,1,8,0,0,0
T06792,1085.08,13,800.68,2,7,0,0,0
T06793,1524.88,15,1283.82,3,6,0,0,0
T06794,1143.4,5,1332.9,2,3,0,1,0
T06795,1889.88,7,1689.61,0,10,0,0,0
T06796,1008.85,1,457.92,4,7,0,0,0
T06797,9779.99,18,1505.85,2,6,1,0,0
T06798,1125.58,8,1787.37,6,10,0,0,0
T06799,309.57,4,1896.66,3,8,0,0,0
T06800,2244.82,4,4285.61,4,4,0,0,0
T06801,176.38,18,1821.08,3,7,0,0,0
T06802,351.43,3,655.96,2,7,1,0,1
T06803,743.04,15,2720.14,2,3,0,0,0
T06804,1872.82,15,3990.25,5,8,0,0,0
T06805,1703.52,15,961.85,0,10,0,0,0
T06806,4823.7,6,2591.25,1,2,0,0,0
T06807,4035.17,17,397.31,3,3,0,1,0
T06808,1667.04,23,1046.1,3,1,0,1,0
T06809,1218.06,20,5998.4,1,2,0,0,0
T06810,1141.45,0,6056.47,2,1,0,0,0
T06811,4461.6,2,2141.08,6,6,0,0,0
T06812,160.43,20,3029.6,4,5,0,0,0
T06813,38.71,7,4810.64,1,6,0,1,0
T06814,4762.21,0,7958.36,2,3,0,0,0
T06815,1945.36,6,1682.8,3,7,0,0,0
T06816,420.83,6,2061.42,2,4,0,0,0
T06817,805.86,7,1343.1,3,1,0,0,1
T06818,8087.06,18,186.76,1,3,0,0,0
T06819,5887.71,16,1373.93,3,5,0,0,0
T06820,3711.4,10,3909.1,3,7,0,0,0
T06821,1974.64,14,4085.42,1,9,0,0,0
T06822,2203.93,8,5572.8,1,5,0,0,0
T06823,11096.13,16,132.1,5,1,0,0,0
T06824,10124.0,10,1872.47,3,5,0,0,0
T06825,727.24,5,284.11,4,1,0,0,0
T06826,4999.69,8,560.18,6,7,0,1,0
T06827,659.11,17,5761.88,2,9,0,1,1
T06828,720.63,19,1716.88,4,6,0,1,1
T06829,3381.9,1,3552.68,2,4,0,0,0
T06830,1557.59,3,166.38,3,6,0,1,1
T06831,8044.71,17,1348.18,6,1,0,0,0
T06832,279.67,0,2803.99,0,4,0,0,1
T06833,2149.4,10,357.96,7,6,0,1,1
T06834,7522.25,2,985.64,3,2,0,0,0
T06835,7033.78,7,166.81,2,3,0,0,0
T06836,510.69,4,2634.14,4,4,1,0,1
T06837,1370.14,19,8841.79,3,6,0,0,0
T06838,2895.82,20,4386.82,3,3,0,0,0
T06839,520.9,21,9184.79,2,1,1,0,0
T06840,10328.14,21,4670.6,4,6,0,0,0
T06841,7386.48,4,4830.93,2,8,0,1,1
T06842,547.99,10,2152.01,2,8,0,0,0
T06843,387.44,11,1825.84,4,4,0,0,0
T06844,267.83,21,1303.26,0,6,0,1,1
T06845,7205.35,8,4260.68,3,1,0,0,0
T06846,645.61,20,502.44,3,6,0,0,0
T06847,1615.03,12,144.67,4,1,0,0,0
T06848,1787.25,21,7386.18,2,4,1,1,1
T06849,2741.46,19,9.46,0,9,0,0,0
T06850,223.32,2,9412.17,1,6,0,0,0
T06851,771.49,12,3262.74,1,4,0,0,0
T06852,8042.34,21,995.6,2,10,0,0,1
T06853,7171.3,10,2991.83,2,4,1,0,0
T06854,4560.03,10,4257.66,2,4,1,0,0
T06855,58.78,20,703.79,3,10,0,0,0
T06856,1188.06,19,3683.94,2,7,0,0,0
T06857,2966.25,20,4078.82,8,9,0,1,1
T06858,965.54,6,717.05,6,6,0,0,0
T06859,7210.09,16,107.08,3,7,0,0,0
T06860,3014.46,15,570.77,3,4,1,0,1
T06861,223.87,13,559.88,3,5,0,0,0
T06862,7190.87,0,168.66,2,9,0,0,1
T06863,9493.64,10,3236.64,2,8,0,0,0
T06864,242.69,12,1194.99,2,10,0,0,0
T06865,2280.17,0,5393.75,5,2,0,0,1
T06866,1084.48,1,726.45,2,8,0,0,0
T06867,1496.88,8,1509.33,5,3,0,0,0
T06868,594.08,12,2547.31,3,2,0,0,0
T06869,2588.76,4,5248.4,5,2,0,0,0
T06870,9508.78,8,1859.11,1,4,0,0,0
T06871,2097.93,12,1169.11,3,1,0,0,0
T06872,259.66,4,5043.8,2,5,0,0,0
T06873,2902.76,14,928.55,3,7,0,0,0
T06874,1247.56,6,206.89,1,2,1,0,0
T06875,5812.27,13,1472.16,4,5,0,0,0
T06876,1711.08,15,3843.88,2,4,0,0,0
T06877,642.7,5,78.16,3,6,0,0,0
T06878,636.26,1,2204.01,1,1,0,0,0
T06879,4392.95,15,2256.36,3,1,1,0,0
T06880,926.05,18,6596.61,2,2,1,0,1
T06881,4373.16,4,843.81,6,4,0,0,0
T06882,691.59,3,817.22,0,1,0,0,0
T06883,1164.44,13,1451.71,1,5,0,0,0
T06884,1879.2,5,1103.7,2,6,0,1,0
T06885,8604.44,7,3332.79,4,10,1,0,1
T06886,8052.92,23,2566.33,2,4,0,0,0
T06887,695.31,2,3556.58,6,7,0,1,1
T06888,1330.52,3,4287.58,7,5,0,0,0
T06889,485.44,0,6409.26,4,9,1,0,1
T06890,2139.96,1,1409.41,2,9,0,0,0
T06891,1851.8,12,10449.33,0,4,1,0,0
T06892,6930.65,8,607.28,0,10,1,0,1
T06893,7978.01,11,3132.6,5,6,0,0,0
T06894,1451.42,9,1908.97,4,2,0,1,1
T06895,2030.27,9,4244.32,2,2,0,1,0
T06896,6796.92,17,1619.34,4,3,0,0,0
T06897,4930.66,11,3830.48,3,10,0,0,0
T06898,10.99,21,6654.18,5,2,0,0,0
T06899,1157.25,15,3294.67,3,9,0,0,0
T06900,1643.37,22,3741.33,3,4,0,1,0
T06901,782.99,5,173.85,3,5,0,1,0
T06902,667.82,23,573.4,7,2,0,0,0
T06903,115.55,23,9153.52,4,8,0,0,0
T06904,3093.17,20,2953.79,4,8,0,0,0
T06905,913.51,23,2060.7,7,7,0,0,0
T06906,161.3,9,1143.12,1,7,0,1,0
T06907,787.91,14,113.51,1,7,0,0,0
T06908,4857.16,8,1151.66,5,8,0,0,0
T06909,5721.29,23,1727.44,4,4,0,1,1
T06910,1979.52,1,593.93,3,6,1,0,1
T06911,1613.93,17,475.29,5,8,0,0,0
T06912,11430.25,11,1775.31,5,8,0,0,0
T06913,671.55,2,2204.15,9,4,1,0,1
T06914,727.59,6,685.82,3,1,0,0,0
T06915,1035.37,8,2213.13,5,2,0,0,0
T06916,568.97,7,5764.98,5,4,0,0,0
T06917,1431.04,5,1602.21,3,9,0,0,0
T06918,7251.77,0,4869.11,5,3,0,0,1
T06919,2866.25,13,6552.55,1,5,1,0,1
T06920,1592.81,15,242.36,3,1,0,0,0
T06921,8173.03,15,251.79,3,5,0,0,1
T06922,149.03,3,1615.87,6,1,0,0,0
T06923,708.22,5,2217.45,3,6,0,0,0
T06924,2503.36,14,1387.31,3,1,0,0,0
T06925,2867.85,21,987.99,4,2,0,0,0
T06926,121.08,7,2561.04,5,9,0,0,0
T06927,1547.71,0,5.21,2,3,0,1,1
T06928,3142.22,12,8610.78,1,9,0,0,0
T06929,3592.69,17,660.17,1,4,0,0,0
T06930,3049.49,17,6225.26,2,5,0,0,0
T06931,1159.47,12,288.57,1,7,1,0,0
T06932,294.56,21,679.81,0,4,0,1,1
T06933,1671.2,13,669.29,3,10,0,0,0
T06934,413.49,10,13901.09,1,10,0,0,0
T06935,8847.9,6,11.53,2,6,0,0,0
T06936,1934.05,17,2551.62,1,9,0,0,0
T06937,1144.92,20,5094.53,3,8,0,0,0
T06938,4361.2,21,2788.94,0,1,0,0,1
T06939,2067.16,3,1126.42,2,6,0,0,1
T06940,1113.34,16,7943.7,0,9,0,0,0
T06941,5013.43,18,5599.51,5,3,0,0,0
T06942,6055.65,13,1422.7,3,3,1,0,0
T06943,3353.46,9,2129.35,1,10,0,0,0
T06944,144.31,5,8567.76,3,5,0,0,1
T06945,2506.36,17,10122.52,4,9,1,0,0
T06946,4322.82,3,1493.79,5,3,0,0,1
T06947,440.29,10,4699.02,1,5,1,0,0
T06948,778.92,12,898.77,4,5,0,0,0
T06949,6423.83,7,1162.29,2,8,0,0,0
T06950,60.98,9,450.28,7,2,0,0,0
T06951,4191.79,22,586.73,3,8,0,0,0
T06952,1926.07,10,2674.14,6,1,0,0,0
T06953,1775.96,2,1787.37,3,5,0,1,0
T06954,21.37,14,657.09,4,3,0,0,0
T06955,5134.38,7,1289.22,1,5,0,0,0
T06956,1338.04,19,1167.75,0,9,0,0,0
T06957,2334.58,17,10927.26,7,1,0,0,0
T06958,3393.1,20,4802.95,4,6,0,0,0
T06959,3638.33,0,1227.42,1,10,0,0,0
T06960,9369.34,23,6131.1,2,6,0,0,0
T06961,2273.63,7,1048.79,2,7,0,0,0
T06962,1531.07,2,2755.81,3,10,0,0,0
T06963,9218.07,0,8501.74,3,10,0,0,0
T06964,3082.59,19,1236.88,3,5,0,0,0
T06965,1062.11,15,2847.69,0,7,0,1,0
T06966,405.62,8,877.17,1,2,0,0,0
T06967,5546.03,16,774.18,1,2,1,0,1
T06968,1349.11,15,2134.21,3,10,0,0,0
T06969,3240.58,22,9689.78,3,8,1,0,0
T06970,1909.26,5,1508.88,2,6,0,1,0
T06971,665.42,22,6936.96,1,5,1,0,0
T06972,2761.55,6,6144.11,3,3,0,0,0
T06973,187.81,23,731.78,3,4,0,1,0
T06974,1599.94,15,1284.66,1,8,0,0,0
T06975,2373.04,7,2577.17,1,10,1,0,0
T06976,1718.35,9,1824.77,1,7,0,0,0
T06977,4142.99,13,252.2,4,9,1,0,1
T06978,5279.47,10,12667.23,6,3,0,0,0
T06979,4425.29,1,3492.42,0,6,0,0,0
T06980,118.76,11,1439.27,2,7,0,1,0
T06981,647.49,19,2406.94,3,2,0,1,0
T06982,2307.54,19,229.12,3,4,1,0,0
T06983,8191.9,12,1709.49,4,1,0,0,1
T06984,5404.64,14,6678.06,4,4,0,1,0
T06985,5545.65,11,5672.9,0,2,0,0,0
T06986,1083.81,12,1028.89,4,7,0,0,0
T06987,1683.45,7,1894.84,5,1,1,0,0
T06988,1908.63,15,2988.22,2,6,0,0,0
T06989,513.69,2,1038.82,7,3,0,0,0
T06990,94.68,12,167.7,5,8,0,0,0
T06991,8806.9,11,1760.23,1,8,0,0,0
T06992,826.12,18,2300.97,3,7,0,0,0
T06993,823.11,1,14.65,5,7,0,0,1
T06994,261.18,0,251.14,2,1,1,0,1
T06995,7914.5,7,580.75,4,9,0,0,0
T06996,2600.62,8,1069.48,3,3,0,0,0
T06997,3299.17,7,1947.04,0,8,0,0,0
T06998,7276.87,20,869.79,6,2,0,0,1
T06999,1272.2,16,808.04,6,1,0,0,0
T07000,2914.68,8,5088.07,5,1,0,0,1
T07001,118.72,5,391.78,4,8,0,0,0
T07002,620.23,14,1710.27,4,9,0,0,0
T07003,5337.94,22,7634.71,1,3,0,0,0
T07004,4367.17,23,2452.16,7,7,0,0,0
T07005,1295.32,12,3157.59,1,2,0,0,0
T07006,1418.71,20,1410.73,3,8,0,0,0
T07007,2287.84,21,50.33,5,3,0,0,0
T07008,0.72,11,2597.07,2,10,0,0,1
T07009,828.23,12,2498.67,4,10,1,1,0
T07010,700.46,6,292.54,3,5,0,0,0
T07011,864.98,22,1550.48,5,7,0,1,0
T07012,4918.24,17,6172.45,4,9,1,0,1
T07013,984.15,13,573.8,3,1,1,0,0
T07014,637.8,10,1545.56,4,5,0,1,0
T07015,2105.13,13,1545.58,3,1,0,0,0
T07016,6021.81,16,4161.87,1,2,0,0,0
T07017,828.64,23,4351.37,4,10,1,0,1
T07018,245.38,20,3560.19,1,4,0,0,0
T07019,1322.06,1,1137.11,3,10,0,0,0
T07020,4130.84,18,186.91,0,3,0,0,0
T07021,2400.13,15,1074.97,5,10,0,1,0
T07022,5091.42,21,2846.95,1,5,0,0,0
T07023,9626.19,9,3032.93,5,6,0,0,0
T07024,4720.22,21,8381.03,1,1,0,0,0
T07025,2777.53,7,1511.2,2,9,0,0,0
T07026,2039.75,20,2502.14,9,10,0,1,0
T07027,122.68,4,1936.93,4,2,1,0,0
T07028,12466.49,6,408.12,5,8,0,0,1
T07029,1451.0,12,1546.04,0,9,1,0,0
T07030,495.43,15,1967.74,4,1,1,0,1
T07031,3296.22,4,7527.09,2,2,0,0,0
T07032,1003.43,15,1141.39,3,3,0,0,0
T07033,2644.06,14,9792.48,2,9,0,0,1
T07034,2651.24,8,1953.85,3,3,0,0,0
T07035,1770.31,21,694.23,2,6,0,1,0
T07036,5425.84,22,531.94,3,9,0,0,0
T07037,923.52,11,381.99,2,7,0,1,0
T07038,1786.06,7,1507.96,1,10,0,0,0
T07039,2314.57,12,55.43,6,6,1,0,1
T07040,3268.58,4,1472.17,2,2,0,0,1
T07041,4597.04,13,11142.89,5,6,1,0,0
T07042,1506.62,15,2772.47,3,10,0,0,0
T07043,3115.77,10,3565.56,3,1,0,0,1
T07044,489.71,19,316.76,4,7,0,0,0
T07045,8093.47,11,1601.87,3,6,1,0,1
T07046,1448.94,14,842.96,4,8,0,0,0
T07047,3922.69,23,5613.09,1,2,0,0,0
T07048,61.65,11,500.07,3,1,0,0,0
T07049,688.95,8,1534.61,4,9,0,0,0
T07050,2002.92,0,2217.12,5,9,1,0,0
T07051,6317.42,2,1804.08,3,10,0,0,0
T07052,2247.6,11,4433.48,2,7,0,0,0
T07053,7972.23,19,658.13,3,1,0,1,1
T07054,1983.76,12,1184.59,2,2,0,0,0
T07055,2022.68,22,3926.56,5,9,0,1,0
T07056,382.64,5,1877.32,6,5,0,0,0
T07057,4868.42,9,1285.9,6,2,0,0,0
T07058,850.93,9,74.71,4,5,0,0,0
T07059,6896.15,15,3499.82,2,1,0,0,0
T07060,7251.44,0,8955.19,1,10,0,0,0
T07061,8610.48,15,2420.85,4,5,0,0,1
T07062,2203.35,3,4854.27,1,7,0,0,0
T07063,3391.18,5,1818.7,2,8,0,0,0
T07064,4522.21,18,658.88,4,3,0,0,0
T07065,421.29,1,36.37,2,4,1,1,1
T07066,2756.06,17,2648.95,1,2,0,1,0
T07067,104.7,9,1698.65,5,1,0,0,0
T07068,2064.87,3,3809.28,4,10,0,0,0
T07069,504.7,0,2966.01,4,8,1,0,0
T07070,606.07,14,11047.22,2,7,1,0,0
T07071,1362.62,9,1784.97,2,8,1,0,0
T07072,1699.21,17,1392.94,1,5,0,0,0
T07073,2927.9,15,844.77,1,5,0,0,1
T07074,232.03,12,1619.77,3,1,1,0,1
T07075,2101.67,14,5156.39,1,9,0,0,0
T07076,604.97,1,108.42,4,3,0,0,0
T07077,2559.77,19,9530.45,5,1,1,1,1
T07078,3043.4,3,12516.81,0,4,0,0,0
T07079,2440.59,0,2277.15,3,4,0,1,0
T07080,4021.62,6,1006.96,4,8,0,0,0
T07081,1226.65,22,630.94,2,10,1,0,1
T07082,4345.87,10,809.1,5,10,0,0,0
T07083,1700.96,9,128.51,5,5,1,0,1
T07084,1986.02,0,1611.42,1,10,0,0,1
T07085,3133.24,10,147.58,3,5,0,0,0
T07086,55.59,23,3168.83,3,1,0,0,0
T07087,3183.9,9,1162.76,2,4,0,0,0
T07088,2891.6,13,555.87,6,8,0,0,0
T07089,1112.53,13,1967.84,0,8,0,0,0
T07090,269.1,6,9101.11,2,4,0,0,0
T07091,286.02,22,2969.68,6,3,1,0,0
T07092,7700.58,10,1691.94,0,4,0,0,0
T07093,3506.58,21,3750.5,2,6,0,1,0
T07094,407.81,3,3343.54,3,3,0,0,0
T07095,1323.54,23,5557.94,5,3,0,1,0
T07096,2693.02,1,572.49,0,9,0,0,0
T07097,5415.84,6,4895.32,0,3,0,0,0
T07098,133.93,18,895.35,4,1,0,0,0
T07099,810.05,13,7075.5,1,3,1,0,0
T07100,6614.99,18,824.96,6,8,0,0,0
T07101,27.62,6,6538.06,4,9,0,0,0
T07102,674.68,11,8296.1,2,4,0,0,0
T07103,9584.32,2,393.07,1,6,0,0,0
T07104,2851.11,14,9172.68,2,10,0,0,0
T07105,910.1,4,224.05,5,8,0,1,0
T07106,208.02,7,616.57,2,7,0,0,0
T07107,85.79,13,1468.23,1,8,0,0,0
T07108,842.1,3,12627.61,3,3,0,0,1
T07109,6398.17,6,1676.33,4,4,1,0,1
T07110,1613.12,6,1998.54,0,1,0,0,0
T07111,3822.47,17,2963.9,6,4,0,0,0
T07112,7513.55,13,8628.09,5,5,1,0,0
T07113,1572.95,7,3823.7,3,2,0,0,0
T07114,636.9,11,634.5,5,1,0,0,1
T07115,2183.95,9,902.39,2,5,0,0,0
T07116,7160.63,13,256.82,5,8,0,0,0
T07117,4894.66,8,2585.24,0,8,0,0,0
T07118,204.29,5,498.39,3,9,0,0,0
T07119,3538.55,4,744.01,3,8,0,0,0
T07120,2545.18,0,5475.68,3,7,0,0,1
T07121,7140.45,0,989.12,3,1,0,0,1
T07122,391.97,19,2090.5,4,10,1,1,1
T07123,2290.94,16,1266.94,2,1,0,1,0
T07124,6347.39,10,192.29,7,8,0,0,0
T07125,1583.02,11,1126.93,2,5,0,0,0
T07126,1973.31,2,1310.91,2,6,1,0,0
T07127,219.2,5,5651.24,3,4,0,0,0
T07128,977.79,10,980.57,8,4,1,1,0
T07129,1176.94,12,1192.03,1,10,0,0,0
T07130,8707.95,10,3818.46,1,9,0,0,0
T07131,996.65,7,3556.95,5,8,0,0,0
T07132,1853.39,9,4002.25,3,4,1,0,0
T07133,3337.87,1,7685.36,1,7,0,0,0
T07134,530.87,23,3968.67,3,8,0,1,1
T07135,1999.18,13,1308.97,4,7,0,0,0
T07136,4024.41,15,4308.04,3,5,0,0,0
T07137,6048.95,16,1776.62,4,10,0,0,0
T07138,2952.58,10,813.34,5,1,0,1,0
T07139,3317.4,1,902.13,2,6,1,0,0
T07140,405.0,23,633.5,4,8,0,0,0
T07141,8743.92,22,391.61,7,6,0,0,0
T07142,426.68,4,509.86,5,8,0,0,0
T07143,4470.61,15,163.16,2,6,0,0,0
T07144,922.9,15,5483.23,2,2,0,0,0
T07145,8135.86,1,6684.4,4,6,0,0,0
T07146,3818.46,15,2209.38,5,9,1,0,0
T07147,4205.0,4,4589.11,2,2,0,1,0
T07148,741.77,7,507.04,3,3,0,0,0
T07149,1755.79,19,5798.66,3,9,0,0,0
T07150,2885.54,13,1764.88,4,7,0,0,0
T07151,4408.68,9,173.82,1,1,1,1,1
T07152,329.31,22,380.88,3,4,0,0,0
T07153,9839.49,1,923.95,2,4,1,0,1
T07154,6627.85,2,111.34,3,10,0,0,0
T07155,945.57,17,925.1,6,5,0,1,0
T07156,5190.76,20,154.5,4,7,0,1,1
T07157,2191.45,1,673.06,5,5,0,0,1
T07158,1858.61,20,771.99,4,10,0,0,0
T07159,1132.53,8,12948.66,4,6,1,0,0
T07160,2609.43,1,671.49,5,9,0,0,1
T07161,3926.77,6,683.42,6,2,1,0,1
T07162,1587.65,6,2902.2,2,6,0,0,0
T07163,2976.43,13,4903.83,4,6,0,0,0
T07164,3605.06,4,1223.7,3,1,0,0,1
T07165,3725.25,7,5210.99,2,6,1,0,0
T07166,160.1,22,1039.33,3,7,0,0,0
T07167,5892.94,21,548.55,1,7,0,0,1
T07168,1838.87,17,999.85,2,3,0,0,0
T07169,913.13,5,2349.9,4,8,0,0,0
T07170,830.28,13,1143.78,5,7,0,0,0
T07171,1979.22,17,2793.68,5,4,0,0,0
T07172,6536.63,16,676.03,1,4,0,0,0
T07173,1426.12,8,3018.22,3,10,0,0,0
T07174,4155.59,12,1067.12,6,7,0,0,0
T07175,305.5,15,1521.41,1,2,0,0,0
T07176,1939.12,20,2039.67,5,5,1,0,1
T07177,14369.49,9,2897.7,7,6,1,0,0
T07178,4414.74,9,681.86,3,4,0,0,0
T07179,709.17,3,4518.89,4,1,0,0,1
T07180,2088.1,11,3198.92,4,1,0,0,0
T07181,798.25,7,666.75,1,3,0,0,0
T07182,1580.67,14,9219.66,3,9,0,0,0
T07183,4543.53,20,2732.55,1,2,0,0,0
T07184,4425.05,22,1505.65,3,5,0,0,0
T07185,776.7,18,428.54,4,7,0,0,0
T07186,7661.74,14,1904.75,3,2,0,1,0
T07187,2693.65,7,450.14,4,1,0,0,1
T07188,1433.74,7,1403.07,2,7,1,0,0
T07189,2091.08,18,1313.63,1,5,0,0,0
T07190,2787.15,8,3181.88,5,7,0,0,0
T07191,2462.2,23,534.17,1,1,0,0,0
T07192,1998.96,16,4313.12,7,6,0,1,0
T07193,2109.19,7,986.8,2,6,0,0,0
T07194,582.25,11,1467.42,3,7,1,0,0
T07195,5025.66,14,3699.77,2,8,0,0,0
T07196,2341.09,3,2454.69,4,9,0,0,1
T07197,421.51,5,920.51,5,10,0,0,0
T07198,4359.32,15,1220.23,5,5,0,0,0
T07199,8084.39,4,912.44,3,4,0,0,1
T07200,8829.81,22,2258.25,2,5,0,0,0
T07201,1381.43,12,1011.01,5,10,0,0,0
T07202,436.87,14,3233.81,1,5,0,0,0
T07203,2191.92,16,2167.48,4,9,0,1,0
T07204,358.41,21,393.7,1,7,0,0,0
T07205,8153.73,19,928.63,2,2,1,1,1
T07206,608.48,21,625.8,3,2,0,0,0
T07207,874.13,4,1237.02,6,1,0,0,0
T07208,1565.84,18,1814.09,2,2,0,0,0
T07209,1449.46,6,1766.91,1,2,0,1,0
T07210,4749.31,2,3511.39,6,5,0,0,0
T07211,1828.17,12,524.25,3,9,0,0,0
T07212,561.77,13,7318.91,1,7,0,0,0
T07213,932.69,15,1049.59,3,5,1,0,0
T07214,2134.63,12,892.58,5,10,0,0,0
T07215,478.58,1,2889.37,1,4,0,0,0
T07216,2837.59,13,4093.52,1,6,0,0,0
T07217,2502.39,19,1188.93,3,4,1,0,0
T07218,3762.67,6,3434.4,2,10,0,1,0
T07219,8327.6,4,5379.73,5,7,0,0,0
T07220,7299.95,13,3639.69,5,3,1,1,0
T07221,8760.52,8,86.99,2,8,0,0,0
T07222,841.98,9,4391.5,1,8,0,0,0
T07223,423.19,6,3723.38,2,3,0,1,0
T07224,1079.8,13,2766.29,5,7,0,0,0
T07225,6763.82,13,3568.02,4,1,1,0,0
T07226,10732.39,1,9709.24,3,5,0,0,0
T07227,5883.91,16,1410.18,6,9,0,0,0
T07228,349.66,19,173.97,5,2,0,0,0
T07229,8836.71,3,1544.59,3,3,0,0,0
T07230,1651.6,12,118.87,5,4,1,1,1
T07231,28.06,17,871.24,1,2,0,0,0
T07232,1752.31,2,2210.04,2,10,0,0,1
T07233,141.49,18,926.29,5,6,0,0,0
T07234,2354.98,4,2891.1,1,5,0,1,1
T07235,1239.98,0,4314.74,1,5,1,0,0
T07236,1924.14,8,1363.71,3,8,0,0,0
T07237,2849.31,23,5759.91,7,6,0,0,0
T07238,6093.12,7,208.02,3,1,0,0,0
T07239,3253.25,2,4583.22,3,1,0,1,1
T07240,1707.74,1,4409.0,4,10,0,0,0
T07241,5134.87,0,971.5,4,10,0,0,1
T07242,7080.08,11,887.1,1,5,0,0,0
T07243,382.68,21,909.95,3,3,0,0,0
T07244,2277.43,12,4170.23,4,8,0,0,1
T07245,1004.37,9,4454.33,5,2,0,0,0
T07246,144.61,16,1000.16,2,5,0,0,0
T07247,3312.81,10,2244.84,1,6,0,0,0
T07248,5958.31,4,373.96,3,3,1,0,0
T07249,533.44,8,1581.44,3,8,0,0,0
T07250,5020.55,12,16798.73,2,8,0,0,0
T07251,5760.06,19,432.43,4,6,0,1,0
T07252,7372.12,22,7370.34,2,9,0,0,0
T07253,924.82,10,4346.8,0,3,0,0,0
T07254,7028.75,22,8958.12,4,3,0,1,0
T07255,1159.91,3,494.84,4,8,1,0,1
T07256,2411.15,20,600.47,2,10,0,0,0
T07257,155.48,10,42.53,3,4,0,0,0
T07258,134.62,8,3224.75,3,10,0,1,0
T07259,3822.9,6,2582.73,3,1,0,1,0
T07260,1763.55,15,490.24,3,8,0,0,0
T07261,888.32,22,3915.29,0,8,0,0,0
T07262,633.69,22,888.82,6,5,0,1,0
T07263,3325.57,4,362.55,4,2,0,0,0
T07264,1.2,5,1372.89,2,7,0,0,0
T07265,4918.01,18,238.44,3,4,0,0,0
T07266,247.7,0,763.75,1,8,1,0,0
T07267,637.69,15,1160.39,1,10,0,0,0
T07268,1464.44,17,4774.06,3,6,0,1,0
T07269,1989.94,23,3932.15,1,7,0,0,0
T07270,1315.49,12,1461.87,2,10,0,0,0
T07271,1160.13,0,3223.6,5,2,1,0,1
T07272,9965.72,9,2102.09,5,5,0,1,0
T07273,3078.15,6,1041.98,3,4,0,0,0
T07274,71.14,4,3235.42,5,3,0,0,0
T07275,1687.28,12,2876.07,3,7,0,0,0
T07276,6238.53,21,2413.01,10,1,0,1,0
T07277,1076.27,15,2405.55,2,6,0,0,0
T07278,297.99,23,2871.99,1,3,1,1,0
T07279,4261.23,19,1213.49,1,7,1,0,0
T07280,2794.32,21,5082.84,4,9,1,0,0
T07281,2534.09,13,442.76,2,3,0,0,0
T07282,165.2,10,5382.95,8,1,0,0,0
T07283,454.21,18,1047.45,2,3,0,1,0
T07284,2922.95,22,333.92,2,9,0,0,0
T07285,698.91,1,2290.9,2,10,0,0,1
T07286,2103.96,7,1178.96,4,4,0,1,0
T07287,2361.59,12,4225.26,0,3,0,0,0
T07288,1000.16,6,1408.74,2,7,1,0,0
T07289,8894.16,11,2760.79,1,7,1,0,1
T07290,5544.31,7,921.36,5,4,0,0,0
T07291,3844.44,15,587.57,3,9,0,0,0
T07292,243.61,17,1227.76,3,9,0,0,0
T07293,336.58,18,2333.64,4,2,0,0,0
T07294,2036.44,3,2674.67,1,7,0,1,0
T07295,525.61,11,2158.1,2,8,0,0,0
T07296,11486.56,15,11068.76,3,8,0,0,0
T07297,517.78,20,2936.76,4,10,0,0,0
T07298,2005.18,21,6703.02,2,1,0,0,0
T07299,1358.24,16,313.72,3,2,0,0,0
T07300,3059.84,3,158.34,2,8,0,0,1
T07301,414.47,19,931.27,4,7,0,0,0
T07302,1688.02,23,367.16,1,7,1,0,1
T07303,963.53,23,1865.68,3,1,1,0,0
T07304,6561.12,21,1829.62,4,2,0,0,0
T07305,124.3,23,2139.44,6,2,0,0,0
T07306,7350.73,8,3418.46,2,3,0,1,0
T07307,5369.18,4,8879.73,2,3,1,0,0
T07308,1059.63,16,5264.64,1,3,0,0,0
T07309,4671.83,16,314.95,3,4,0,1,0
T07310,95.13,1,1033.16,4,4,0,0,0
T07311,10221.55,1,738.69,4,9,1,0,1
T07312,2243.41,20,486.44,6,3,0,0,0
T07313,1084.12,22,1967.13,4,3,0,0,0
T07314,1350.99,6,2014.47,3,9,0,0,0
T07315,206.14,3,644.48,2,4,0,0,0
T07316,13626.45,12,3111.1,3,6,0,0,1
T07317,120.25,19,3300.46,5,10,0,0,0
T07318,3191.83,10,53.01,3,5,1,0,0
T07319,1754.15,2,1259.45,3,10,0,1,1
T07320,8922.86,1,5521.39,3,3,0,0,1
T07321,847.09,15,1836.58,4,8,0,0,0
T07322,2278.42,2,1067.85,1,5,1,0,0
T07323,1975.4,23,731.49,1,8,0,0,0
T07324,3640.72,14,697.15,0,6,0,0,0
T07325,211.3,16,262.76,2,9,0,0,0
T07326,646.23,15,4248.77,3,2,1,1,0
T07327,724.55,19,226.61,5,7,0,0,1
T07328,4019.96,6,864.32,2,10,0,0,0
T07329,628.97,15,116.88,2,4,0,0,0
T07330,2556.37,4,3801.13,2,10,0,1,1
T07331,727.15,1,100.19,4,7,0,0,0
T07332,5933.36,0,921.51,5,9,0,1,1
T07333,8551.54,21,2129.17,2,10,0,0,0
T07334,2192.5,12,1317.22,3,1,0,0,0
T07335,1303.02,15,829.16,2,5,0,0,0
T07336,799.95,4,804.61,1,6,0,0,0
T07337,153.19,2,3996.13,1,4,1,0,0
T07338,937.97,14,9122.04,2,10,1,0,0
T07339,3185.99,15,1069.43,4,6,0,0,0
T07340,2288.24,10,99.83,2,1,0,1,0
T07341,8649.42,18,93.13,2,8,0,0,0
T07342,1513.92,17,3559.61,3,6,0,0,0
T07343,3551.17,20,2009.47,2,10,0,0,0
T07344,2016.05,8,3826.48,2,4,0,0,0
T07345,2155.86,7,2989.16,0,5,0,0,0
T07346,935.0,21,5951.54,1,8,1,0,0
T07347,1820.64,18,5425.04,4,2,1,0,0
T07348,1909.08,21,3881.79,2,4,1,0,0
T07349,3679.09,4,1611.79,2,7,0,0,0
T07350,8472.4,16,920.88,1,2,0,0,0
T07351,1198.4,4,1768.25,1,6,0,0,1
T07352,129.35,13,1743.25,3,9,0,0,0
T07353,2057.29,6,2355.79,1,2,0,0,0
T07354,2358.82,8,514.79,2,4,0,0,0
T07355,553.36,16,2665.02,1,10,0,0,0
T07356,4287.16,2,1524.78,3,10,0,0,0
T07357,12584.97,7,2420.31,3,5,0,0,1
T07358,8743.82,21,684.79,3,10,1,0,0
T07359,658.6,12,1424.65,3,8,0,0,0
T07360,6247.06,15,589.94,3,5,0,0,0
T07361,3657.19,20,5204.71,6,5,0,0,0
T07362,1814.57,9,1673.39,7,10,0,0,0
T07363,2333.57,17,637.17,3,9,1,0,1
T07364,5683.37,2,105.2,2,10,0,0,1
T07365,1962.56,11,2815.51,4,6,0,0,0
T07366,1401.42,15,604.05,3,5,0,0,0
T07367,2039.2,17,11410.6,7,3,0,0,0
T07368,2596.29,16,1907.32,3,1,0,1,0
T07369,628.75,6,852.63,4,6,0,0,0
T07370,6935.11,18,2680.0,1,10,0,0,0
T07371,3364.29,22,804.72,2,9,0,0,0
T07372,3009.38,22,4290.81,4,4,1,0,0
T07373,314.4,7,921.28,3,8,0,0,0
T07374,2780.34,16,11109.27,0,2,0,1,0
T07375,386.78,20,2323.09,4,2,0,0,0
T07376,245.9,6,4651.35,2,4,0,0,0
T07377,2247.95,0,189.01,1,2,0,0,1
T07378,1546.44,7,1070.43,3,6,1,0,0
T07379,2666.1,18,3343.64,3,8,0,0,0
T07380,280.37,19,2660.95,2,3,0,0,0
T07381,1691.54,19,539.93,4,3,1,0,0
T07382,576.34,9,1100.93,4,4,1,0,1
T07383,13051.6,11,764.42,1,5,1,0,1
T07384,2470.79,23,2375.72,4,3,0,0,0
T07385,3488.85,0,1056.15,5,6,0,1,1
T07386,1180.99,23,924.23,9,5,0,0,1
T07387,298.6,20,581.02,3,8,0,1,0
T07388,11173.01,3,1314.96,4,10,0,0,1
T07389,1011.71,3,543.84,4,4,0,0,1
T07390,1653.94,8,8213.18,5,6,0,0,0
T07391,3148.3,14,419.57,6,9,0,0,0
T07392,75.02,23,6113.39,6,6,0,0,0
T07393,4986.29,14,1398.61,6,10,0,0,0
T07394,2307.35,6,1186.5,3,5,0,1,0
T07395,978.09,11,657.7,4,8,0,0,0
T07396,190.76,2,2524.83,6,4,0,0,1
T07397,532.0,19,2892.15,3,6,0,1,0
T07398,6762.35,8,1575.76,4,7,0,0,0
T07399,3475.32,13,143.3,0,10,0,0,0
T07400,862.65,12,6268.19,3,6,0,0,0
T07401,203.55,23,9821.54,1,8,0,0,0
T07402,3519.51,11,1409.88,5,2,1,0,0
T07403,2548.76,0,2377.6,2,5,0,0,1
T07404,1555.16,18,1495.95,5,3,1,0,0
T07405,1355.84,15,971.08,3,4,0,0,0
T07406,733.16,11,201.18,1,10,0,0,0
T07407,3322.46,9,1522.33,3,8,0,0,0
T07408,10587.23,1,4264.66,1,2,0,1,1
T07409,579.72,17,42.95,4,9,0,0,0
T07410,2727.32,12,2181.33,3,7,0,1,0
T07411,1655.91,23,5316.8,5,1,0,1,0
T07412,1775.5,5,613.31,1,3,0,0,0
T07413,879.68,11,506.07,7,8,0,0,0
T07414,5231.22,21,3699.06,3,2,0,0,0
T07415,1992.25,3,736.22,3,10,0,0,0
T07416,2351.88,0,532.93,4,7,0,1,0
T07417,1090.5,10,1186.99,2,1,1,1,1
T07418,601.98,22,1246.02,4,3,0,1,0
T07419,269.48,7,5180.69,2,10,0,1,0
T07420,3756.54,1,2408.74,1,2,0,0,1
T07421,655.34,1,1302.03,2,2,0,1,1
T07422,3514.28,15,1911.01,2,10,0,0,0
T07423,1484.74,0,7695.9,3,2,0,0,0
T07424,1612.41,3,300.38,1,4,0,1,0
T07425,1899.98,5,582.09,5,6,0,0,0
T07426,1375.21,20,8210.45,1,1,0,0,0
T07427,318.15,19,7885.35,2,10,0,0,0
T07428,1111.59,13,487.5,5,7,0,0,1
T07429,3269.56,19,391.95,3,7,1,0,0
T07430,3287.91,14,1366.5,4,1,0,0,0
T07431,1011.56,6,127.49,2,10,0,0,0
T07432,1849.13,6,2659.83,5,9,1,0,0
T07433,644.96,17,201.66,2,8,1,0,1
T07434,708.58,22,149.45,3,2,1,0,0
T07435,69.95,1,1659.88,0,7,0,1,0
T07436,6811.71,19,7912.55,5,2,0,0,0
T07437,709.85,14,1391.28,4,4,1,0,0
T07438,774.5,0,1102.01,2,5,0,0,0
T07439,983.85,20,15482.99,1,10,0,0,0
T07440,408.86,16,1898.05,3,3,0,0,0
T07441,3058.82,19,1175.97,4,7,1,0,0
T07442,234.35,12,1218.83,6,7,0,0,0
T07443,432.31,11,542.16,3,6,0,1,1
T07444,3104.86,23,1794.74,3,7,0,0,0
T07445,1245.0,21,1444.44,3,3,0,1,0
T07446,3692.47,14,789.5,3,7,1,0,0
T07447,2445.43,23,437.49,1,7,0,0,0
T07448,887.23,4,932.15,2,9,1,1,1
T07449,3156.57,6,1776.67,3,2,0,0,0
T07450,370.82,7,150.26,4,3,0,0,0
T07451,2306.27,22,417.33,3,4,0,1,0
T07452,1724.22,13,7374.86,1,8,0,1,0
T07453,935.41,3,1956.89,3,1,0,0,0
T07454,2779.06,20,163.88,4,2,1,0,0
T07455,6151.6,13,2952.98,5,2,1,0,0
T07456,20450.18,9,159.49,6,2,0,0,0
T07457,2807.67,21,3356.88,1,2,0,0,0
T07458,1556.1,15,3465.36,2,7,0,0,0
T07459,765.48,10,2632.27,2,6,1,0,0
T07460,891.57,21,3293.83,2,7,0,0,0
T07461,1958.64,13,230.19,7,6,0,0,0
T07462,1373.17,13,3243.7,4,10,0,0,0
T07463,7353.76,1,367.45,2,1,1,0,1
T07464,1378.0,21,1036.92,3,6,0,0,0
T07465,1402.55,12,7150.61,2,4,0,1,0
T07466,1451.26,2,1747.29,3,9,1,0,0
T07467,5435.03,17,8560.64,2,6,0,0,0
T07468,3156.23,21,232.82,1,9,1,0,0
T07469,2857.07,3,1623.1,1,8,0,0,0
T07470,1220.04,20,161.09,5,5,0,0,1
T07471,5109.67,20,2487.05,3,10,0,1,0
T07472,117.36,18,204.94,6,7,0,0,0
T07473,6139.12,15,482.04,1,8,1,0,1
T07474,2156.93,3,748.81,3,5,0,0,0
T07475,1523.74,18,3453.21,4,8,1,0,0
T07476,2062.49,22,447.7,4,10,0,0,0
T07477,3302.58,14,4687.29,2,9,0,0,0
T07478,38.54,0,353.63,1,5,0,0,0
T07479,6156.69,15,89.7,3,8,0,0,0
T07480,1775.78,14,1256.5,3,9,0,0,0
T07481,1260.06,15,9711.22,4,1,0,0,0
T07482,446.35,21,292.3,2,7,0,0,0
T07483,1736.59,19,268.18,6,7,0,0,0
T07484,2057.46,0,3477.43,4,2,0,0,1
T07485,1550.77,16,935.5,5,2,0,0,0
T07486,3405.77,4,3158.26,3,8,0,1,1
T07487,1638.82,4,557.89,1,7,1,0,0
T07488,9764.88,6,1540.8,1,3,0,0,0
T07489,2743.46,12,770.7,3,10,0,0,0
T07490,4942.63,11,1501.55,3,4,0,0,0
T07491,347.43,3,3664.39,6,3,0,0,0
T07492,1518.96,3,3588.82,1,4,0,0,0
T07493,1232.25,22,1813.0,3,10,0,0,0
T07494,2528.3,20,6590.67,6,5,0,0,0
T07495,5922.3,20,765.58,5,10,0,0,0
T07496,244.73,5,687.12,2,1,1,0,1
T07497,226.03,23,2378.54,4,6,0,0,0
T07498,5697.72,14,2427.51,2,5,0,0,0
T07499,718.01,20,119.14,2,5,0,1,1
T07500,3314.68,18,2339.82,1,9,0,0,0
T07501,2348.42,5,1172.75,3,3,0,0,0
T07502,5367.37,11,3440.29,2,3,0,0,0
T07503,400.9,13,4127.03,6,9,0,0,0
T07504,417.04,17,2008.26,5,8,0,0,0
T07505,2441.33,11,4.27,3,9,1,0,1
T07506,8777.42,23,2529.02,4,10,1,0,1
T07507,1608.42,23,3454.57,5,10,0,0,0
T07508,1187.77,14,715.82,4,8,0,0,0
T07509,2799.47,18,1562.07,4,7,0,0,0
T07510,7997.07,7,8433.47,1,2,1,0,0
T07511,5440.69,8,884.97,4,5,0,0,0
T07512,16200.13,4,631.28,2,10,0,0,1
T07513,68.48,4,592.01,5,7,0,0,0
T07514,359.25,5,2045.65,2,5,0,0,0
T07515,2820.73,22,7478.71,5,1,0,0,1
T07516,5154.02,2,2345.64,6,10,0,1,0
T07517,1007.44,4,903.58,3,6,0,0,0
T07518,820.2,0,2544.22,3,6,1,0,0
T07519,4639.05,10,2451.02,2,6,0,1,0
T07520,174.1,20,2271.58,5,3,1,0,0
T07521,1383.17,19,434.18,2,1,0,0,0
T07522,2114.5,0,2516.68,1,7,0,0,0
T07523,2465.32,6,1406.02,4,6,0,0,0
T07524,3912.65,14,46.92,4,5,0,0,0
T07525,1314.8,16,1940.04,5,3,0,0,0
T07526,2845.55,7,11336.02,3,6,0,0,0
T07527,2641.15,1,1075.96,1,10,1,1,1
T07528,2379.67,12,8421.28,1,9,0,0,0
T07529,3068.98,11,252.88,7,8,0,0,0
T07530,901.08,4,3296.12,1,8,0,0,0
T07531,265.34,12,303.53,1,8,0,0,0
T07532,381.02,5,799.04,4,1,0,0,0
T07533,763.06,14,2114.82,2,7,1,0,0
T07534,2080.63,22,2246.0,6,1,0,0,1
T07535,5506.06,21,3731.49,5,7,0,1,1
T07536,3624.88,20,2388.3,1,2,0,0,0
T07537,4668.27,21,2251.13,2,3,0,0,0
T07538,1296.86,10,6086.1,1,10,0,0,0
T07539,1555.84,3,1504.43,6,2,0,0,1
T07540,1501.05,0,638.09,3,10,0,1,0
T07541,639.11,14,441.21,2,1,0,0,0
T07542,189.51,11,1277.04,7,5,0,0,0
T07543,2681.5,8,3118.53,1,8,0,0,0
T07544,13589.27,10,108.69,2,6,1,0,1
T07545,547.55,4,345.44,6,4,0,0,0
T07546,143.43,23,280.44,2,10,0,0,0
T07547,4536.0,6,2200.2,2,1,0,0,0
T07548,873.41,7,695.53,1,10,0,0,0
T07549,5309.59,0,454.58,2,2,0,0,1
T07550,3651.55,0,2245.95,3,2,0,1,1
T07551,8738.23,2,3581.47,5,3,0,0,1
T07552,1577.45,7,1009.25,2,2,0,0,0
T07553,3253.86,10,2158.09,4,4,0,0,0
T07554,1875.65,0,258.2,2,4,0,1,0
T07555,2987.53,13,6840.78,4,5,0,1,0
T07556,1791.32,0,1027.06,2,9,1,0,1
T07557,627.1,5,14984.36,5,3,0,1,0
T07558,2127.2,20,9609.48,6,6,0,0,0
T07559,2256.04,5,3771.99,1,10,0,0,0
T07560,4991.74,2,50.68,3,4,1,0,1
T07561,3989.98,9,1960.28,4,7,0,0,0
T07562,3270.07,11,227.1,3,4,0,0,0
T07563,361.04,9,5637.78,5,7,0,0,0
T07564,3825.51,21,3897.29,6,1,0,0,0
T07565,2081.27,1,8969.45,5,9,1,1,1
T07566,6735.77,23,2343.68,4,1,0,0,0
T07567,7572.35,21,1846.27,4,5,1,0,0
T07568,170.21,12,1829.58,3,8,1,0,1
T07569,5155.11,15,1221.23,2,8,0,0,0
T07570,115.28,12,1581.02,2,6,0,0,0
T07571,1372.66,3,2522.47,5,6,1,0,0
T07572,2344.62,3,6755.7,5,2,0,0,0
T07573,480.86,10,2265.14,3,4,0,0,0
T07574,4114.97,22,4864.3,1,8,0,0,0
T07575,25.17,13,4965.42,4,2,0,0,0
T07576,553.93,2,1828.85,6,6,0,0,0
T07577,2608.2,18,1067.24,4,3,1,0,0
T07578,3759.36,21,2551.17,4,7,1,0,0
T07579,7453.87,0,1475.92,2,9,0,0,0
T07580,3667.39,4,212.37,5,8,0,0,0
T07581,3342.21,16,1186.27,2,8,0,0,0
T07582,1504.32,0,12820.23,1,9,0,0,0
T07583,3.86,18,124.32,2,2,0,1,0
T07584,384.04,18,2982.31,4,6,1,0,1
T07585,2294.28,3,4600.1,2,9,1,0,0
T07586,3372.99,18,2615.47,5,2,0,0,0
T07587,1621.01,5,2108.46,9,9,1,0,1
T07588,3935.55,14,3073.69,2,2,0,0,0
T07589,2213.57,3,1402.42,3,9,0,0,0
T07590,231.21,23,239.52,0,1,0,1,0
T07591,639.64,0,8200.0,2,6,0,0,0
T07592,5497.71,23,1415.41,6,6,1,0,0
T07593,3872.0,16,2736.97,4,2,0,0,0
T07594,6754.59,10,1894.54,1,7,0,0,0
T07595,375.18,16,140.56,1,10,0,0,0
T07596,13883.02,22,7630.58,2,4,0,0,1
T07597,704.91,0,3932.01,6,4,0,0,1
T07598,35.55,8,403.65,0,9,0,0,0
T07599,17883.32,13,9995.16,3,2,0,0,1
T07600,989.99,14,3338.07,1,9,0,0,0
T07601,3308.04,23,1598.17,2,9,0,0,0
T07602,583.24,0,2362.82,2,6,0,0,0
T07603,2604.13,1,282.18,4,10,1,1,1
T07604,7031.31,17,2054.79,4,7,0,0,0
T07605,1157.79,17,191.29,3,4,0,1,1
T07606,3328.3,5,1967.85,1,1,0,0,0
T07607,624.41,19,2011.29,1,9,0,0,0
T07608,2940.85,7,5187.4,1,9,1,0,1
T07609,1230.45,0,3227.98,1,1,1,1,1
T07610,711.76,14,717.71,7,4,0,0,0
T07611,1127.06,9,5482.67,2,7,0,0,0
T07612,591.12,3,2128.85,0,3,1,0,1
T07613,6965.8,9,2330.92,1,5,0,0,0
T07614,1518.44,10,462.76,3,5,0,0,0
T07615,844.22,4,4875.84,2,8,0,0,0
T07616,1784.84,8,6682.86,4,9,0,0,0
T07617,1159.35,4,3729.03,5,1,1,0,1
T07618,4092.65,10,7065.08,0,2,0,0,0
T07619,10644.21,2,899.91,5,5,0,0,0
T07620,1728.94,3,4935.35,3,1,0,0,0
T07621,5920.56,9,1677.94,1,6,0,0,1
T07622,2503.19,6,447.57,4,6,0,1,0
T07623,513.2,0,2762.59,1,3,0,0,0
T07624,3519.58,5,2880.98,7,4,1,0,0
T07625,2161.15,7,845.42,4,3,0,0,0
T07626,3154.67,16,69.7,2,5,0,0,0
T07627,6613.31,23,557.38,2,9,0,1,1
T07628,1741.78,6,1276.14,3,10,0,1,0
T07629,6943.29,0,458.49,2,3,0,0,0
T07630,4166.92,8,539.27,1,2,1,0,0
T07631,2011.84,10,1241.45,6,6,0,0,0
T07632,2773.14,18,8161.42,4,10,0,0,0
T07633,1181.71,1,3612.39,4,1,0,1,1
T07634,12330.93,22,963.23,2,9,0,1,1
T07635,3302.0,10,7570.85,3,10,1,0,1
T07636,134.51,2,2593.65,3,3,1,0,1
T07637,1186.34,16,1519.49,3,3,0,0,0
T07638,2929.03,9,1579.19,2,8,0,0,0
T07639,173.95,2,1322.24,3,6,0,0,1
T07640,72.52,21,663.15,5,3,0,1,0
T07641,1793.64,2,1221.98,4,6,0,0,0
T07642,1213.5,20,1876.39,4,6,0,0,0
T07643,1730.35,6,1877.09,1,3,0,0,0
T07644,914.25,1,3585.95,0,6,0,0,0
T07645,539.96,0,1111.03,1,10,0,1,0
T07646,3505.27,6,3153.99,1,8,0,1,0
T07647,2168.17,19,2157.42,4,9,0,0,0
T07648,670.01,10,8165.27,3,3,0,0,0
T07649,1155.18,22,1216.49,6,2,0,1,0
T07650,2688.05,5,5787.06,3,10,0,0,0
T07651,224.91,22,4295.94,3,10,0,0,0
T07652,478.58,3,2537.96,5,7,0,0,0
T07653,228.2,18,2657.01,3,8,1,0,0
T07654,5019.01,20,221.12,3,9,1,0,1
T07655,4187.93,18,7500.59,2,1,0,0,0
T07656,4198.9,13,282.74,6,1,1,0,1
T07657,3779.78,2,2070.89,1,1,1,0,1
T07658,3320.41,3,1001.46,4,4,0,0,0
T07659,1944.48,7,1404.65,4,3,1,0,0
T07660,3084.0,17,2355.19,3,7,1,0,0
T07661,117.35,3,5988.16,4,6,0,1,0
T07662,2914.34,10,1529.23,0,3,0,0,0
T07663,4513.58,15,11001.4,5,3,0,0,0
T07664,2081.59,2,2246.2,1,5,0,0,1
T07665,1327.23,6,437.53,6,4,1,0,0
T07666,974.81,1,526.83,4,9,0,0,0
T07667,3088.4,0,3147.93,5,1,0,0,0
T07668,3540.78,0,129.28,0,1,0,0,1
T07669,6143.08,5,1636.46,1,5,0,1,0
T07670,1257.17,18,401.06,2,8,0,0,0
T07671,4406.06,6,1419.45,2,4,0,0,0
T07672,2472.2,23,3464.91,6,9,1,0,0
T07673,6432.55,4,1534.98,4,7,0,1,1
T07674,2251.13,20,446.18,1,3,1,0,0
T07675,2187.13,17,725.63,1,6,1,0,0
T07676,2587.38,23,1145.34,1,6,1,0,0
T07677,4150.68,12,180.25,3,5,0,0,0
T07678,10030.81,0,2194.7,3,8,0,0,0
T07679,229.23,9,2338.26,2,1,0,0,1
T07680,164.75,8,160.42,4,10,1,0,0
T07681,8320.18,16,1286.71,2,4,0,0,0
T07682,2264.27,0,1336.09,1,7,0,0,0
T07683,2862.78,0,1015.49,2,6,0,0,1
T07684,1975.79,6,2039.64,2,7,0,0,0
T07685,295.01,3,1061.46,2,3,0,0,1
T07686,4384.21,22,1346.39,4,3,0,0,0
T07687,4125.76,20,3992.83,1,1,0,0,1
T07688,1120.61,11,442.17,2,7,0,0,0
T07689,1096.88,15,2413.14,1,4,0,0,0
T07690,5457.54,13,1761.0,1,9,0,0,0
T07691,225.33,22,909.87,2,5,0,0,0
T07692,6388.55,9,3250.61,1,5,1,0,0
T07693,889.81,13,2002.88,2,9,0,0,0
T07694,2696.71,6,1622.16,6,1,0,1,1
T07695,8246.34,3,2754.06,4,6,0,0,1
T07696,3400.75,1,4052.39,2,8,0,0,0
T07697,1605.51,23,8999.32,6,1,0,1,0
T07698,3509.04,17,2481.25,3,10,0,1,0
T07699,1264.69,15,5187.43,2,9,1,0,0
T07700,974.11,8,2.73,5,8,0,0,0
T07701,17126.33,4,1888.81,2,6,0,0,1
T07702,4168.38,8,604.06,2,9,0,1,0
T07703,3104.55,7,247.32,3,3,0,0,1
T07704,1316.86,23,1898.06,5,4,0,0,0
T07705,151.23,19,3434.2,1,3,1,0,0
T07706,94.65,15,1328.73,5,5,0,0,0
T07707,2423.53,19,2772.47,1,1,0,0,0
T07708,4306.87,17,1681.99,5,1,0,0,0
T07709,2312.54,3,1436.57,3,2,0,1,0
T07710,5512.5,15,857.13,2,1,0,0,1
T07711,101.99,3,1205.57,4,3,0,1,0
T07712,1370.68,5,1076.17,4,2,0,0,0
T07713,811.77,2,2597.47,3,10,1,1,0
T07714,1778.67,17,308.3,2,7,0,0,1
T07715,225.39,14,243.03,7,8,1,1,1
T07716,9245.94,7,2697.12,4,2,0,1,0
T07717,757.93,17,1975.79,2,4,0,0,0
T07718,7665.0,23,1406.18,4,8,0,0,0
T07719,1664.82,22,413.49,1,10,1,0,1
T07720,12705.82,2,1323.44,4,1,1,0,1
T07721,2422.7,5,3898.43,0,8,0,0,0
T07722,8013.69,21,5509.59,0,8,1,0,1
T07723,16.09,20,3031.5,2,2,0,0,0
T07724,4137.82,23,154.45,6,3,0,0,1
T07725,7000.7,14,2774.76,3,9,1,0,1
T07726,451.49,11,689.34,2,10,0,0,0
T07727,303.2,4,946.76,6,5,0,0,0
T07728,1657.93,6,545.0,4,7,1,0,0
T07729,8139.74,21,3737.55,3,5,0,0,0
T07730,2345.19,14,2614.59,5,10,1,0,0
T07731,2248.88,6,2365.81,2,2,0,0,0
T07732,456.4,12,2756.34,2,2,0,0,0
T07733,2.37,2,675.5,3,1,0,0,0
T07734,4984.41,22,1470.37,2,6,0,0,0
T07735,274.95,12,2507.71,4,7,1,0,0
T07736,3014.14,2,2530.59,4,5,1,1,0
T07737,7381.81,1,3923.76,1,3,0,1,1
T07738,702.05,22,846.05,2,10,0,0,0
T07739,3283.32,3,3677.85,7,10,0,1,0
T07740,245.9,16,1450.37,4,9,0,0,0
T07741,2777.17,5,2772.97,1,8,0,0,0
T07742,537.13,10,1520.73,3,2,0,1,0
T07743,3994.89,5,7420.79,4,3,0,0,0
T07744,1075.31,21,494.0,6,7,1,0,1
T07745,1867.46,1,2809.86,6,9,0,0,1
T07746,2744.6,16,2148.21,1,2,0,0,0
T07747,563.59,2,474.06,6,10,0,0,0
T07748,4060.18,11,170.71,2,7,0,0,0
T07749,1081.36,13,4012.92,2,8,1,0,0
T07750,3257.43,1,428.31,3,6,0,0,1
T07751,516.93,21,516.04,2,6,0,0,0
T07752,3495.39,21,9591.62,3,8,0,0,0
T07753,411.54,4,3158.08,3,3,0,0,0
T07754,1662.02,9,720.83,3,8,0,0,0
T07755,851.89,9,2234.79,2,10,0,0,0
T07756,4139.45,20,1909.52,5,1,0,0,1
T07757,911.58,8,4652.34,4,2,0,0,0
T07758,6404.03,20,3267.05,0,6,1,0,1
T07759,6671.88,12,4455.33,2,2,0,0,0
T07760,656.12,9,594.08,3,10,1,0,1
T07761,2854.56,5,2555.65,2,2,1,0,0
T07762,275.42,10,102.68,4,3,0,0,0
T07763,1490.46,3,178.58,4,3,0,0,0
T07764,3748.18,13,3125.28,1,4,1,0,0
T07765,3231.34,16,61.81,2,9,0,0,0
T07766,2940.09,19,2167.35,4,9,0,0,0
T07767,996.12,1,4587.79,5,2,0,0,1
T07768,1424.57,9,1194.85,4,2,0,0,0
T07769,325.92,2,114.69,2,6,0,0,1
T07770,3808.45,6,3128.08,3,5,0,0,0
T07771,2102.87,6,6636.98,2,5,0,0,0
T07772,3700.88,0,3157.29,2,7,1,0,0
T07773,858.82,7,2159.53,3,9,0,0,0
T07774,1176.63,22,653.51,4,1,0,0,1
T07775,1220.37,0,38.74,1,5,0,0,0
T07776,78.24,7,2965.92,2,5,0,0,0
T07777,1251.31,13,656.75,1,5,0,0,0
T07778,4878.3,13,4882.69,2,9,0,0,0
T07779,6827.79,1,1570.1,2,6,0,0,0
T07780,2190.79,7,1890.94,5,8,0,0,0
T07781,1823.67,18,3505.41,5,8,0,0,0
T07782,93.93,9,3778.86,4,6,0,0,0
T07783,6340.96,6,2572.6,5,6,0,0,0
T07784,39.29,12,6969.03,4,10,0,0,0
T07785,8687.67,21,10085.26,4,8,0,1,1
T07786,2015.43,20,7338.26,0,1,0,0,0
T07787,1255.35,14,4345.72,1,9,0,1,0
T07788,7739.7,10,3057.25,2,9,0,0,0
T07789,74.08,13,2721.6,3,8,0,1,0
T07790,2612.7,10,273.84,2,4,0,0,0
T07791,2388.42,1,791.87,9,1,0,0,1
T07792,742.77,1,14.26,2,2,0,0,0
T07793,1680.51,11,369.54,3,1,1,0,0
T07794,3168.94,14,1446.11,6,3,0,0,0
T07795,3896.29,16,396.13,7,9,0,0,1
T07796,2.15,13,5798.4,3,6,0,0,0
T07797,8286.89,15,4095.87,4,5,0,0,0
T07798,539.27,7,185.76,5,8,1,0,0
T07799,798.08,23,715.59,1,10,0,0,0
T07800,917.43,16,4274.14,1,3,0,0,0
T07801,115.66,4,4061.96,3,10,1,0,1
T07802,393.92,11,7271.62,1,3,0,0,0
T07803,12882.03,5,15026.89,3,5,0,1,1
T07804,1135.96,17,9352.54,3,1,0,0,0
T07805,367.52,4,1319.67,3,7,0,1,0
T07806,339.48,5,720.3,1,3,0,0,0
T07807,3813.12,8,3551.28,4,2,0,0,0
T07808,5784.15,14,889.09,3,7,1,0,1
T07809,890.99,9,4104.91,2,1,1,0,0
T07810,63.39,16,1908.68,0,1,1,0,0
T07811,757.29,18,3948.82,2,9,0,0,0
T07812,174.53,11,806.99,2,7,0,0,0
T07813,327.42,8,1773.33,3,3,0,0,0
T07814,1694.3,14,2075.42,1,5,0,0,0
T07815,783.78,13,7166.5,2,2,0,0,0
T07816,2176.68,0,775.15,4,5,1,0,0
T07817,877.05,16,6899.21,2,9,0,0,0
T07818,8467.22,0,4085.08,2,10,0,1,1
T07819,7091.59,22,3281.63,5,5,0,0,0
T07820,2509.71,20,3864.64,3,1,0,0,0
T07821,1312.84,21,2324.87,4,8,1,0,1
T07822,1439.66,12,699.55,1,6,0,0,0
T07823,1592.33,7,525.24,7,2,0,0,0
T07824,3901.22,12,5031.17,4,6,0,0,0
T07825,1802.46,15,3228.73,1,9,1,1,0
T07826,5829.07,1,599.47,6,3,1,0,1
T07827,8652.29,12,2386.89,4,5,1,0,0
T07828,1228.18,17,1483.46,3,7,0,1,0
T07829,2467.68,2,431.88,4,10,0,0,1
T07830,299.65,12,1897.45,4,2,0,0,0
T07831,671.19,18,826.54,5,1,0,0,1
T07832,1600.57,12,252.99,3,5,0,0,0
T07833,692.78,18,1572.89,2,4,0,0,0
T07834,6276.01,3,2229.66,3,9,0,0,0
T07835,516.95,18,120.11,4,10,1,0,0
T07836,1824.55,17,1285.8,2,4,0,0,0
T07837,2791.92,5,744.88,7,7,0,0,0
T07838,3531.64,18,77.83,2,5,0,0,0
T07839,1449.0,3,335.72,4,5,0,0,1
T07840,6099.94,3,374.25,3,6,0,0,0
T07841,2520.21,23,504.91,0,8,0,0,1
T07842,1736.82,6,4066.17,4,4,0,0,0
T07843,208.82,6,1447.28,2,9,1,0,1
T07844,1874.72,22,397.74,2,6,0,0,0
T07845,5156.68,15,264.23,1,8,0,0,1
T07846,2859.96,15,884.34,2,4,0,0,0
T07847,5354.28,4,3998.91,3,9,0,0,0
T07848,2043.73,14,1133.2,1,9,0,0,0
T07849,378.26,22,435.58,1,1,0,0,0
T07850,41.2,3,1294.27,4,1,0,0,1
T07851,1083.85,23,2025.95,3,7,0,0,0
T07852,3591.89,12,75.08,4,3,0,0,0
T07853,4685.66,18,2469.75,2,7,0,0,0
T07854,1051.88,6,1256.73,2,1,0,0,0
T07855,2053.48,11,24.43,4,1,0,0,1
T07856,1639.97,8,2801.3,1,7,0,0,0
T07857,1585.56,16,3115.35,4,4,0,0,0
T07858,789.35,1,2477.8,3,2,0,0,1
T07859,439.84,15,1046.11,3,5,1,0,0
T07860,657.04,6,1885.46,1,5,0,0,0
T07861,170.77,17,1224.12,3,4,0,0,0
T07862,662.43,6,3015.12,2,9,0,0,0
T07863,27.73,0,2190.15,2,2,0,0,0
T07864,2960.61,2,213.35,4,4,0,0,1
T07865,1141.04,20,2575.7,4,2,1,0,0
T07866,10851.88,10,2905.79,4,10,0,1,1
T07867,645.96,21,1157.88,3,4,0,0,0
T07868,1273.16,14,5214.37,4,6,0,0,0
T07869,1328.76,2,4629.0,6,5,0,0,0
T07870,25.46,23,481.43,2,10,0,0,0
T07871,5482.93,12,5865.46,2,10,0,1,0
T07872,97.55,3,1453.44,4,6,0,0,0
T07873,8449.24,22,3216.12,4,2,1,0,0
T07874,6678.94,21,4206.33,1,1,0,0,0
T07875,2300.52,7,1758.56,1,5,1,0,0
T07876,2353.13,21,1273.32,3,3,0,0,0
T07877,3182.02,3,6176.07,2,3,0,0,1
T07878,1468.42,17,656.18,8,10,0,0,0
T07879,3125.75,6,742.55,3,5,1,0,0
T07880,137.4,10,1122.06,3,3,0,0,0
T07881,166.69,3,4905.76,3,6,0,0,1
T07882,1833.21,12,6983.54,2,7,0,0,0
T07883,2393.01,8,621.37,5,6,0,0,1
T07884,6562.89,8,4985.37,2,10,0,1,0
T07885,331.66,22,746.7,3,8,1,0,0
T07886,5188.86,20,8820.41,7,4,0,0,0
T07887,707.35,18,2274.58,4,6,0,1,0
T07888,1503.04,2,17.78,2,3,0,0,0
T07889,1142.04,11,86.81,1,10,0,0,0
T07890,1533.25,10,398.91,1,7,0,1,1
T07891,489.31,19,519.32,4,6,0,0,0
T07892,2100.94,10,3648.44,1,6,0,1,0
T07893,4853.05,16,630.03,1,3,1,0,0
T07894,1747.68,20,8695.87,5,1,0,0,0
T07895,2023.65,13,2527.27,5,2,0,0,0
T07896,5666.81,15,2948.34,3,10,0,0,0
T07897,3673.12,23,614.16,3,10,0,0,0
T07898,2022.71,9,5580.46,2,3,0,0,0
T07899,893.99,3,2755.15,6,1,0,0,1
T07900,6486.56,9,4995.22,5,8,0,0,0
T07901,2581.29,19,7836.4,1,9,0,0,0
T07902,749.8,11,335.66,3,7,0,0,0
T07903,940.52,8,253.94,4,7,0,0,0
T07904,4875.68,14,4066.56,3,3,0,0,0
T07905,135.45,8,5027.14,3,9,0,0,0
T07906,14519.71,6,2191.24,3,9,0,0,1
T07907,419.0,23,1139.27,0,5,0,0,0
T07908,4769.91,11,2643.41,3,7,1,0,0
T07909,1506.47,19,912.0,1,1,1,0,0
T07910,2033.1,23,680.79,0,6,1,0,0
T07911,6377.1,13,1674.29,4,10,0,0,0
T07912,1597.74,21,608.86,4,1,1,0,1
T07913,2313.29,15,1652.69,3,10,0,0,0
T07914,151.67,18,7843.61,2,6,0,0,0
T07915,7.05,22,4578.08,3,6,0,0,0
T07916,842.32,2,7102.42,1,7,1,1,1
T07917,3423.77,10,4103.99,1,7,0,0,0
T07918,387.82,22,1095.3,3,10,0,0,0
T07919,362.31,20,4178.88,3,3,0,0,0
T07920,1587.79,19,6407.14,3,7,0,0,0
T07921,3130.98,18,7345.35,0,10,0,0,0
T07922,3735.13,7,2873.69,3,2,1,0,0
T07923,589.69,19,593.63,3,2,1,0,0
T07924,248.8,7,101.35,1,1,0,0,0
T07925,8460.15,2,398.08,2,2,0,0,0
T07926,906.02,9,8420.39,3,2,1,0,0
T07927,5759.05,12,1550.19,0,9,1,0,0
T07928,5974.1,8,4827.31,2,3,0,0,0
T07929,4442.11,5,1563.93,5,1,0,0,0
T07930,554.78,14,2703.04,2,2,0,0,0
T07931,5174.57,15,61.09,5,10,1,0,1
T07932,4399.27,4,718.76,1,8,0,0,0
T07933,2724.39,20,1432.95,5,10,0,0,0
T07934,1233.86,12,2489.9,2,2,1,0,0
T07935,913.5,18,470.41,2,4,0,0,0
T07936,389.95,1,3615.66,4,9,1,0,0
T07937,2138.56,5,1132.98,1,9,0,0,0
T07938,2640.32,0,4251.63,2,7,0,0,0
T07939,1335.76,14,257.77,3,1,1,0,1
T07940,1935.12,14,2846.68,6,10,0,0,0
T07941,1355.38,13,867.97,4,5,0,0,0
T07942,3073.35,6,3966.54,2,5,0,0,0
T07943,6945.77,4,1286.12,1,2,0,0,0
T07944,537.09,19,2736.67,3,7,0,0,0
T07945,1440.93,15,6806.84,2,1,1,0,1
T07946,455.5,16,52.11,4,1,1,1,1
T07947,2942.04,10,27.95,3,10,0,0,0
T07948,3915.48,14,3677.23,4,1,0,0,0
T07949,8060.9,19,2598.92,6,10,0,0,0
T07950,980.82,15,866.74,0,7,1,0,0
T07951,8999.9,2,1705.01,4,4,0,0,1
T07952,196.06,5,107.1,4,4,1,0,0
T07953,2771.56,20,534.36,6,9,0,0,0
T07954,176.49,22,1381.27,3,4,0,0,0
T07955,6726.56,12,4490.09,5,8,0,0,0
T07956,2263.85,0,1633.22,4,1,1,0,1
T07957,3320.07,20,2206.91,2,3,0,0,0
T07958,5343.78,13,5173.8,5,1,0,0,0
T07959,488.65,1,923.38,3,1,1,0,0
T07960,118.07,1,3015.77,2,3,0,0,0
T07961,6332.95,14,4945.23,2,4,0,0,0
T07962,1134.72,17,566.05,4,6,0,0,0
T07963,414.27,8,1102.0,2,3,0,1,1
T07964,1895.94,2,9756.44,4,8,1,0,1
T07965,2736.19,3,10218.71,4,8,0,0,0
T07966,94.38,14,631.53,0,3,0,0,0
T07967,964.32,4,171.89,3,3,0,0,1
T07968,100.05,19,789.94,7,6,0,0,0
T07969,1635.92,19,1267.63,2,1,0,0,0
T07970,6764.24,4,1454.04,5,1,0,0,0
T07971,12162.91,9,2411.12,5,5,0,1,0
T07972,3040.45,15,5744.06,2,10,0,0,0
T07973,528.91,11,1002.49,4,7,0,0,0
T07974,7088.58,13,4742.54,5,1,0,0,0
T07975,2178.55,21,245.35,4,2,0,0,0
T07976,500.82,10,106.94,5,9,0,0,0
T07977,7642.65,18,1753.18,4,1,0,0,1
T07978,4249.88,5,153.79,1,3,0,0,0
T07979,3947.01,9,1245.97,1,8,0,0,0
T07980,3705.16,19,5677.19,4,2,0,0,0
T07981,670.71,2,690.98,6,10,0,0,0
T07982,710.99,21,3060.23,4,7,0,0,0
T07983,3497.07,14,900.15,1,2,0,0,0
T07984,744.32,10,114.9,1,3,0,0,0
T07985,1732.35,21,2033.72,2,10,0,0,0
T07986,4569.81,1,4502.31,2,9,1,0,1
T07987,4596.77,23,1316.83,0,4,1,0,1
T07988,1811.36,5,2401.22,3,7,1,0,0
T07989,4713.39,16,5757.05,3,6,0,0,0
T07990,5472.01,17,3897.99,2,7,0,0,0
T07991,3190.68,3,538.8,3,7,0,1,1
T07992,777.97,22,3304.86,2,2,0,0,0
T07993,960.66,8,1742.35,4,1,0,0,0
T07994,1134.31,9,3425.73,1,10,0,0,0
T07995,372.62,20,1705.6,4,6,0,0,0
T07996,957.15,1,342.29,1,7,1,0,1
T07997,705.34,10,2109.4,0,2,0,1,0
T07998,1822.72,10,1693.84,2,2,1,1,0
T07999,7172.2,10,1824.12,1,9,0,0,0
T08000,331.05,0,5277.9,3,5,0,0,0
T08001,3821.77,13,5630.61,2,7,0,0,0
T08002,3487.37,0,1510.72,3,1,0,0,0
T08003,301.96,20,1520.78,2,4,0,0,0
T08004,7675.24,22,1809.98,0,2,0,0,0
T08005,2521.27,8,1832.78,1,5,0,1,0
T08006,1356.38,23,7508.76,4,1,0,0,0
T08007,4238.39,0,2620.28,1,10,0,0,0
T08008,892.65,20,812.45,0,7,0,1,1
T08009,3547.71,21,1895.74,0,2,0,0,0
T08010,121.56,21,2466.94,2,3,0,0,0
T08011,5486.67,3,2552.54,2,5,0,1,1
T08012,1783.55,0,2200.22,5,9,0,0,0
T08013,3037.52,18,489.23,1,10,0,0,0
T08014,750.15,9,85.43,3,4,1,1,0
T08015,3390.99,14,1030.63,2,8,0,0,1
T08016,4438.39,19,1394.45,4,8,1,0,0
T08017,1922.88,3,159.49,5,10,0,0,0
T08018,2884.86,19,4218.06,5,4,1,0,0
T08019,1828.22,13,1054.28,0,4,1,0,1
T08020,6735.54,4,6122.87,1,2,0,0,1
T08021,2066.68,14,419.3,2,8,1,0,1
T08022,5531.85,14,146.55,5,1,1,0,1
T08023,4848.66,15,1645.98,3,5,0,0,0
T08024,1585.47,15,524.12,1,8,0,0,1
T08025,784.42,3,6927.45,4,6,1,0,1
T08026,1563.04,8,25.89,3,10,0,0,0
T08027,5249.85,0,1330.21,4,4,1,0,1
T08028,774.88,4,6534.62,2,9,0,0,0
T08029,2229.76,8,1212.97,1,3,0,1,0
T08030,4921.19,19,244.33,3,9,0,0,1
T08031,1308.44,4,902.05,6,1,0,0,1
T08032,3083.42,3,1722.94,2,4,0,0,1
T08033,845.62,15,511.88,5,10,0,1,0
T08034,347.17,1,1571.03,1,3,0,0,1
T08035,4745.24,15,4524.96,4,2,0,0,0
T08036,312.65,17,5151.41,3,4,1,0,0
T08037,949.81,1,126.29,2,4,1,0,0
T08038,5795.33,15,438.57,5,9,0,0,0
T08039,1276.1,0,804.96,2,10,1,0,1
T08040,10840.8,15,2258.84,2,6,0,0,1
T08041,11696.48,2,1119.61,4,6,0,0,1
T08042,937.06,14,4645.4,5,6,0,0,0
T08043,125.52,10,3152.87,1,6,0,0,0
T08044,3662.98,9,264.67,0,8,0,0,0
T08045,1798.9,16,2449.12,3,4,1,0,0
T08046,318.59,3,299.81,6,1,0,0,1
T08047,3688.11,16,736.05,0,3,0,0,0
T08048,95.01,3,489.64,7,8,0,1,0
T08049,6125.2,18,475.06,2,1,0,1,0
T08050,447.77,0,2395.36,3,5,0,1,1
T08051,408.53,13,2073.02,3,2,0,0,0
T08052,579.56,23,484.05,5,10,1,0,0
T08053,9676.67,10,11556.5,2,4,0,0,0
T08054,3544.38,6,1369.75,4,3,0,0,0
T08055,4848.96,16,255.27,1,1,0,0,0
T08056,1520.68,3,321.2,4,5,0,0,1
T08057,1229.83,9,2192.04,1,9,0,0,0
T08058,801.62,16,9666.36,3,3,0,0,0
T08059,1965.52,3,2121.29,4,1,0,0,0
T08060,2407.74,18,7441.86,4,1,0,0,0
T08061,2997.18,17,1468.06,5,1,0,0,1
T08062,891.66,16,1431.05,3,4,0,0,0
T08063,8907.51,5,1732.9,2,5,0,0,1
T08064,558.12,6,2988.57,5,8,0,0,0
T08065,10113.74,5,1145.65,3,10,0,0,0
T08066,44.9,11,4985.66,1,7,0,1,1
T08067,1968.28,8,74.3,3,10,0,0,0
T08068,1216.55,17,1448.49,2,4,1,0,0
T08069,1788.73,1,1788.44,0,2,0,0,0
T08070,2536.55,16,2335.07,2,2,0,0,0
T08071,1715.92,20,807.66,5,2,0,0,0
T08072,1607.65,0,1394.27,7,1,1,0,0
T08073,3958.41,22,1656.73,0,6,1,0,1
T08074,3473.91,8,2903.16,4,4,0,0,0
T08075,5374.16,5,3713.01,5,3,0,0,0
T08076,862.88,1,3346.88,4,1,0,0,1
T08077,2821.2,5,1044.79,3,7,0,0,0
T08078,2639.84,8,18766.36,5,9,1,0,0
T08079,1384.86,2,4720.65,3,4,0,0,0
T08080,1996.93,15,752.84,4,1,0,0,0
T08081,1129.68,23,542.61,5,3,0,1,0
T08082,458.91,14,942.27,4,9,0,0,0
T08083,721.64,11,1505.27,6,1,0,0,0
T08084,334.52,22,4756.16,4,1,0,1,0
T08085,3447.22,7,3766.78,2,5,0,0,0
T08086,3242.85,5,4763.66,1,5,0,0,0
T08087,9023.8,2,793.49,5,8,0,0,0
T08088,3924.43,22,2250.19,3,1,0,0,0
T08089,160.35,3,832.57,1,8,1,0,0
T08090,6468.84,9,288.59,5,2,0,0,0
T08091,5956.22,13,2881.6,3,1,1,0,1
T08092,1757.3,20,385.79,8,8,0,0,0
T08093,2644.68,23,2754.28,2,10,0,0,1
T08094,11198.91,14,2610.06,3,2,1,0,1
T08095,2279.81,6,4155.1,4,5,0,0,0
T08096,7071.82,6,375.76,0,10,0,0,0
T08097,260.07,7,3825.18,6,6,0,0,0
T08098,636.06,9,18078.61,6,3,0,0,0
T08099,1743.5,18,4760.23,2,9,0,0,0
T08100,2636.67,18,3483.92,2,9,0,0,0
T08101,5082.18,1,2713.0,3,8,0,0,1
T08102,13334.8,14,1369.51,1,7,0,0,0
T08103,1477.25,0,3277.97,1,5,0,0,0
T08104,145.73,9,3220.0,2,10,0,0,0
T08105,4845.94,5,2495.77,2,2,0,0,0
T08106,2781.91,21,3977.5,4,3,0,0,0
T08107,663.97,12,1488.98,4,5,0,0,0
T08108,2048.57,9,323.14,3,8,0,1,0
T08109,4068.0,11,2047.16,1,1,0,1,0
T08110,4414.4,23,769.86,4,1,0,0,0
T08111,2077.15,5,1213.03,4,7,1,1,1
T08112,1092.46,5,43.92,1,1,0,0,0
T08113,10919.42,0,1206.37,4,3,1,0,1
T08114,3266.25,11,4136.1,5,8,0,1,0
T08115,1573.95,22,1956.16,1,9,0,0,0
T08116,987.44,22,24.62,3,5,1,1,1
T08117,3940.28,9,1586.46,3,6,0,0,0
T08118,831.94,13,861.34,4,8,0,1,1
T08119,565.18,14,1623.07,3,3,0,0,0
T08120,2264.01,22,1296.69,1,1,0,0,1
T08121,1027.42,23,6719.86,3,9,0,0,0
T08122,2973.89,3,105.12,3,2,0,0,0
T08123,376.48,0,2876.78,2,9,0,0,0
T08124,3192.12,7,4759.97,3,2,0,0,0
T08125,999.28,2,8000.05,2,8,0,1,0
T08126,0.73,13,488.93,5,3,1,0,0
T08127,407.24,16,1894.51,1,9,0,0,0
T08128,8136.87,1,111.42,2,10,1,0,1
T08129,6060.23,14,1728.79,4,4,0,0,0
T08130,798.19,5,335.14,3,8,0,0,0
T08131,4520.26,4,4548.8,2,4,0,1,0
T08132,2813.86,13,302.23,4,3,0,0,0
T08133,10611.54,18,1800.21,3,1,0,1,1
T08134,1403.33,8,1840.64,2,4,0,0,0
T08135,3432.03,7,8907.86,4,2,0,0,0
T08136,196.93,2,2660.39,5,9,0,0,0
T08137,1513.77,17,848.63,2,2,0,1,0
T08138,9957.55,7,688.72,1,8,0,0,1
T08139,2322.95,15,343.13,5,10,1,0,0
T08140,1018.52,14,3531.75,4,10,0,0,0
T08141,384.42,20,2934.07,1,7,0,1,0
T08142,3647.41,14,2353.23,2,6,0,0,0
T08143,3105.7,15,104.24,5,4,0,0,0
T08144,1404.92,0,3597.43,3,3,0,0,0
T08145,9044.22,9,2567.27,4,10,0,0,0
T08146,67.36,18,8302.89,2,5,1,0,0
T08147,1086.03,4,2211.99,2,2,0,0,0
T08148,7617.56,17,905.84,3,2,0,0,1
T08149,1161.12,2,1201.23,2,8,0,0,0
T08150,872.07,3,483.48,3,3,0,0,1
T08151,2292.13,3,3208.57,4,7,0,0,1
T08152,5208.44,10,3075.12,3,6,0,0,0
T08153,326.59,8,559.89,1,8,0,1,0
T08154,8595.2,0,431.39,4,3,0,0,1
T08155,4755.3,15,200.33,10,1,1,0,1
T08156,599.93,8,6075.36,1,6,0,0,0
T08157,3734.47,10,663.4,0,6,0,0,0
T08158,1458.2,5,1054.61,5,8,0,0,0
T08159,1543.97,16,823.01,2,10,0,0,0
T08160,4587.59,11,1334.49,3,3,1,0,1
T08161,9873.11,21,3129.84,3,9,0,1,0
T08162,406.28,7,5112.03,5,6,1,0,0
T08163,1637.44,15,504.06,3,1,0,1,0
T08164,1967.22,4,2899.19,3,3,0,0,0
T08165,1416.31,20,1086.83,4,4,1,0,0
T08166,1353.85,0,9846.84,4,3,0,0,0
T08167,161.05,16,887.83,5,6,0,0,0
T08168,3470.68,23,18.05,7,7,0,0,0
T08169,1719.24,20,1812.32,1,2,0,0,0
T08170,649.97,7,408.45,3,6,0,0,0
T08171,5079.0,9,113.79,3,4,1,0,0
T08172,4866.97,17,2995.55,5,1,0,0,0
T08173,1998.88,14,3294.34,3,2,0,0,0
T08174,1063.39,19,1543.7,3,5,0,0,0
T08175,3049.1,12,2824.37,4,9,1,1,0
T08176,1019.67,9,1931.77,5,5,0,1,0
T08177,807.59,8,2484.29,2,8,0,0,0
T08178,3933.72,12,2270.21,3,10,0,0,0
T08179,123.48,2,2740.21,2,2,0,0,0
T08180,298.69,21,556.7,5,5,0,0,0
T08181,20.43,22,782.35,3,1,1,0,0
T08182,497.96,2,1449.38,5,2,0,0,0
T08183,214.46,0,1477.05,4,3,0,0,0
T08184,16419.7,1,3722.61,4,8,0,0,1
T08185,1022.45,10,1144.77,4,10,0,0,0
T08186,484.97,13,443.35,1,3,0,1,0
T08187,827.25,9,724.1,4,4,0,0,0
T08188,8252.51,6,604.33,8,4,1,0,1
T08189,2202.91,22,3288.75,4,9,1,1,0
T08190,1361.53,0,1588.8,4,4,0,0,0
T08191,6199.97,6,3082.91,4,9,0,0,0
T08192,1507.53,14,1345.58,5,8,0,1,0
T08193,1223.94,10,5512.19,3,4,0,0,0
T08194,696.87,5,10264.07,2,3,0,0,0
T08195,1423.47,21,2770.46,4,2,1,0,0
T08196,1142.4,6,4984.31,2,8,0,0,0
T08197,3393.13,6,1772.85,4,8,0,0,0
T08198,1025.71,0,6818.88,2,1,0,0,0
T08199,2582.57,9,4453.33,4,7,0,1,0
T08200,204.49,20,12002.53,4,8,0,0,0
T08201,636.94,14,2439.4,4,7,0,0,0
T08202,1569.73,7,3776.32,0,3,0,0,0
T08203,8291.45,23,1956.96,6,4,0,0,0
T08204,1420.84,18,749.79,3,5,0,0,0
T08205,3272.59,2,1095.31,1,1,0,0,1
T08206,883.46,22,5610.92,2,10,0,0,0
T08207,407.57,14,143.93,0,3,0,0,0
T08208,180.96,3,2238.04,3,6,0,0,0
T08209,1093.32,5,1164.97,3,3,0,0,0
T08210,514.72,9,1222.22,3,5,0,0,0
T08211,573.52,17,5397.75,1,4,0,0,0
T08212,4290.86,15,4807.33,4,2,1,0,0
T08213,47.89,17,2283.5,3,4,0,1,0
T08214,2448.05,5,796.79,5,4,0,0,0
T08215,1431.5,18,1613.07,1,3,0,0,0
T08216,2119.0,16,1311.86,1,8,0,1,0
T08217,2482.3,17,1090.91,4,6,0,0,0
T08218,1127.87,12,271.15,3,1,0,0,0
T08219,1049.14,6,1958.3,3,9,1,0,0
T08220,3966.04,19,898.24,3,3,0,0,0
T08221,6150.28,11,2702.97,5,4,0,0,0
T08222,641.74,1,961.23,5,10,1,0,1
T08223,308.15,11,1410.41,4,10,0,0,0
T08224,6842.35,11,134.45,4,7,0,0,0
T08225,1291.87,23,12244.85,3,5,0,0,0
T08226,2404.32,3,1771.21,1,4,1,0,0
T08227,1336.72,3,61.34,4,2,0,0,1
T08228,403.35,17,1948.02,3,5,1,0,0
T08229,2669.91,15,5107.37,1,8,0,0,0
T08230,2234.21,13,3702.09,5,2,0,0,0
T08231,680.68,16,3017.5,2,1,0,0,0
T08232,1803.72,16,375.5,5,6,0,1,1
T08233,4782.87,2,2680.44,3,1,0,0,1
T08234,2677.91,5,3634.28,5,9,0,0,0
T08235,305.82,22,2124.03,3,8,1,0,0
T08236,2382.36,12,5581.46,2,4,0,1,0
T08237,3639.43,8,810.83,1,7,0,0,0
T08238,4720.81,20,693.16,4,10,0,0,0
T08239,2975.61,8,5092.29,3,4,0,0,0
T08240,496.95,7,2454.73,1,6,0,0,0
T08241,3715.42,16,3.62,5,10,1,0,1
T08242,3393.49,15,1089.03,4,7,1,0,1
T08243,74.19,15,4877.29,3,9,0,0,0
T08244,1591.8,18,69.25,3,2,0,0,0
T08245,1214.67,23,8.13,2,10,0,0,0
T08246,3320.65,15,825.64,3,8,0,0,0
T08247,730.56,13,6133.52,5,9,0,0,0
T08248,2681.18,19,5793.68,1,4,0,0,0
T08249,7332.65,13,1828.48,4,8,1,0,0
T08250,4795.53,13,2014.32,4,10,0,0,0
T08251,7632.36,13,1008.7,2,5,0,0,0
T08252,11519.94,11,698.41,3,9,0,0,0
T08253,32.18,5,4221.5,3,2,1,0,0
T08254,2924.47,19,280.95,4,1,0,0,0
T08255,1597.37,12,1670.43,1,10,1,0,1
T08256,5895.22,15,2515.52,1,6,0,0,0
T08257,870.31,8,273.65,0,4,0,0,0
T08258,11894.61,1,1832.88,3,6,0,0,0
T08259,2853.48,21,2154.04,1,7,0,0,0
T08260,4732.91,2,3391.8,5,9,0,0,0
T08261,268.46,9,669.16,7,1,0,0,1
T08262,608.03,19,867.97,5,3,1,0,0
T08263,4261.46,1,2107.14,5,2,0,0,0
T08264,66.7,23,10205.01,2,5,0,1,0
T08265,5092.81,9,613.13,5,10,0,0,0
T08266,42.14,7,10654.63,1,8,0,0,0
T08267,3211.11,16,3132.4,2,5,0,0,0
T08268,1362.83,21,4372.93,3,8,0,1,0
T08269,2836.35,0,234.79,1,3,1,0,1
T08270,3572.49,5,893.19,1,10,0,0,1
T08271,1257.82,6,148.68,3,1,0,0,0
T08272,342.74,14,1161.24,5,4,0,0,0
T08273,216.57,17,9946.7,2,3,0,0,0
T08274,2667.02,8,278.09,5,8,0,0,0
T08275,2206.01,7,2065.97,3,8,0,0,0
T08276,4066.73,9,15.22,2,8,0,0,1
T08277,2138.43,3,3117.92,3,3,0,0,0
T08278,1646.86,19,549.1,7,8,0,1,0
T08279,1522.93,7,346.96,4,6,0,1,1
T08280,80.41,0,1027.52,5,8,0,0,0
T08281,1226.42,7,3685.57,2,9,0,1,0
T08282,11191.63,22,281.84,3,1,0,0,1
T08283,6203.86,11,652.89,2,1,0,0,1
T08284,1198.65,22,21.25,5,4,0,0,0
T08285,2658.71,14,8637.67,3,1,1,0,1
T08286,5637.78,12,2242.11,3,9,0,0,0
T08287,1746.29,15,3181.52,3,9,0,1,0
T08288,54.36,22,2634.45,1,7,0,0,0
T08289,232.3,17,389.78,4,2,1,0,0
T08290,2142.46,0,2259.3,7,4,0,1,1
T08291,10464.13,16,352.23,2,4,0,0,0
T08292,3544.77,15,1282.22,3,10,0,0,0
T08293,220.67,22,2103.9,1,5,1,0,0
T08294,629.8,4,2046.1,5,5,0,1,0
T08295,4426.34,19,316.95,3,8,0,0,0
T08296,5524.86,20,87.61,3,3,0,0,0
T08297,2884.61,9,4001.62,5,7,1,0,0
T08298,3102.04,5,3235.86,2,1,0,0,0
T08299,86.24,11,213.4,3,1,1,1,0
T08300,5290.05,9,340.74,2,3,0,0,0
T08301,4657.4,21,5577.61,5,1,1,0,0
T08302,899.41,16,3664.74,1,1,0,0,1
T08303,3699.97,1,13905.9,4,3,1,0,1
T08304,725.66,18,732.53,2,9,0,0,0
T08305,123.5,19,1672.61,1,5,0,0,0
T08306,673.7,5,674.47,0,4,0,0,0
T08307,590.34,12,2437.45,0,7,0,0,0
T08308,1236.33,8,306.59,5,2,0,0,0
T08309,1626.17,11,340.25,2,6,1,0,0
T08310,2131.12,17,186.51,7,10,0,0,1
T08311,1943.11,7,2957.05,1,1,0,0,0
T08312,946.91,17,1703.41,1,4,0,0,0
T08313,88.81,22,2404.08,2,6,0,1,0
T08314,2787.38,21,5286.14,3,10,0,0,0
T08315,1511.28,1,3370.84,5,4,0,0,1
T08316,1064.34,7,1548.45,0,7,0,1,0
T08317,6050.89,9,10394.17,4,3,0,0,0
T08318,4120.06,8,1523.19,2,3,0,0,0
T08319,5850.84,23,298.23,2,10,0,1,1
T08320,2049.49,17,12284.25,8,8,0,0,0
T08321,421.0,7,57.71,0,2,0,0,0
T08322,3574.37,18,1995.62,4,1,0,0,0
T08323,692.29,2,924.38,0,5,0,0,1
T08324,1746.05,8,1750.69,5,7,0,0,0
T08325,201.63,12,2045.15,3,4,1,0,1
T08326,5234.2,8,686.41,2,8,1,0,0
T08327,403.82,19,2034.67,2,1,0,0,0
T08328,7002.15,11,3527.09,1,5,0,0,0
T08329,5990.39,22,774.85,0,2,1,0,0
T08330,1874.13,12,1208.94,0,3,0,1,0
T08331,4092.05,7,780.77,2,6,1,0,0
T08332,2898.37,14,4294.78,1,2,1,0,0
T08333,4874.81,12,3227.3,2,8,0,0,0
T08334,1695.87,20,5123.67,2,4,1,0,0
T08335,4622.65,12,465.97,1,10,0,0,0
T08336,1862.24,16,191.07,5,7,1,0,0
T08337,8488.91,14,317.83,1,5,1,0,0
T08338,1998.77,21,438.92,2,7,0,0,0
T08339,1863.15,18,1904.01,3,7,0,0,0
T08340,4612.35,2,8843.58,4,10,0,1,1
T08341,5170.81,13,1104.94,2,2,0,0,0
T08342,2425.6,9,7955.65,5,6,1,0,1
T08343,594.61,16,97.37,2,8,0,0,0
T08344,1891.97,7,6538.87,3,8,0,0,0
T08345,10332.86,17,499.64,1,9,0,0,0
T08346,4194.93,11,6089.58,1,5,0,0,0
T08347,5000.61,16,144.68,1,10,1,0,0
T08348,100.13,22,7401.85,2,3,1,0,0
T08349,1892.54,10,560.35,2,5,1,0,0
T08350,3120.64,8,901.4,5,6,0,0,0
T08351,5316.45,21,1687.98,4,9,1,0,1
T08352,151.59,23,1198.0,2,9,0,0,0
T08353,5740.54,23,2753.0,5,4,0,0,0
T08354,2384.88,22,9203.05,3,10,0,0,0
T08355,659.37,14,2331.22,6,5,0,0,0
T08356,1144.9,8,3195.71,0,8,0,0,0
T08357,993.56,11,230.3,3,9,0,0,1
T08358,2270.56,10,2470.89,1,1,1,0,1
T08359,159.21,16,1512.15,3,3,1,0,1
T08360,517.84,5,5424.12,3,4,0,0,0
T08361,5025.02,7,1228.42,4,9,0,0,0
T08362,426.78,9,2844.32,2,1,0,0,0
T08363,797.36,14,647.42,3,10,0,0,0
T08364,1811.95,3,750.64,4,8,0,0,0
T08365,2183.97,17,1179.5,2,2,1,0,0
T08366,4326.82,10,906.24,2,1,0,0,0
T08367,1779.0,8,732.17,4,10,1,1,0
T08368,4680.01,8,127.36,3,7,0,0,0
T08369,2889.72,7,4531.13,3,4,1,0,0
T08370,360.07,2,166.16,4,2,1,0,1
T08371,509.99,20,5459.02,1,4,1,1,0
T08372,1723.61,17,335.16,3,10,0,0,1
T08373,1516.96,13,168.72,4,2,0,0,0
T08374,4082.4,2,2069.58,2,4,1,0,1
T08375,2607.77,16,1745.11,1,2,0,1,0
T08376,1473.72,3,1689.42,4,7,0,0,0
T08377,561.74,20,2136.25,3,3,0,0,0
T08378,771.8,17,845.88,4,7,0,0,1
T08379,2570.54,14,2718.8,1,2,0,0,0
T08380,1652.02,18,1744.91,5,4,0,0,0
T08381,2170.37,21,1018.96,3,7,0,0,0
T08382,561.44,5,4378.95,3,6,0,1,0
T08383,3262.18,14,3252.32,3,3,1,0,0
T08384,5742.57,6,1250.58,3,8,0,0,0
T08385,894.97,11,4703.41,4,9,0,0,0
T08386,2028.95,15,6322.4,2,4,0,0,0
T08387,11130.59,8,1924.35,2,9,0,0,0
T08388,1215.98,19,605.03,4,3,0,0,0
T08389,2711.95,4,6186.17,2,2,1,0,1
T08390,283.58,10,525.2,3,8,1,0,0
T08391,2794.33,1,124.09,4,10,0,0,1
T08392,281.72,21,991.83,3,6,0,0,0
T08393,9599.83,15,3245.4,4,8,0,0,0
T08394,3772.78,3,6418.79,1,3,1,1,1
T08395,4655.77,4,2535.35,3,8,0,0,0
T08396,3653.25,6,7582.99,6,10,0,0,0
T08397,2672.81,5,242.3,3,10,0,0,0
T08398,1793.04,23,156.69,2,2,0,0,0
T08399,5863.68,21,2317.06,2,7,0,0,0
T08400,9428.22,9,8462.05,2,2,0,1,0
T08401,2073.66,13,1746.51,2,2,0,0,0
T08402,8044.3,7,132.22,3,5,0,1,0
T08403,2626.4,13,625.06,1,9,1,0,0
T08404,2319.07,13,701.91,1,2,0,0,0
T08405,1818.06,19,1030.68,4,9,0,1,0
T08406,704.46,22,111.46,2,8,0,0,0
T08407,11.18,2,5881.87,4,10,0,0,0
T08408,829.26,0,1811.92,5,4,0,0,0
T08409,2138.36,8,2778.72,6,5,0,0,0
T08410,1433.91,8,173.84,2,6,1,0,0
T08411,1785.26,21,139.09,0,9,0,0,1
T08412,11834.91,1,2207.55,3,10,0,0,1
T08413,1293.61,15,5457.48,3,6,0,0,0
T08414,1805.44,7,1879.5,2,6,1,0,0
T08415,429.93,5,5255.63,5,6,0,0,0
T08416,147.44,22,4164.91,3,10,0,0,0
T08417,4480.43,12,197.21,1,1,0,0,0
T08418,2536.68,0,563.98,2,1,0,0,1
T08419,4290.17,18,2680.25,1,9,0,0,0
T08420,487.07,14,1465.23,6,10,0,0,0
T08421,2544.7,0,858.69,3,2,0,1,0
T08422,877.65,9,1355.94,5,5,0,0,0
T08423,776.55,0,1472.87,5,9,1,0,1
T08424,34.78,11,6035.25,6,6,0,0,0
T08425,418.96,10,273.03,5,9,0,0,0
T08426,1110.01,16,820.33,1,2,1,0,0
T08427,372.88,3,1928.12,1,10,1,0,1
T08428,12775.91,22,2995.7,2,1,0,0,1
T08429,1107.25,6,2489.94,4,2,0,0,0
T08430,418.9,11,7102.93,3,2,0,0,0
T08431,665.99,12,3969.3,5,5,0,0,0
T08432,2658.04,4,2035.9,2,1,0,0,0
T08433,198.56,5,604.17,1,2,0,0,0
T08434,5950.96,1,1498.57,4,5,0,0,0
T08435,9771.27,20,2955.38,0,5,0,0,0
T08436,850.06,6,4549.81,3,7,0,0,0
T08437,1794.03,13,8030.76,3,4,0,0,0
T08438,67.15,21,2325.04,2,6,0,1,0
T08439,3070.88,13,1871.22,4,6,0,0,0
T08440,1602.93,9,44.63,6,9,0,0,0
T08441,944.37,3,187.08,2,3,1,1,1
T08442,695.18,2,424.32,4,9,0,0,1
T08443,3184.15,22,140.79,2,9,0,0,1
T08444,1614.68,13,1280.66,5,2,0,0,0
T08445,594.11,5,1026.99,1,2,0,1,1
T08446,3504.94,22,2535.82,2,7,0,0,0
T08447,2497.73,14,1917.87,4,8,0,0,0
T08448,5870.02,7,2265.67,3,3,0,0,0
T08449,374.91,4,1596.54,0,7,0,0,0
T08450,4620.67,2,813.42,3,7,0,0,1
T08451,3358.13,2,7634.74,2,7,1,0,1
T08452,366.54,12,225.93,4,2,0,0,0
T08453,3560.57,1,6987.74,1,8,0,0,0
T08454,1747.76,23,932.15,3,10,0,0,0
T08455,8700.44,0,1796.99,4,8,0,0,0
T08456,458.09,11,288.08,1,5,0,0,0
T08457,3088.66,7,183.93,1,7,0,0,0
T08458,1443.7,18,1403.3,6,7,0,0,0
T08459,9426.76,8,3384.06,3,10,0,0,0
T08460,1201.32,13,784.6,2,4,0,0,0
T08461,9825.22,17,2065.83,6,5,0,0,0
T08462,6952.67,9,816.58,2,6,0,1,1
T08463,945.71,8,1230.06,1,6,0,0,0
T08464,4881.92,5,5923.05,1,10,0,0,0
T08465,16281.32,0,4842.07,3,9,0,0,0
T08466,873.72,4,1814.27,3,3,0,0,0
T08467,1722.24,9,679.87,2,5,0,0,0
T08468,2203.04,12,536.65,4,1,0,0,0
T08469,1048.38,21,7702.54,4,1,0,0,0
T08470,46.15,22,566.36,2,10,0,0,0
T08471,745.88,3,4127.84,4,5,0,0,0
T08472,993.59,0,1151.01,3,1,0,0,0
T08473,1758.8,20,10611.73,3,7,0,0,0
T08474,562.98,1,1147.78,3,10,0,0,0
T08475,6196.72,23,1082.8,2,8,0,0,0
T08476,3661.44,3,2536.58,1,10,1,0,1
T08477,267.15,16,8143.83,0,2,0,0,0
T08478,3150.26,9,9346.18,4,3,0,0,0
T08479,3180.97,22,3070.72,4,10,1,0,0
T08480,9385.81,11,3512.23,4,8,0,1,0
T08481,9.08,1,2071.86,2,1,1,0,1
T08482,854.79,2,3524.17,4,9,0,0,0
T08483,7884.59,13,4911.35,2,5,0,0,0
T08484,8070.66,14,1664.29,4,10,1,0,1
T08485,3825.19,12,2418.05,3,1,0,0,1
T08486,4354.27,8,1926.78,3,10,1,1,0
T08487,287.82,1,2066.53,3,8,1,0,1
T08488,2163.87,18,5519.28,3,9,0,0,0
T08489,790.27,15,1098.65,2,9,0,0,0
T08490,599.81,10,583.57,3,9,1,0,0
T08491,4986.99,11,1523.3,4,6,0,0,1
T08492,435.21,0,583.25,2,7,0,0,0
T08493,1897.01,1,1724.88,4,7,0,0,0
T08494,8369.97,15,5845.74,3,4,1,0,0
T08495,616.77,1,2402.13,1,3,0,0,1
T08496,11449.24,18,4835.03,1,9,0,0,1
T08497,15495.55,9,454.38,5,3,0,0,0
T08498,2433.21,18,5778.4,1,3,1,0,0
T08499,559.5,9,2301.92,3,4,0,0,0
T08500,1139.85,15,80.69,3,10,0,0,0
T08501,1657.51,12,2506.79,0,10,0,0,0
T08502,1110.25,15,7560.17,1,10,0,0,0
T08503,988.16,17,206.19,2,3,0,0,0
T08504,10751.37,23,2183.41,1,2,0,0,1
T08505,499.46,7,6176.88,0,5,0,0,1
T08506,3965.21,23,24.36,1,1,0,0,1
T08507,1.23,17,2491.81,1,1,0,0,0
T08508,2720.38,12,1610.43,3,6,0,0,0
T08509,7428.78,6,1065.4,1,4,0,0,0
T08510,1018.75,20,2469.04,4,8,1,0,0
T08511,615.64,22,135.35,6,1,0,0,0
T08512,3163.9,23,3496.56,3,10,1,0,1
T08513,3740.66,17,11.22,3,5,0,0,0
T08514,3494.55,5,916.58,3,6,0,0,0
T08515,1153.98,8,1752.74,3,5,0,0,0
T08516,871.87,5,1183.11,4,10,0,0,0
T08517,9365.17,17,918.53,5,6,0,0,0
T08518,7703.54,16,4442.2,6,3,0,0,0
T08519,1833.69,11,6826.99,8,9,0,0,0
T08520,5616.19,2,5172.99,6,7,0,1,0
T08521,1806.21,4,1847.62,3,10,0,1,0
T08522,1656.97,6,5388.95,2,1,1,0,0
T08523,511.52,9,6341.39,4,5,0,1,0
T08524,1667.5,9,1315.86,2,10,0,0,0
T08525,2312.79,18,833.25,2,1,0,0,0
T08526,68.28,3,258.59,3,3,1,0,1
T08527,1761.57,9,1630.45,2,6,0,0,0
T08528,4560.93,17,7310.71,3,2,0,0,0
T08529,3418.73,2,2057.61,6,5,0,0,0
T08530,3024.86,20,2753.26,2,7,0,1,0
T08531,7209.05,2,299.45,3,9,0,0,1
T08532,54.59,4,387.31,3,1,0,0,0
T08533,2442.88,15,1561.26,1,7,0,0,0
T08534,4644.31,19,7553.38,1,8,0,1,0
T08535,2338.31,12,1118.78,4,3,1,0,0
T08536,1174.22,10,5248.78,1,2,0,0,0
T08537,439.42,12,320.4,3,8,1,0,0
T08538,6556.09,18,2399.41,3,7,0,0,0
T08539,1908.95,5,2294.56,4,1,0,0,0
T08540,6314.04,23,4913.05,3,2,1,0,0
T08541,2644.6,12,8.31,2,4,1,0,1
T08542,3364.34,3,526.59,2,3,0,0,1
T08543,4892.92,21,620.15,6,2,1,0,0
T08544,3228.99,4,7487.64,4,5,0,0,0
T08545,1522.77,18,417.18,2,6,0,0,0
T08546,2162.38,4,94.16,5,6,1,0,0
T08547,4874.35,20,1911.4,1,7,0,0,0
T08548,1403.54,13,1879.9,3,6,1,0,0
T08549,1473.66,3,4645.5,1,6,0,1,0
T08550,301.75,11,7432.95,3,8,0,0,0
T08551,7380.68,5,1933.43,2,5,1,0,0
T08552,286.35,18,6647.94,6,5,1,0,0
T08553,3134.16,9,3228.91,2,7,1,0,0
T08554,1599.19,0,768.21,1,10,0,0,0
T08555,1560.71,22,6592.37,2,7,0,0,0
T08556,3414.1,22,2752.36,2,3,1,0,0
T08557,208.35,15,1336.5,5,1,0,1,0
T08558,2702.03,3,2850.48,1,5,0,0,0
T08559,4435.65,8,1282.54,2,10,0,0,0
T08560,5284.5,17,303.11,2,4,0,0,0
T08561,560.91,16,3173.31,4,1,0,0,1
T08562,6831.31,14,4344.42,3,5,0,0,0
T08563,3202.62,18,3262.3,4,6,0,0,0
T08564,6407.52,6,650.54,1,7,1,0,0
T08565,1992.4,17,7845.26,3,10,0,1,0
T08566,2342.88,5,63.95,2,9,0,0,0
T08567,7541.34,18,1011.23,3,4,0,0,0
T08568,6905.04,20,753.08,2,1,1,0,0
T08569,1783.5,11,123.31,1,4,0,1,1
T08570,962.32,2,1301.05,6,7,0,1,0
T08571,1498.52,0,2439.54,3,1,0,0,0
T08572,1471.91,4,5354.42,2,9,1,0,0
T08573,1014.26,0,11436.53,3,6,0,1,0
T08574,938.3,7,4126.82,5,10,0,1,1
T08575,5921.2,6,1580.98,5,8,0,0,1
T08576,217.27,14,3215.71,4,6,1,0,0
T08577,3395.99,10,4638.73,1,7,1,0,0
T08578,569.2,17,1565.16,3,3,0,0,0
T08579,1267.1,13,3843.43,0,8,0,0,0
T08580,190.55,8,1647.6,5,5,1,1,0
T08581,944.02,4,1221.42,1,7,1,0,0
T08582,4388.5,22,1866.85,4,7,0,0,0
T08583,6488.87,3,2816.41,2,6,0,0,0
T08584,751.26,11,3244.63,2,3,1,0,0
T08585,1868.33,0,1103.0,3,1,0,0,1
T08586,1906.47,23,2117.61,4,6,0,0,0
T08587,6204.33,12,6016.28,4,9,0,1,0
T08588,4316.54,0,9357.06,3,2,0,0,0
T08589,2158.95,2,644.49,3,2,1,0,1
T08590,3332.79,21,535.56,5,10,0,0,0
T08591,5638.92,7,2822.83,4,1,0,1,0
T08592,28.75,23,1339.01,7,1,0,0,0
T08593,1546.96,17,61.3,4,2,1,0,0
T08594,7133.32,15,1064.92,6,1,0,1,0
T08595,4044.84,19,4109.36,8,6,0,0,0
T08596,2348.17,19,3991.64,3,5,0,0,0
T08597,2262.8,15,1706.43,3,8,0,1,0
T08598,1282.07,1,1599.39,3,10,0,1,0
T08599,2205.16,16,2165.82,6,7,0,0,0
T08600,3195.97,9,619.22,2,4,0,0,0
T08601,1625.73,6,1866.6,3,9,1,0,0
T08602,3756.9,9,27.77,2,4,0,0,0
T08603,5924.86,18,1613.56,4,9,0,0,0
T08604,504.14,19,1023.88,3,4,0,0,0
T08605,1801.96,8,2808.82,1,2,0,0,0
T08606,1572.85,21,2542.72,2,2,0,0,0
T08607,3489.11,16,1198.46,2,6,0,0,0
T08608,862.52,8,18.25,5,6,0,0,0
T08609,3067.05,8,726.8,3,7,0,0,0
T08610,6298.67,4,2508.35,5,7,0,0,1
T08611,1624.53,23,187.81,1,3,0,0,0
T08612,7257.89,6,284.72,1,10,0,0,0
T08613,14956.54,10,2603.47,2,7,0,0,1
T08614,336.46,7,3524.09,2,9,0,0,0
T08615,796.01,13,969.86,2,9,0,0,0
T08616,9010.07,1,1681.76,4,7,0,0,0
T08617,9533.75,9,7283.6,4,4,1,0,1
T08618,308.45,20,7275.89,2,8,0,0,0
T08619,45.34,23,918.63,1,2,0,0,0
T08620,526.99,15,4151.67,3,8,0,0,0
T08621,16573.99,15,2253.16,3,3,0,0,0
T08622,595.35,18,9271.12,0,5,0,1,1
T08623,2094.77,10,1623.37,3,3,0,1,0
T08624,5659.88,5,3725.88,3,6,0,0,0
T08625,61.84,5,3654.02,5,6,0,0,0
T08626,2782.73,6,1720.07,2,8,0,1,0
T08627,973.14,15,3969.56,1,1,0,1,1
T08628,5948.79,12,756.28,2,5,0,0,1
T08629,999.97,2,325.99,1,5,0,0,0
T08630,3482.32,23,1384.18,2,9,0,0,0
T08631,3364.6,23,7189.57,2,10,0,0,0
T08632,751.13,8,1736.59,4,4,0,0,0
T08633,106.26,23,2521.42,3,6,0,0,0
T08634,1579.08,2,2446.5,4,10,0,0,0
T08635,1024.06,5,355.56,6,7,0,0,0
T08636,4966.1,16,1236.96,1,3,1,0,0
T08637,4833.78,2,3068.44,3,6,0,1,0
T08638,1832.07,1,8937.99,2,3,0,1,0
T08639,2798.12,11,459.86,3,6,0,0,0
T08640,2780.99,23,1320.95,4,1,0,0,0
T08641,5266.13,5,249.81,7,9,0,0,0
T08642,1660.17,9,693.92,1,6,1,0,0
T08643,966.6,10,1182.06,6,6,1,0,0
T08644,923.8,15,1944.82,4,4,0,0,0
T08645,2304.86,15,655.25,1,5,0,0,0
T08646,1788.87,23,645.51,3,4,0,0,0
T08647,1740.1,17,3760.78,3,6,0,0,0
T08648,286.68,21,8218.0,5,7,0,0,0
T08649,3803.97,22,977.47,2,1,0,0,0
T08650,721.39,23,2911.82,0,3,0,0,0
T08651,658.03,8,746.29,1,2,0,0,0
T08652,1596.96,20,6576.07,2,5,0,0,0
T08653,775.45,18,2793.74,2,8,1,1,0
T08654,2630.19,1,4057.28,4,5,0,0,1
T08655,1393.08,23,126.53,2,9,0,0,1
T08656,1787.58,0,2281.41,2,1,0,0,1
T08657,2311.18,15,1874.89,4,6,0,0,0
T08658,682.72,21,866.8,4,3,0,0,0
T08659,507.93,17,760.99,10,2,1,0,0
T08660,6371.36,2,2168.9,5,4,0,0,0
T08661,1706.02,23,3064.57,5,3,0,0,0
T08662,1593.56,0,84.34,1,9,0,0,1
T08663,108.79,5,2094.86,4,9,0,0,0
T08664,2067.32,18,467.21,3,8,0,0,0
T08665,2423.45,21,378.11,2,7,0,0,0
T08666,2455.05,18,2439.57,4,10,0,0,0
T08667,3683.07,10,930.81,0,3,0,0,0
T08668,586.15,7,1453.48,3,3,0,0,0
T08669,871.95,4,1115.71,2,7,0,0,0
T08670,4993.75,19,2612.7,6,4,0,0,0
T08671,8822.06,8,1587.76,7,8,0,0,0
T08672,438.31,14,8273.28,6,1,0,0,0
T08673,2065.37,20,1086.14,4,1,1,1,1
T08674,723.07,13,3370.42,1,7,0,0,0
T08675,185.86,3,743.63,6,9,0,1,0
T08676,1181.37,23,1777.02,5,2,0,1,0
T08677,465.36,23,2010.59,3,5,0,0,0
T08678,3712.93,7,997.87,3,2,0,0,1
T08679,2288.94,19,1595.61,2,9,0,1,0
T08680,465.87,16,818.76,1,9,0,0,0
T08681,27.85,1,15.05,3,1,1,0,1
T08682,4953.23,19,607.24,3,7,0,0,0
T08683,581.46,15,3010.47,4,1,0,0,0
T08684,2795.86,9,3684.68,3,7,0,0,0
T08685,1232.59,1,821.96,3,8,0,0,0
T08686,2641.95,10,1310.8,5,1,0,0,0
T08687,1137.87,9,95.2,3,3,1,0,1
T08688,272.86,18,676.45,1,10,0,1,0
T08689,756.75,13,3776.46,5,5,0,0,0
T08690,624.98,10,2328.42,4,10,0,0,0
T08691,1675.95,8,575.96,5,7,0,0,0
T08692,3221.32,6,744.14,4,5,0,1,0
T08693,918.79,14,4242.97,2,3,0,0,0
T08694,36.43,19,586.41,2,8,0,0,0
T08695,2195.27,16,1016.76,1,6,0,0,0
T08696,2792.38,2,2729.28,4,1,0,1,1
T08697,9880.03,14,2058.78,3,7,0,0,0
T08698,2670.92,13,1544.5,1,9,0,0,0
T08699,1911.28,7,5750.0,2,1,1,0,0
T08700,2555.74,3,620.23,3,7,1,0,0
T08701,7889.13,9,3381.37,3,2,0,0,0
T08702,5287.39,1,433.1,3,1,0,0,1
T08703,1170.16,13,2391.05,4,1,0,0,1
T08704,812.49,7,5112.57,5,3,1,0,0
T08705,914.01,22,1530.77,5,1,1,0,1
T08706,2106.09,9,3221.06,4,10,0,0,0
T08707,4088.31,17,4292.47,5,2,0,0,0
T08708,2098.82,14,365.53,2,7,0,0,0
T08709,210.61,4,3058.97,2,8,0,0,1
T08710,3857.51,21,6309.36,2,3,0,0,0
T08711,4919.23,12,2147.24,5,7,0,0,0
T08712,1025.35,17,514.86,1,7,0,1,0
T08713,3273.06,1,339.38,2,10,0,0,0
T08714,1668.47,12,751.87,3,4,1,0,0
T08715,6597.9,13,273.18,1,1,0,0,1
T08716,5597.36,9,1800.75,3,4,0,0,0
T08717,2236.05,3,180.63,1,1,0,0,1
T08718,3528.15,14,632.09,2,10,0,0,0
T08719,6445.72,7,1449.15,3,4,0,0,0
T08720,2053.85,14,1605.73,1,5,0,1,0
T08721,1127.36,13,2083.31,2,9,0,0,0
T08722,4203.2,20,3057.17,1,7,0,0,0
T08723,745.64,8,120.95,2,9,0,0,0
T08724,1475.67,19,210.14,3,9,0,0,0
T08725,6023.65,2,156.97,3,8,1,1,1
T08726,3866.66,14,1375.43,3,2,0,0,0
T08727,1551.59,23,106.87,1,5,1,0,1
T08728,725.24,16,3426.85,5,4,0,0,0
T08729,1320.02,15,630.79,3,1,0,1,1
T08730,1002.66,3,7000.93,5,6,0,0,0
T08731,581.08,10,1665.79,5,5,0,0,0
T08732,4079.93,7,1477.95,2,10,0,0,0
T08733,871.34,2,3791.45,4,10,0,0,0
T08734,1816.33,18,3122.02,5,7,0,0,0
T08735,1462.59,13,2336.83,2,1,0,0,0
T08736,12065.07,8,6839.07,1,5,0,0,0
T08737,1488.27,2,1371.58,1,3,0,0,0
T08738,250.09,3,4132.58,2,4,0,0,0
T08739,282.36,3,1195.46,1,4,0,0,0
T08740,2680.31,10,4555.74,3,6,0,0,0
T08741,2744.1,18,750.99,1,4,0,0,0
T08742,1627.77,15,853.65,3,7,0,0,0
T08743,1696.08,22,2832.0,2,3,0,0,0
T08744,166.32,21,597.91,4,8,1,0,0
T08745,2180.4,16,650.67,4,2,1,0,0
T08746,2108.01,9,910.55,6,2,0,1,0
T08747,485.97,23,2840.23,2,1,0,0,0
T08748,328.91,16,5504.32,3,6,0,0,0
T08749,395.7,15,2806.5,4,6,1,0,0
T08750,319.51,19,4397.95,2,6,0,1,0
T08751,2822.58,21,1960.75,3,1,0,0,0
T08752,656.27,5,178.53,3,4,1,0,0
T08753,868.77,6,264.7,2,1,0,0,1
T08754,571.93,13,2020.79,3,2,0,0,0
T08755,9498.52,10,993.0,4,8,0,0,0
T08756,5785.16,11,622.97,3,8,0,0,1
T08757,786.02,13,1569.6,3,1,0,0,0
T08758,1190.56,4,2745.26,2,1,0,0,1
T08759,706.76,4,1215.3,5,3,0,0,1
T08760,2031.09,19,4055.58,1,7,1,0,0
T08761,59.42,21,3353.52,2,6,0,0,0
T08762,3338.45,22,3319.26,4,3,0,0,0
T08763,2221.71,14,10531.08,3,8,0,1,0
T08764,6867.2,0,874.71,2,8,0,0,1
T08765,538.79,23,2587.16,0,6,0,0,0
T08766,4890.59,22,4835.81,3,1,1,0,1
T08767,4710.09,8,2165.92,4,8,0,0,0
T08768,408.08,2,3895.7,6,5,1,0,0
T08769,1525.28,3,1338.02,3,9,1,0,0
T08770,559.54,15,2231.99,4,9,0,1,1
T08771,881.99,6,143.19,2,2,1,1,0
T08772,916.5,21,10630.59,4,6,0,0,0
T08773,2437.39,13,4023.83,3,4,0,0,0
T08774,1590.08,15,5077.75,4,7,0,0,0
T08775,8854.16,17,2962.83,3,6,1,0,0
T08776,405.3,15,514.64,3,7,0,0,0
T08777,10913.66,15,78.8,3,5,0,0,1
T08778,786.58,1,4999.85,1,9,0,0,0
T08779,4446.75,9,1261.82,6,1,0,0,0
T08780,1241.87,6,765.85,6,7,0,0,0
T08781,463.24,14,2061.97,0,9,0,0,0
T08782,5853.44,8,1365.69,1,8,1,0,0
T08783,1108.24,6,2636.48,4,1,0,0,0
T08784,3226.35,23,1653.12,1,8,0,1,0
T08785,2507.2,15,2986.98,5,3,0,0,0
T08786,1914.59,2,4800.52,3,10,0,0,0
T08787,2054.46,16,544.01,3,6,0,0,0
T08788,3952.97,22,999.08,4,9,0,0,0
T08789,275.6,7,1435.37,3,7,0,0,0
T08790,3309.49,1,8179.27,4,5,1,0,0
T08791,6784.68,19,1136.64,3,8,0,0,0
T08792,178.58,2,1199.53,4,8,0,1,1
T08793,454.75,7,2649.48,2,6,0,0,0
T08794,3783.03,1,1358.37,3,6,0,0,0
T08795,1724.93,18,7551.28,4,9,1,1,0
T08796,1550.27,16,5621.87,4,4,0,0,0
T08797,441.91,4,1800.83,3,3,1,1,0
T08798,2120.34,19,2587.51,3,8,1,0,0
T08799,405.9,16,149.46,5,9,0,1,0
T08800,1942.35,9,2974.6,3,4,0,0,0
T08801,4326.88,8,3070.67,5,2,0,0,0
T08802,896.29,21,1112.59,4,6,0,0,0
T08803,1966.32,5,620.14,3,9,1,0,0
T08804,14490.94,10,6165.07,3,2,0,0,0
T08805,3481.31,1,1390.89,10,9,0,0,0
T08806,5523.29,22,2651.17,4,5,1,0,1
T08807,1607.65,11,84.74,4,4,0,0,0
T08808,4381.26,11,1336.38,3,8,0,0,0
T08809,124.06,15,4249.21,1,2,0,0,0
T08810,393.44,21,1225.83,5,7,0,1,1
T08811,680.97,23,2310.56,5,10,0,0,0
T08812,1542.25,11,588.85,0,7,0,0,0
T08813,5607.44,20,1346.89,1,1,0,0,0
T08814,1275.16,17,6565.18,1,10,0,0,0
T08815,3189.34,12,2089.38,2,8,0,0,0
T08816,3706.54,14,5805.22,2,1,1,0,1
T08817,2646.99,15,5807.46,4,9,1,0,0
T08818,1325.96,3,7212.62,4,2,0,0,0
T08819,2581.53,11,5643.83,4,10,1,0,1
T08820,1256.86,16,8.22,3,7,0,1,0
T08821,262.8,0,6795.82,3,5,0,0,0
T08822,14802.68,21,369.68,5,5,1,0,1
T08823,408.09,17,101.86,5,5,0,0,0
T08824,225.3,21,142.45,0,9,0,0,0
T08825,6324.28,15,1072.79,3,10,0,0,1
T08826,1077.9,0,2424.26,5,2,0,0,0
T08827,3152.01,9,1286.71,3,9,0,0,0
T08828,1196.98,18,64.72,4,7,1,0,0
T08829,1490.05,15,1617.96,3,3,0,0,0
T08830,911.89,13,1459.08,6,3,1,0,0
T08831,1260.41,1,3535.18,1,2,1,0,0
T08832,1586.46,23,819.92,5,10,1,0,1
T08833,3823.36,5,613.25,3,5,0,0,0
T08834,2149.47,21,739.08,2,3,0,0,0
T08835,8624.01,22,905.08,6,2,0,0,1
T08836,128.35,4,2285.51,6,4,0,0,0
T08837,2097.91,11,1594.4,2,9,0,0,0
T08838,2632.83,3,1027.05,4,1,1,0,1
T08839,7584.58,21,1172.27,0,9,0,0,0
T08840,151.22,23,1158.76,2,7,1,0,1
T08841,2556.43,3,8975.46,1,2,0,0,0
T08842,5764.85,4,663.16,4,2,1,0,1
T08843,830.93,6,4260.22,1,5,0,0,0
T08844,6269.5,5,3079.31,1,3,0,0,0
T08845,57.68,12,13.96,1,1,1,0,1
T08846,3955.4,3,12468.35,2,8,0,0,1
T08847,8114.26,12,3530.97,3,5,0,0,0
T08848,3211.8,3,2867.8,1,5,0,0,0
T08849,1734.26,9,1299.35,6,6,0,0,0
T08850,137.76,19,2025.34,5,8,0,0,0
T08851,7581.46,0,730.13,1,4,1,0,0
T08852,1906.31,20,90.32,1,3,0,1,0
T08853,88.28,7,4520.05,2,7,1,0,1
T08854,3511.82,6,5670.08,3,1,0,0,1
T08855,1972.4,4,443.25,3,2,0,0,0
T08856,398.35,2,3866.82,3,3,0,0,0
T08857,723.43,14,3378.79,2,5,0,0,0
T08858,199.99,16,491.18,5,10,0,0,0
T08859,2562.02,22,1369.71,1,4,1,0,1
T08860,2918.82,12,1373.73,1,3,0,0,0
T08861,2114.09,14,3567.42,6,10,0,1,1
T08862,5096.48,18,4545.17,1,4,0,0,0
T08863,5920.03,19,248.93,4,10,1,0,1
T08864,2868.41,13,2069.38,2,7,0,0,0
T08865,38.52,20,3586.07,5,7,0,0,0
T08866,3564.59,12,3856.68,3,5,1,0,1
T08867,1623.85,11,400.4,3,5,0,0,0
T08868,2501.07,23,1863.76,4,7,0,0,0
T08869,3141.6,22,4872.06,4,4,0,0,0
T08870,1293.44,8,958.72,0,1,0,0,0
T08871,7470.31,2,1383.97,6,4,0,0,1
T08872,431.52,10,4078.68,2,9,0,0,0
T08873,3339.76,9,233.91,1,10,0,0,0
T08874,13.11,0,4906.25,3,10,0,0,0
T08875,7756.88,16,931.85,3,10,0,0,0
T08876,358.05,12,3.63,2,2,0,0,0
T08877,299.08,13,666.95,3,1,0,1,0
T08878,1214.93,0,234.41,0,9,0,1,1
T08879,1403.14,1,242.34,2,6,0,0,1
T08880,723.54,1,2950.93,1,2,0,0,0
T08881,2639.31,6,601.92,4,7,0,0,0
T08882,1755.11,8,6823.53,3,4,0,0,0
T08883,104.32,23,1816.47,6,9,0,1,0
T08884,1155.45,3,1540.92,3,6,0,0,0
T08885,4989.04,1,1424.16,3,7,0,0,1
T08886,3510.66,18,2948.91,1,3,0,0,0
T08887,3871.54,4,1504.9,3,6,0,0,0
T08888,3593.15,8,344.14,3,1,1,0,1
T08889,1117.42,23,5304.25,2,5,1,0,0
T08890,314.96,12,1398.27,1,10,0,1,1
T08891,954.29,11,192.21,6,5,1,0,0
T08892,5347.54,18,1884.19,2,2,1,0,0
T08893,11807.53,8,2605.68,2,6,0,0,0
T08894,2042.75,9,805.97,5,3,0,1,0
T08895,29.24,18,4027.85,4,4,1,0,0
T08896,452.62,9,2769.96,3,3,0,0,0
T08897,1166.18,11,2626.99,2,1,0,0,0
T08898,2592.41,13,1365.38,3,1,0,0,0
T08899,234.19,7,8169.86,5,5,1,0,0
T08900,8612.98,15,801.16,4,10,0,0,1
T08901,1362.79,16,2155.13,6,6,0,1,0
T08902,7311.24,19,924.24,1,5,0,0,0
T08903,4549.51,3,3414.32,1,4,1,0,0
T08904,4224.85,5,122.43,2,6,0,0,0
T08905,2799.7,11,117.45,3,9,0,0,0
T08906,2956.79,17,4163.18,2,4,0,0,0
T08907,3048.36,6,1424.09,1,9,0,0,0
T08908,2972.41,4,1043.26,1,10,0,0,1
T08909,2420.48,9,2338.22,3,7,1,0,1
T08910,12896.15,5,3025.81,2,4,0,0,0
T08911,3953.56,13,561.62,4,10,0,0,0
T08912,4501.03,5,512.74,3,4,0,0,1
T08913,6178.04,13,7934.2,3,3,0,0,0
T08914,728.66,11,2226.95,0,7,1,0,1
T08915,262.58,21,1236.22,4,4,1,0,0
T08916,1978.52,11,4041.68,4,10,1,0,0
T08917,2165.14,7,1861.94,3,4,0,0,0
T08918,5301.47,9,691.57,4,7,0,0,0
T08919,1759.79,15,579.0,3,7,0,0,0
T08920,2537.87,19,1264.01,1,2,0,0,0
T08921,2246.43,7,4913.42,1,8,0,0,0
T08922,116.85,8,158.54,7,7,0,0,0
T08923,2865.21,12,616.43,2,1,0,1,0
T08924,5281.54,19,5590.87,6,10,0,0,0
T08925,514.15,16,324.52,4,9,0,0,0
T08926,2706.66,18,2483.1,6,8,0,1,0
T08927,2701.33,16,600.44,2,1,0,0,1
T08928,538.04,6,2327.67,3,5,0,0,0
T08929,395.33,0,1207.64,1,6,0,0,0
T08930,11743.87,19,268.06,3,8,0,0,0
T08931,1501.24,13,2183.53,3,10,0,0,0
T08932,774.07,16,2872.47,2,7,1,0,0
T08933,563.78,12,2850.72,1,5,1,0,0
T08934,3304.26,1,2533.62,2,1,0,0,0
T08935,2820.56,13,1733.99,3,4,0,0,0
T08936,3094.7,0,1832.18,5,9,0,0,0
T08937,276.37,4,2524.03,3,8,1,1,0
T08938,6719.81,6,2930.05,2,10,0,0,0
T08939,1479.28,18,2659.63,1,10,0,0,0
T08940,1127.88,13,2210.44,2,2,1,0,0
T08941,1861.71,23,423.53,6,2,0,0,0
T08942,1483.21,13,591.26,4,8,0,1,0
T08943,5975.98,14,753.52,0,3,0,0,0
T08944,7946.27,4,6303.77,5,5,0,0,0
T08945,1084.86,4,3561.5,3,9,0,0,0
T08946,5983.89,20,2012.25,4,2,0,1,0
T08947,4563.23,23,726.07,5,8,0,0,0
T08948,8012.6,1,293.84,0,2,0,1,1
T08949,846.1,17,5725.63,5,3,0,0,0
T08950,2580.86,23,5579.52,2,7,1,1,0
T08951,962.87,8,293.29,2,7,0,0,0
T08952,5213.42,9,3989.04,4,5,0,0,0
T08953,16.02,17,1479.39,0,1,0,1,0
T08954,2495.98,3,978.78,4,2,0,0,1
T08955,1242.93,7,3359.09,2,7,0,0,0
T08956,1168.85,17,2381.93,1,8,0,0,0
T08957,3106.12,19,3785.66,3,6,0,0,0
T08958,5721.2,16,193.09,6,3,0,0,0
T08959,2818.64,15,958.97,5,3,0,0,0
T08960,5755.5,17,961.65,3,9,0,0,0
T08961,922.01,6,1000.27,1,3,1,0,0
T08962,2198.8,0,1745.3,2,6,0,0,0
T08963,1796.44,0,831.75,2,3,0,0,0
T08964,35.14,17,1469.19,3,10,0,1,0
T08965,2441.28,3,1146.29,3,3,0,0,0
T08966,3249.91,22,3322.86,2,9,0,0,0
T08967,2688.84,19,2312.7,2,8,0,0,0
T08968,3998.6,20,2650.62,7,7,0,0,0
T08969,2541.27,19,591.15,3,3,1,1,0
T08970,207.25,3,984.47,3,5,0,0,0
T08971,371.41,5,53.48,6,1,0,0,1
T08972,2722.55,2,286.77,2,2,0,0,0
T08973,964.66,5,769.9,5,9,0,0,0
T08974,248.99,12,169.26,3,3,0,0,0
T08975,1684.27,22,2307.23,4,5,0,0,0
T08976,2424.48,6,15704.7,4,4,0,0,0
T08977,1195.82,23,265.67,1,8,0,0,0
T08978,3823.55,3,4304.14,0,1,0,0,1
T08979,3096.54,0,316.22,6,6,0,0,0
T08980,1214.08,5,2771.01,3,6,0,0,0
T08981,4217.93,23,2576.15,1,8,1,0,0
T08982,3138.3,4,5825.33,1,1,1,1,1
T08983,3043.74,12,302.44,3,4,0,0,0
T08984,2418.46,18,947.46,5,1,0,0,0
T08985,34.37,3,237.92,4,9,0,0,1
T08986,3577.19,23,1308.02,3,6,1,0,1
T08987,1415.02,5,6064.52,2,7,0,0,0
T08988,8573.64,12,3802.69,1,1,0,1,0
T08989,5110.99,4,3208.44,3,10,0,0,0
T08990,2657.97,12,1903.71,7,4,0,1,0
T08991,871.79,9,5374.35,2,7,0,0,0
T08992,683.4,2,1492.06,5,4,1,0,0
T08993,1248.3,22,405.37,3,5,0,0,0
T08994,1942.04,12,4544.0,1,1,0,0,1
T08995,1053.21,11,820.0,4,3,1,0,0
T08996,2170.38,3,137.81,1,8,0,0,1
T08997,542.3,9,336.8,3,9,1,1,1
T08998,11411.23,2,2348.0,2,8,0,0,0
T08999,342.61,16,2335.39,0,4,0,0,0
T09000,8062.28,8,753.38,5,10,0,0,0
T09001,7345.54,0,3247.36,2,1,1,0,1
T09002,2235.6,17,3714.07,2,4,1,0,0
T09003,3871.97,8,6330.08,6,6,0,1,0
T09004,1718.36,20,2198.32,4,2,0,0,0
T09005,2983.04,19,3778.78,0,7,0,0,0
T09006,1249.17,8,3496.93,2,3,0,0,0
T09007,1075.0,1,745.37,2,8,0,1,0
T09008,2589.88,18,928.48,1,4,0,0,0
T09009,2068.24,15,1627.53,1,9,1,0,0
T09010,2599.19,2,48.06,11,1,0,0,1
T09011,1013.39,15,882.41,3,10,0,0,0
T09012,1371.65,20,1605.58,5,1,0,1,0
T09013,262.88,12,285.92,3,5,0,0,0
T09014,161.08,2,337.48,5,9,0,1,0
T09015,876.91,9,1555.5,3,6,0,1,0
T09016,231.44,21,3282.28,4,2,0,1,0
T09017,328.69,17,4485.64,5,9,1,0,0
T09018,5028.79,5,1975.87,4,7,1,0,0
T09019,118.95,5,1609.7,2,5,0,0,0
T09020,3227.12,17,1212.41,4,7,1,0,0
T09021,954.66,5,535.92,7,9,0,0,0
T09022,6156.55,5,396.21,3,8,0,0,0
T09023,1990.72,21,3924.3,3,8,0,0,0
T09024,1094.02,12,1563.75,3,9,0,0,0
T09025,2187.19,13,3905.43,1,3,0,0,0
T09026,1443.6,20,3044.19,1,1,0,1,1
T09027,2492.41,6,538.86,10,4,1,1,1
T09028,364.92,12,1784.94,1,9,0,1,1
T09029,17417.95,14,1467.54,2,10,0,0,1
T09030,1663.06,11,1378.57,4,1,1,0,0
T09031,1284.19,20,1955.33,3,10,0,0,0
T09032,3715.79,0,10054.86,1,1,1,1,1
T09033,1357.2,2,4190.29,2,6,1,0,0
T09034,5374.22,17,5851.04,3,4,0,0,0
T09035,1816.9,21,75.22,6,1,0,0,0
T09036,3814.17,7,378.04,3,4,0,0,1
T09037,341.03,1,221.43,7,6,0,0,1
T09038,5614.73,3,763.7,6,8,1,0,1
T09039,3992.22,17,1458.01,1,9,0,0,0
T09040,713.69,12,2568.43,3,10,0,0,0
T09041,470.97,14,1737.03,4,6,0,0,0
T09042,1140.67,1,5837.36,3,2,0,1,0
T09043,11197.94,9,7027.53,4,6,0,0,0
T09044,890.5,1,446.38,3,1,0,1,0
T09045,1827.12,20,4791.83,3,1,0,0,1
T09046,91.44,11,1643.11,3,1,0,0,0
T09047,1518.65,4,1509.77,3,6,0,0,0
T09048,2541.13,11,3842.09,5,7,0,0,0
T09049,9180.79,22,244.42,4,1,0,0,0
T09050,2181.58,0,5353.15,4,3,0,1,0
T09051,5129.55,1,2778.21,4,3,0,0,1
T09052,2376.43,15,5203.84,2,7,0,0,0
T09053,124.92,21,12997.35,2,4,1,1,0
T09054,1135.05,1,1824.55,1,9,0,0,0
T09055,2570.88,15,244.75,3,9,1,0,0
T09056,9023.05,19,455.38,7,10,0,0,1
T09057,5879.76,15,977.49,1,4,0,0,0
T09058,777.69,5,273.29,5,3,1,0,0
T09059,745.81,12,4223.12,0,6,1,0,1
T09060,673.83,11,880.53,1,9,0,0,0
T09061,7672.39,22,9312.43,1,10,0,1,0
T09062,5745.16,9,3031.62,5,8,0,0,0
T09063,4473.41,4,476.18,7,7,0,0,0
T09064,1496.37,7,1615.86,4,7,0,0,0
T09065,2105.84,5,1572.54,3,5,1,0,0
T09066,1872.72,4,1695.7,2,9,0,0,0
T09067,876.67,19,1918.01,3,2,0,0,0
T09068,2109.76,21,79.17,2,5,0,0,0
T09069,92.91,5,2898.3,2,5,1,1,0
T09070,424.04,21,1669.63,2,5,0,0,0
T09071,6530.23,16,3913.14,2,8,0,0,0
T09072,4179.11,5,4223.23,1,1,0,0,0
T09073,1649.05,16,655.15,3,4,0,1,0
T09074,2184.15,4,124.09,3,1,1,0,1
T09075,1386.1,22,3037.03,7,5,1,0,0
T09076,4050.23,16,9514.97,3,7,0,0,0
T09077,4600.03,16,1479.45,5,2,0,0,0
T09078,4322.7,12,751.45,4,2,0,0,0
T09079,3847.01,21,426.0,5,7,0,0,1
T09080,686.37,6,847.25,5,2,0,0,0
T09081,1237.33,21,993.44,6,2,0,0,0
T09082,1903.76,20,1378.58,1,6,0,0,0
T09083,1204.99,5,2663.48,2,5,0,0,0
T09084,4218.76,13,797.63,3,1,0,0,1
T09085,1198.54,15,130.8,3,7,0,0,0
T09086,446.31,2,1168.13,0,2,0,0,0
T09087,1527.68,8,4838.43,1,2,0,0,0
T09088,11723.26,14,1724.64,5,3,0,0,1
T09089,768.09,20,8365.62,3,9,0,0,0
T09090,2841.48,17,1751.04,5,1,1,0,1
T09091,1702.05,9,807.06,3,8,1,0,0
T09092,221.02,9,537.05,2,2,1,0,0
T09093,2007.57,22,2964.71,6,9,0,0,0
T09094,3633.64,2,1921.73,5,5,1,0,1
T09095,2159.83,0,2315.85,0,9,1,0,0
T09096,6169.66,2,3517.54,2,10,1,0,1
T09097,1022.98,4,3235.69,4,9,0,0,0
T09098,270.59,6,110.83,0,5,0,0,0
T09099,8273.25,2,4055.95,3,2,0,0,1
T09100,1425.39,3,1901.98,1,9,0,0,0
T09101,2576.94,16,1242.75,1,8,0,0,0
T09102,4710.7,2,1927.88,1,3,1,1,0
T09103,1176.08,22,2369.79,2,1,1,0,0
T09104,3778.08,3,404.85,6,5,0,0,1
T09105,436.53,1,1350.7,4,2,0,0,0
T09106,1032.94,13,1022.13,1,9,0,0,0
T09107,468.95,4,1078.53,3,5,0,1,0
T09108,5001.69,20,239.45,3,7,0,0,1
T09109,755.59,1,435.42,6,1,0,0,0
T09110,3791.21,14,441.34,0,1,0,0,1
T09111,8609.86,10,1167.92,3,8,0,0,0
T09112,2250.88,21,5622.41,1,8,0,0,0
T09113,2329.78,9,576.77,3,8,0,0,1
T09114,1854.31,19,1345.46,2,7,1,0,1
T09115,1183.09,0,933.5,6,5,0,0,0
T09116,1936.82,18,3870.66,3,1,1,0,0
T09117,2770.0,13,128.57,2,8,0,1,1
T09118,12804.29,22,547.08,4,10,1,0,1
T09119,8330.49,21,591.34,6,7,0,0,1
T09120,5944.83,13,12391.36,2,3,0,0,0
T09121,6598.21,0,2114.44,2,7,0,0,1
T09122,1892.49,8,374.03,2,5,1,0,0
T09123,3213.96,16,794.32,3,10,0,0,0
T09124,6763.29,13,459.27,5,10,0,0,0
T09125,1497.44,12,332.7,4,10,0,0,0
T09126,9791.81,12,3988.62,0,4,0,0,0
T09127,1612.46,5,1711.72,1,1,0,0,1
T09128,2757.0,6,2493.82,5,10,0,0,0
T09129,3711.6,1,1005.87,1,2,0,1,1
T09130,9022.93,7,2016.88,3,2,0,0,0
T09131,841.59,23,744.56,4,10,0,0,0
T09132,4112.81,5,920.55,1,2,0,0,1
T09133,2207.01,2,2640.59,2,9,1,0,0
T09134,938.21,17,407.33,4,6,0,0,0
T09135,4496.47,17,2400.75,5,5,0,0,0
T09136,2410.37,21,4780.33,2,10,1,0,0
T09137,3245.03,22,320.79,4,4,0,0,0
T09138,1169.81,5,5693.79,1,9,0,0,0
T09139,1969.14,10,206.95,2,9,0,0,0
T09140,2881.94,2,1072.77,3,10,0,0,1
T09141,1557.13,15,2357.29,3,7,1,0,0
T09142,663.33,4,2049.13,1,5,1,0,1
T09143,9782.26,23,253.4,3,6,0,0,0
T09144,2149.05,21,4010.05,2,3,0,0,0
T09145,3971.88,1,9044.03,3,2,0,0,0
T09146,1588.23,14,499.87,6,10,1,0,0
T09147,1316.13,15,5637.61,4,10,0,0,0
T09148,1568.51,6,2034.39,4,4,0,0,0
T09149,1578.82,15,6869.59,5,3,0,0,0
T09150,2356.97,23,484.22,2,4,0,0,0
T09151,2352.3,3,3925.8,3,10,0,0,0
T09152,2062.41,15,154.11,1,1,0,0,0
T09153,434.33,16,5368.15,2,1,1,1,1
T09154,2055.99,1,2803.37,4,6,0,0,0
T09155,555.75,15,1156.1,4,10,0,0,0
T09156,404.49,3,528.24,6,4,1,0,1
T09157,8093.37,6,4239.3,4,2,0,0,0
T09158,2786.23,17,2311.07,4,3,1,0,0
T09159,3231.93,5,1117.34,2,8,1,1,0
T09160,1541.46,17,1466.73,2,6,1,0,0
T09161,7190.06,6,4379.56,2,2,0,0,0
T09162,3047.76,1,1034.73,3,7,0,0,0
T09163,4398.22,18,234.77,7,2,0,0,0
T09164,1379.27,8,6055.74,3,1,0,0,0
T09165,9657.52,3,1224.88,3,5,0,0,1
T09166,5152.09,13,1070.76,4,10,0,0,0
T09167,5771.39,4,571.65,2,9,0,0,1
T09168,566.93,6,5692.84,1,5,0,0,0
T09169,948.09,7,613.17,2,1,1,1,1
T09170,1009.05,14,2531.13,6,2,0,1,0
T09171,947.87,18,5316.65,1,4,0,0,0
T09172,5801.52,10,88.84,1,5,0,0,0
T09173,97.21,19,4412.19,0,2,0,0,0
T09174,237.45,22,1321.62,3,3,0,0,0
T09175,960.26,3,2682.18,1,6,0,0,0
T09176,668.95,17,1164.65,4,6,0,0,0
T09177,791.35,13,2972.84,2,10,0,1,0
T09178,4797.62,5,733.56,2,1,0,0,0
T09179,2484.34,15,55.44,2,10,0,0,0
T09180,17.36,17,7381.08,5,8,0,0,0
T09181,1682.79,0,41.26,3,6,0,0,1
T09182,1572.16,7,4344.59,5,3,0,0,0
T09183,362.93,0,463.23,4,2,1,0,0
T09184,3382.35,0,1244.86,1,9,0,0,0
T09185,3632.96,18,4321.85,3,8,0,1,0
T09186,3828.48,20,576.47,0,3,0,0,0
T09187,3911.06,9,5019.34,2,7,0,1,0
T09188,0.16,17,1721.69,4,7,0,0,0
T09189,9232.18,11,1139.87,2,1,0,0,0
T09190,5049.39,16,2715.01,2,6,0,0,0
T09191,7029.65,0,1044.06,5,3,0,0,1
T09192,47.3,7,1066.55,3,10,1,0,1
T09193,8147.89,9,3306.2,2,3,1,0,0
T09194,4978.86,9,927.05,0,5,0,0,0
T09195,5446.05,17,560.27,4,6,0,0,0
T09196,293.79,8,4121.05,2,9,0,0,0
T09197,4027.15,1,4091.65,7,5,0,0,0
T09198,9650.39,2,1720.83,4,3,1,0,1
T09199,3404.71,1,1869.83,3,1,0,1,0
T09200,2535.83,5,2977.45,2,3,0,0,0
T09201,8735.81,22,1779.67,1,4,0,0,1
T09202,1755.23,11,1349.09,3,10,1,0,1
T09203,2743.58,21,13193.44,5,7,0,0,0
T09204,1940.73,18,399.37,1,5,0,0,0
T09205,8102.31,14,2245.68,6,3,0,0,1
T09206,237.4,18,5425.89,1,9,0,0,1
T09207,2086.17,11,2905.6,0,10,0,0,0
T09208,3484.2,17,5319.97,6,6,0,0,0
T09209,4709.3,15,1024.94,4,5,0,0,0
T09210,2624.14,1,793.61,2,7,0,0,0
T09211,7187.98,10,4764.1,5,10,0,0,0
T09212,8541.49,11,1252.66,3,1,0,1,1
T09213,199.44,4,3091.95,3,8,0,0,0
T09214,1544.35,23,399.68,2,7,1,1,1
T09215,71.22,5,3524.81,1,5,1,0,0
T09216,1198.82,10,1990.62,3,6,0,0,0
T09217,2309.23,20,782.03,4,9,0,0,0
T09218,7250.45,9,1705.54,4,1,0,1,0
T09219,5623.23,3,2984.59,6,3,0,0,0
T09220,409.18,8,29.89,1,9,0,0,0
T09221,292.94,11,2536.6,2,3,1,1,0
T09222,2669.44,9,1949.98,2,6,0,0,0
T09223,2278.62,13,622.07,6,10,1,1,1
T09224,929.28,4,3495.73,3,2,0,0,1
T09225,6891.39,0,904.08,4,9,0,0,0
T09226,7866.98,4,810.38,3,5,0,1,0
T09227,1545.56,15,1592.95,3,8,0,0,0
T09228,6630.09,4,2818.68,5,2,0,0,0
T09229,1453.28,4,6607.27,2,8,0,0,0
T09230,4004.72,17,381.01,4,5,1,0,0
T09231,1938.46,5,1262.39,3,3,0,0,0
T09232,392.32,20,173.35,4,6,1,0,0
T09233,7890.53,17,3552.74,2,6,1,0,0
T09234,1815.94,9,1484.31,3,8,0,0,0
T09235,3978.27,14,3068.35,0,7,0,0,0
T09236,1372.68,23,972.24,5,9,0,0,0
T09237,57.18,21,4649.84,3,1,1,0,0
T09238,317.85,10,1913.37,3,8,0,0,0
T09239,2056.84,18,7188.56,2,1,0,0,1
T09240,3513.2,12,205.24,1,9,0,0,0
T09241,1222.71,19,1805.29,6,10,0,0,0
T09242,3567.14,2,3635.95,2,3,0,0,0
T09243,3598.31,15,2291.68,5,3,0,0,0
T09244,3651.54,6,58.67,5,3,0,0,1
T09245,2034.9,11,8969.3,1,1,1,1,0
T09246,7391.3,14,885.49,7,7,0,0,0
T09247,2015.31,7,716.8,4,4,0,0,0
T09248,1794.96,22,1662.18,3,3,0,0,0
T09249,667.11,16,1953.08,6,5,0,0,0
T09250,1103.01,0,3634.17,5,1,0,0,1
T09251,129.77,20,1249.19,3,5,0,1,0
T09252,3011.56,7,1449.37,2,2,0,0,0
T09253,857.19,13,1914.08,1,8,0,0,0
T09254,1087.89,9,1253.79,3,9,1,1,1
T09255,4419.67,18,6149.5,1,9,0,0,0
T09256,1189.02,7,4763.75,2,3,0,0,0
T09257,831.99,18,1517.3,2,8,0,0,0
T09258,555.58,3,0.49,2,2,0,0,0
T09259,4473.08,9,5779.93,2,1,0,0,0
T09260,416.77,22,331.93,0,1,0,0,0
T09261,1814.06,2,700.98,3,7,0,0,0
T09262,2121.31,3,413.25,7,1,1,0,1
T09263,3488.4,15,495.57,1,6,0,0,0
T09264,3009.5,23,4059.83,8,8,1,0,1
T09265,4993.59,3,2165.79,3,10,0,0,0
T09266,137.35,19,7814.33,5,4,0,0,0
T09267,1054.81,19,658.14,0,2,1,0,0
T09268,986.07,12,1662.05,7,4,0,0,0
T09269,473.53,20,9477.65,4,9,0,0,0
T09270,1024.0,16,4378.13,4,2,0,1,0
T09271,1112.17,22,3260.55,3,5,1,1,1
T09272,2213.71,15,523.64,2,2,0,0,0
T09273,3269.29,16,3667.74,3,1,0,0,0
T09274,1439.44,5,1067.61,1,9,0,1,0
T09275,3813.23,2,1890.41,2,5,1,0,0
T09276,1229.17,19,2348.65,5,6,0,0,0
T09277,1028.67,23,2349.95,2,6,0,0,0
T09278,2337.34,3,3241.35,2,8,0,1,1
T09279,72.01,7,2709.57,5,4,0,1,0
T09280,249.46,19,177.05,0,1,0,0,1
T09281,1623.7,8,1528.21,3,7,0,0,0
T09282,8589.52,21,2726.77,1,6,0,0,0
T09283,3835.14,0,877.42,2,7,0,0,0
T09284,276.76,12,938.76,2,8,0,0,0
T09285,5618.61,1,332.59,2,5,0,0,1
T09286,3953.67,22,1355.86,2,6,0,0,0
T09287,2832.12,9,10824.62,2,2,0,0,0
T09288,5149.28,22,839.8,1,5,1,0,1
T09289,1553.1,18,1895.21,4,3,0,1,0
T09290,751.16,16,3399.01,3,5,0,0,0
T09291,2152.46,23,33.97,1,9,0,0,0
T09292,2387.81,12,5767.48,3,3,0,0,0
T09293,2318.69,13,1221.64,0,3,0,0,0
T09294,2497.74,10,5083.61,1,1,0,0,0
T09295,8910.48,9,99.32,2,1,0,0,1
T09296,6975.89,6,393.58,2,7,0,0,1
T09297,6255.58,9,973.47,2,9,0,0,0
T09298,4849.64,23,1059.56,3,2,0,0,0
T09299,8616.73,0,4706.3,1,2,0,0,1
T09300,311.07,13,28.16,2,1,0,0,1
T09301,924.16,2,2561.86,6,5,0,0,0
T09302,2049.92,12,351.93,4,10,0,0,0
T09303,5622.84,1,4332.06,4,7,0,0,1
T09304,2110.6,16,3769.16,3,1,0,0,1
T09305,4135.39,20,1732.47,3,8,1,1,0
T09306,448.84,2,597.82,3,1,1,0,0
T09307,872.72,14,2516.19,4,1,1,0,1
T09308,3947.8,7,424.77,2,4,0,0,0
T09309,540.02,5,526.88,5,2,0,0,0
T09310,1298.61,8,2463.36,3,9,1,0,0
T09311,923.11,10,11840.6,3,10,0,0,0
T09312,1291.71,21,5542.41,6,2,0,0,0
T09313,3696.34,1,2248.01,2,7,0,1,1
T09314,1375.87,8,1933.38,4,2,0,0,0
T09315,2430.82,17,16070.87,3,1,0,0,0
T09316,315.85,18,1981.85,0,9,0,1,0
T09317,4904.54,21,1362.32,3,4,0,0,1
T09318,1385.58,17,6007.55,4,7,0,0,0
T09319,3136.93,4,667.03,2,1,0,0,0
T09320,3877.21,17,256.54,2,8,1,0,1
T09321,705.88,11,2513.42,4,6,0,0,0
T09322,6480.0,3,251.9,4,2,0,1,0
T09323,2873.09,14,1167.61,1,9,0,0,0
T09324,1679.65,10,1377.29,4,1,0,0,0
T09325,603.91,18,1982.63,4,9,0,0,0
T09326,8557.54,4,11966.59,2,10,0,0,1
T09327,4220.33,5,624.3,1,2,0,0,0
T09328,699.67,12,1178.04,5,6,0,0,0
T09329,1236.16,22,354.6,3,9,0,0,1
T09330,4977.05,9,2338.77,5,3,0,0,0
T09331,3569.0,23,3251.88,3,3,0,0,0
T09332,4354.54,13,1644.82,1,3,0,0,0
T09333,1745.9,3,705.35,2,9,0,0,1
T09334,3781.38,19,2424.81,1,2,0,0,0
T09335,1465.69,22,1936.75,3,4,0,0,0
T09336,711.97,11,469.4,3,8,1,0,0
T09337,3004.54,14,1300.85,7,8,0,0,0
T09338,11190.85,9,1428.2,1,5,0,0,0
T09339,1115.81,10,10130.76,3,2,0,0,0
T09340,1853.95,8,4730.93,2,6,0,1,0
T09341,3362.59,10,3314.13,1,8,0,0,0
T09342,2339.43,1,5490.55,2,2,1,0,0
T09343,5562.71,12,3324.64,2,4,0,0,0
T09344,4303.21,21,5842.99,4,4,0,0,1
T09345,180.2,7,140.24,4,9,1,0,0
T09346,19353.34,20,1522.32,3,10,0,0,1
T09347,4187.85,20,3434.91,4,1,0,0,0
T09348,5983.17,7,2188.45,4,9,0,0,0
T09349,3159.75,0,481.43,1,8,0,0,1
T09350,5819.77,5,1040.65,1,1,1,0,1
T09351,357.64,12,955.99,3,10,0,0,0
T09352,1281.93,8,757.32,3,6,0,1,0
T09353,6272.62,5,1050.69,4,10,0,1,1
T09354,675.64,14,1808.26,2,2,0,1,0
T09355,244.42,22,4825.3,4,3,0,0,0
T09356,4655.19,15,3387.31,4,5,0,0,0
T09357,5414.28,3,4508.31,6,8,1,0,0
T09358,532.55,16,5376.89,3,6,0,0,0
T09359,5779.56,8,1345.28,3,9,0,0,1
T09360,3482.43,11,1061.72,3,1,0,1,0
T09361,2202.42,21,148.38,3,5,0,0,0
T09362,5320.29,18,6665.77,4,4,1,0,1
T09363,1630.3,19,170.22,1,8,1,0,0
T09364,646.99,11,3378.63,4,5,0,0,0
T09365,1005.8,21,1187.47,4,9,0,1,0
T09366,2110.59,5,7429.1,4,2,0,0,0
T09367,2273.57,11,1360.1,2,8,0,0,0
T09368,4913.22,8,4240.33,4,1,0,0,0
T09369,4701.33,19,830.5,1,8,0,0,0
T09370,2612.28,4,888.43,1,9,0,0,0
T09371,4553.11,20,2262.88,3,3,0,0,0
T09372,638.74,2,15514.91,6,2,0,0,0
T09373,154.08,1,1822.31,6,5,0,1,0
T09374,6205.71,7,6884.27,2,9,0,0,0
T09375,235.68,9,3857.37,0,8,0,0,0
T09376,849.83,14,3972.43,3,1,0,0,1
T09377,3565.47,8,1431.58,2,1,0,0,0
T09378,1580.09,9,1221.61,2,8,0,0,0
T09379,6270.03,10,532.74,3,3,0,1,0
T09380,1061.38,8,8306.52,5,1,0,0,0
T09381,35.83,13,8009.57,2,10,0,1,0
T09382,1072.84,4,3436.58,2,1,0,0,1
T09383,2588.78,8,878.34,2,4,0,0,0
T09384,1414.52,3,703.19,2,6,1,0,0
T09385,2296.33,1,11187.6,4,9,0,0,1
T09386,6276.93,18,172.15,4,5,0,0,0
T09387,7307.84,0,4637.78,4,7,0,0,0
T09388,927.63,20,1098.04,3,9,0,0,0
T09389,1860.47,0,1356.95,2,5,1,1,0
T09390,2389.82,11,4459.15,0,7,0,0,0
T09391,8934.41,10,237.43,1,9,1,0,0
T09392,19751.19,0,1093.05,2,6,0,0,1
T09393,805.24,13,7592.65,3,9,0,0,0
T09394,3894.63,10,3002.16,2,6,0,0,0
T09395,1424.6,6,3515.62,4,6,0,0,0
T09396,24.42,1,3541.94,6,3,0,1,0
T09397,27.89,14,156.21,5,5,0,0,0
T09398,1851.7,7,567.9,1,7,0,0,0
T09399,2010.25,21,1689.56,2,2,0,0,0
T09400,68.48,19,1147.76,4,6,0,0,0
T09401,3483.96,14,1322.95,1,2,0,0,0
T09402,1044.43,7,3801.82,2,9,0,1,0
T09403,2462.21,9,36.97,2,10,0,0,0
T09404,1073.97,18,2700.64,1,3,0,0,0
T09405,548.65,2,0.28,8,7,1,0,1
T09406,1568.56,19,162.84,0,7,1,0,0
T09407,792.96,13,1311.83,2,5,1,0,1
T09408,2295.87,8,4596.32,3,10,1,0,1
T09409,665.04,8,391.62,2,2,1,1,0
T09410,2130.31,20,2022.08,3,5,1,0,0
T09411,513.71,5,2836.93,4,2,1,0,1
T09412,3334.86,7,651.9,1,3,0,1,0
T09413,4206.51,10,1795.29,1,8,0,1,0
T09414,350.93,7,6059.26,3,6,0,1,0
T09415,1892.22,11,1794.77,4,10,0,1,0
T09416,220.53,9,427.93,3,10,0,0,0
T09417,2735.27,22,2470.91,1,10,0,0,0
T09418,921.22,3,2242.45,5,4,0,0,0
T09419,2249.94,15,68.31,2,8,1,0,0
T09420,2186.08,19,237.41,2,10,0,0,0
T09421,7745.09,5,426.32,1,9,0,0,0
T09422,2389.42,8,366.29,1,5,1,1,1
T09423,2624.0,22,750.96,4,1,0,0,0
T09424,1540.75,4,1513.32,5,6,0,1,0
T09425,8932.48,20,1161.91,3,9,0,1,0
T09426,4504.25,23,5533.0,4,6,1,0,0
T09427,1008.12,5,2367.58,1,6,0,0,0
T09428,5577.73,16,5221.6,1,5,0,0,0
T09429,1699.0,16,1871.86,6,7,1,1,0
T09430,5292.44,23,235.42,7,4,0,0,0
T09431,5192.92,21,1555.73,2,4,0,0,0
T09432,627.98,12,4315.39,10,4,0,0,0
T09433,3623.35,16,539.5,7,9,0,0,0
T09434,1030.19,13,239.11,2,10,0,0,0
T09435,1059.3,1,999.09,3,3,0,0,0
T09436,1054.41,18,1231.23,1,10,0,0,0
T09437,3879.16,2,914.14,1,3,0,0,1
T09438,783.42,1,363.26,2,3,0,0,0
T09439,2.72,1,722.01,5,3,0,0,1
T09440,3768.29,21,2866.48,4,8,1,1,1
T09441,563.27,6,1219.11,3,9,1,0,1
T09442,331.06,3,2502.92,0,8,0,0,1
T09443,813.52,16,1921.31,2,4,1,0,0
T09444,1433.63,5,1991.01,2,10,0,0,0
T09445,1938.25,6,714.38,4,7,0,0,0
T09446,136.78,19,1842.97,3,4,0,1,0
T09447,10577.56,5,59.69,5,10,0,0,0
T09448,3777.01,8,1412.96,5,1,0,0,1
T09449,1171.11,19,2125.22,6,7,0,0,0
T09450,1151.25,3,502.22,4,3,0,0,0
T09451,1785.57,4,741.16,1,5,1,0,0
T09452,2952.46,18,619.65,3,3,0,1,0
T09453,474.78,9,182.93,9,1,1,0,1
T09454,628.2,17,1068.73,2,9,0,0,0
T09455,5886.25,14,9654.01,3,2,0,0,0
T09456,888.17,0,1091.93,1,2,0,0,1
T09457,1435.05,4,1542.95,4,6,0,0,1
T09458,6150.16,4,2646.7,2,1,0,0,1
T09459,3264.33,7,2613.85,5,8,0,0,0
T09460,1254.34,21,7484.09,2,4,0,1,1
T09461,3453.19,21,4872.16,2,3,0,0,0
T09462,59.64,21,3949.1,9,5,0,0,0
T09463,3991.36,19,7572.05,2,8,0,0,0
T09464,2002.53,14,655.9,6,1,0,0,0
T09465,5032.86,16,2399.65,2,5,0,0,0
T09466,9279.22,18,5455.28,5,9,0,1,0
T09467,7802.51,12,2446.33,1,2,0,0,0
T09468,7199.44,21,9476.78,3,8,0,0,0
T09469,2153.36,20,264.38,3,2,0,0,1
T09470,1339.53,9,1446.56,2,7,0,0,0
T09471,1876.66,16,9470.41,4,9,1,0,0
T09472,3512.54,4,1193.35,3,5,0,0,0
T09473,6462.44,17,3363.42,5,9,0,0,0
T09474,695.74,16,77.19,5,1,0,1,0
T09475,7510.18,3,2967.27,6,7,0,0,0
T09476,5065.12,21,6819.1,1,4,0,1,0
T09477,11569.2,6,1206.03,3,7,0,0,1
T09478,6367.09,4,53.82,3,1,0,0,0
T09479,985.25,7,70.77,0,7,0,0,0
T09480,336.0,7,5564.6,1,7,0,0,0
T09481,357.17,10,3204.98,1,10,1,0,0
T09482,1032.64,8,282.04,1,10,0,0,1
T09483,2857.18,18,140.34,2,7,0,0,1
T09484,4893.83,18,4084.65,2,10,0,0,0
T09485,6885.35,8,4149.99,3,2,0,1,1
T09486,2932.53,22,321.07,3,6,0,0,0
T09487,16.94,19,897.12,1,3,0,0,0
T09488,618.55,16,3785.62,4,6,0,0,0
T09489,315.17,15,1863.27,0,5,0,0,0
T09490,1354.49,6,7842.37,4,4,0,0,0
T09491,2087.56,21,1639.93,2,8,1,0,1
T09492,133.1,2,2824.93,2,2,0,0,0
T09493,1285.33,20,1782.27,0,7,1,0,0
T09494,592.35,18,7160.25,5,4,0,0,0
T09495,3124.46,7,1271.48,3,7,0,0,0
T09496,1872.39,4,652.75,4,5,0,0,0
T09497,2051.48,5,988.67,2,5,0,0,0
T09498,1674.23,1,4789.49,2,9,0,0,0
T09499,9372.04,23,1722.58,1,5,0,0,0
T09500,725.2,18,1093.37,5,8,1,0,0
T09501,2181.13,12,1964.58,4,7,1,0,1
T09502,3995.62,5,357.45,3,4,0,0,0
T09503,2441.5,5,13.43,3,8,0,0,0
T09504,7936.11,1,823.29,4,7,0,0,1
T09505,1424.29,23,2322.21,3,4,0,0,0
T09506,1869.05,4,3109.22,3,6,0,0,0
T09507,278.06,10,4380.54,6,7,0,0,0
T09508,2817.14,10,6531.74,4,10,0,0,0
T09509,1019.93,23,1328.05,6,7,0,0,0
T09510,524.16,13,3372.66,4,8,0,0,0
T09511,2359.28,12,194.02,4,9,0,0,0
T09512,2279.85,7,148.13,2,5,1,0,0
T09513,236.71,14,333.25,4,2,0,0,0
T09514,3594.13,11,1488.1,3,10,1,0,0
T09515,2932.68,2,593.36,1,5,0,0,1
T09516,628.53,20,845.42,2,7,0,0,0
T09517,1901.44,22,2609.46,2,3,0,0,0
T09518,3822.36,4,1109.95,8,10,0,0,1
T09519,2261.47,5,2037.56,1,5,0,0,0
T09520,1510.01,1,1329.29,5,6,1,1,0
T09521,1167.32,7,462.72,4,6,0,0,0
T09522,2827.86,4,192.26,2,4,0,1,0
T09523,8395.99,21,673.73,1,3,0,0,0
T09524,3341.89,16,148.58,6,4,0,0,0
T09525,233.06,1,2409.84,1,1,0,0,0
T09526,1852.37,10,3970.63,4,8,0,0,0
T09527,6644.39,3,1037.81,1,3,0,0,1
T09528,297.68,10,1223.93,2,4,0,0,0
T09529,13495.87,8,4234.65,5,9,1,0,1
T09530,8931.87,5,629.54,2,10,1,0,0
T09531,244.52,23,317.2,2,9,0,0,0
T09532,8127.75,1,1738.46,3,6,1,0,1
T09533,1353.58,14,2597.49,5,4,0,0,0
T09534,5587.37,4,2288.57,7,8,0,0,1
T09535,1625.83,11,3128.3,6,7,1,1,1
T09536,1744.04,12,146.06,4,6,0,0,0
T09537,3017.36,16,1397.42,0,6,0,1,0
T09538,4468.0,3,681.39,4,9,0,0,0
T09539,103.12,9,3558.65,2,4,0,0,0
T09540,2697.98,0,5153.62,5,6,0,1,1
T09541,620.09,10,825.9,5,2,0,0,0
T09542,1273.71,15,250.15,2,9,0,0,1
T09543,1282.99,10,730.66,1,7,0,0,0
T09544,1899.32,8,274.56,3,8,0,0,0
T09545,1220.01,1,973.08,2,2,0,1,1
T09546,340.72,6,1931.55,1,5,0,0,0
T09547,472.17,18,9093.66,0,9,0,0,0
T09548,102.03,17,1274.44,4,3,0,1,0
T09549,1906.05,19,621.28,1,7,0,1,1
T09550,9266.68,6,456.21,3,5,0,0,1
T09551,368.79,22,475.0,3,6,0,0,0
T09552,8771.04,8,534.83,7,5,0,0,1
T09553,3965.58,11,3591.52,3,6,0,0,0
T09554,3044.18,2,157.42,3,9,0,0,0
T09555,3109.26,22,14883.21,4,7,0,0,0
T09556,5258.67,21,1848.95,3,1,0,0,0
T09557,339.24,15,1964.65,3,9,0,0,0
T09558,2108.1,6,1106.22,3,2,0,1,0
T09559,3582.97,22,2930.02,3,4,0,1,0
T09560,2651.62,4,1594.07,2,4,0,0,0
T09561,5365.32,22,997.69,1,5,0,1,0
T09562,225.05,6,770.18,1,10,1,0,0
T09563,3520.34,18,6497.47,1,4,0,0,0
T09564,2290.89,16,859.71,1,8,0,0,0
T09565,1430.05,15,1433.5,2,9,0,1,1
T09566,1247.8,20,1078.27,6,2,0,0,0
T09567,2909.33,23,225.3,5,9,0,0,1
T09568,6649.09,20,514.29,3,2,0,0,0
T09569,2056.58,18,525.27,7,3,0,0,0
T09570,5224.17,17,2957.56,4,6,0,0,0
T09571,1543.28,18,1304.65,4,9,0,0,0
T09572,324.07,3,3807.78,2,7,0,1,0
T09573,190.44,0,3085.66,4,8,1,0,0
T09574,158.1,3,533.14,5,2,0,0,0
T09575,1434.83,3,2069.08,2,9,0,0,0
T09576,1234.02,8,3395.81,3,6,1,0,0
T09577,3796.87,7,2506.28,4,3,0,0,0
T09578,4073.95,1,2290.83,2,2,0,0,0
T09579,156.58,22,3363.95,6,2,0,0,0
T09580,749.71,5,146.14,4,10,0,0,0
T09581,961.7,22,3286.53,3,9,0,0,0
T09582,2379.65,10,795.89,3,4,0,0,0
T09583,468.26,3,2120.83,2,8,1,0,0
T09584,431.41,13,693.69,2,7,0,0,1
T09585,8635.92,20,4563.05,3,5,0,0,0
T09586,4892.03,21,1637.51,4,4,0,1,1
T09587,597.75,8,2574.64,3,6,0,1,0
T09588,1565.5,1,3950.69,5,10,1,0,1
T09589,1318.41,0,5642.0,0,8,0,0,1
T09590,4696.32,3,3292.5,7,5,0,0,0
T09591,2141.35,11,402.68,0,2,0,0,0
T09592,410.38,4,4819.5,6,4,0,1,0
T09593,4029.61,8,2409.62,3,1,0,0,0
T09594,1516.96,21,2350.5,3,9,0,0,0
T09595,915.19,3,6356.57,1,6,0,0,0
T09596,1412.41,15,715.31,4,7,0,1,1
T09597,2066.01,1,684.74,5,1,0,0,0
T09598,1260.74,15,1799.72,4,5,0,1,1
T09599,830.84,15,3474.38,2,9,0,0,0
T09600,1525.0,20,1482.08,4,1,0,0,0
T09601,58.08,23,2512.06,4,1,1,1,0
T09602,4441.79,23,1506.09,2,2,0,0,1
T09603,562.41,21,2356.5,5,3,0,0,0
T09604,134.69,10,4318.62,2,6,0,0,0
T09605,3181.34,0,497.58,8,6,0,0,1
T09606,4460.81,14,2971.71,2,10,0,0,0
T09607,5043.27,23,3871.16,1,10,0,0,0
T09608,2040.75,3,1481.5,5,1,0,0,0
T09609,689.63,17,976.07,5,3,0,0,0
T09610,4009.4,16,34.09,2,9,0,0,0
T09611,3609.05,6,3987.67,4,8,0,0,0
T09612,848.17,17,993.51,5,9,0,1,0
T09613,7011.77,12,1105.23,2,8,0,0,0
T09614,330.69,19,1023.71,2,9,0,0,0
T09615,12169.11,19,1726.57,2,7,0,0,1
T09616,5903.65,9,3030.85,4,10,0,1,0
T09617,3493.28,0,3694.52,2,9,0,0,0
T09618,8378.37,1,1246.3,3,3,1,1,0
T09619,3843.76,16,2719.94,1,6,0,1,0
T09620,633.86,21,3188.53,2,6,0,0,0
T09621,1751.03,2,880.7,3,1,0,0,1
T09622,222.56,16,254.03,6,10,0,0,0
T09623,1481.2,11,5626.54,3,10,0,0,0
T09624,4059.77,23,2826.16,3,7,0,0,0
T09625,1465.45,11,2611.09,3,3,0,0,0
T09626,1202.75,19,151.77,2,2,0,0,0
T09627,2714.24,9,4257.63,2,7,1,0,0
T09628,6171.97,6,2087.09,6,10,0,0,0
T09629,146.26,9,4707.79,6,4,1,0,0
T09630,1460.69,17,9178.7,3,7,1,0,0
T09631,516.78,21,7872.23,3,1,1,0,1
T09632,3565.82,5,4846.41,4,10,0,0,1
T09633,335.22,6,27.52,4,8,0,0,0
T09634,3279.15,16,5422.92,5,2,0,0,0
T09635,1011.38,11,195.07,2,8,0,0,0
T09636,665.37,16,4762.78,1,8,0,1,0
T09637,8263.19,17,821.86,4,9,0,0,0
T09638,56.09,13,2354.46,1,4,0,0,0
T09639,1727.57,10,97.03,3,1,0,0,0
T09640,65.59,1,3687.07,3,10,0,0,1
T09641,1982.58,20,296.13,5,8,0,1,0
T09642,2085.73,0,1322.0,2,9,0,0,1
T09643,1164.33,10,4251.77,4,9,0,1,0
T09644,425.25,1,2971.47,3,6,0,0,0
T09645,1416.68,15,15.15,2,8,0,0,0
T09646,3346.63,21,1289.73,4,8,0,0,0
T09647,4575.23,2,107.08,3,5,0,0,1
T09648,2269.86,19,2798.31,2,4,0,1,0
T09649,2673.58,0,8680.27,1,10,0,0,0
T09650,671.74,20,2662.42,0,10,1,0,0
T09651,1016.21,19,635.21,0,2,0,0,0
T09652,529.84,7,1097.17,4,3,0,0,0
T09653,860.23,18,9392.96,2,3,0,0,0
T09654,764.24,0,634.18,1,6,0,0,1
T09655,2198.46,4,2061.15,2,7,0,0,0
T09656,2481.33,0,1278.96,1,6,0,0,1
T09657,8698.4,10,3655.94,7,1,0,0,1
T09658,652.87,20,5050.84,3,7,0,0,0
T09659,3078.95,8,1041.96,1,9,0,0,0
T09660,5099.06,4,2699.94,2,8,1,0,1
T09661,2464.59,1,1990.98,1,5,0,0,0
T09662,883.13,12,815.86,6,4,0,0,0
T09663,913.67,17,793.43,2,5,1,0,0
T09664,120.13,11,1933.9,8,3,0,1,0
T09665,1093.45,13,418.1,0,9,1,0,0
T09666,4094.82,4,4162.51,1,5,0,0,0
T09667,146.05,23,178.75,1,7,0,0,0
T09668,742.67,9,248.38,1,7,0,0,0
T09669,3674.9,19,1047.24,3,1,0,0,1
T09670,4578.76,1,314.17,2,6,0,1,1
T09671,1822.66,3,1614.23,5,4,0,0,1
T09672,3592.72,11,1275.71,2,3,0,0,0
T09673,1472.83,10,3198.63,3,3,0,0,0
T09674,522.75,3,7644.24,2,6,0,0,1
T09675,1523.24,10,3501.58,6,1,1,0,1
T09676,2602.27,8,494.45,6,5,0,0,0
T09677,8872.61,9,6853.55,4,4,1,0,1
T09678,213.69,5,1244.5,7,10,0,0,0
T09679,2124.14,14,1607.04,1,8,0,0,0
T09680,1196.6,9,1368.62,4,9,1,0,1
T09681,2129.73,21,823.16,5,8,0,0,0
T09682,72.8,20,5635.54,2,7,0,0,0
T09683,1126.37,5,1009.56,3,3,0,0,0
T09684,5142.2,0,2160.41,2,8,0,0,0
T09685,2421.92,20,686.2,4,1,0,0,0
T09686,1796.69,21,3991.0,0,4,0,1,0
T09687,1008.62,23,3720.25,5,3,1,0,0
T09688,1061.65,19,878.55,2,3,0,0,0
T09689,1449.15,20,2860.76,1,2,0,0,0
T09690,5415.82,3,3042.42,1,7,0,0,0
T09691,10253.19,22,2066.76,2,10,0,0,1
T09692,1732.26,21,2294.47,1,3,0,0,0
T09693,1499.42,13,2135.96,6,7,0,0,0
T09694,5623.16,19,213.53,4,2,0,0,0
T09695,1670.11,21,2773.67,2,3,0,0,0
T09696,2409.01,19,1586.13,3,3,0,0,0
T09697,787.77,7,1442.67,4,7,0,0,0
T09698,4081.91,10,4915.27,2,10,1,0,0
T09699,2277.79,14,58.75,3,4,1,0,0
T09700,4966.99,18,723.59,2,10,1,0,0
T09701,4552.39,7,323.57,2,7,0,0,0
T09702,726.23,12,89.95,3,3,0,0,0
T09703,3772.5,17,806.29,3,10,0,0,0
T09704,4829.13,21,11158.37,3,9,0,0,0
T09705,1274.44,23,787.56,2,2,0,0,0
T09706,568.43,16,2724.42,1,3,1,0,1
T09707,7.91,5,314.76,4,6,1,0,0
T09708,1798.44,14,2302.3,0,6,0,0,0
T09709,1303.6,12,10414.3,5,6,0,0,0
T09710,2428.44,17,862.7,5,10,0,0,0
T09711,624.92,10,4710.93,0,8,0,0,0
T09712,5891.18,12,15051.08,2,8,0,0,0
T09713,894.23,0,2220.19,2,6,1,0,1
T09714,770.22,17,925.49,2,8,1,1,0
T09715,1965.9,4,2798.55,3,1,0,1,0
T09716,2072.56,5,4658.38,2,7,0,0,0
T09717,726.54,0,469.89,4,3,0,0,0
T09718,951.79,6,1506.05,4,3,0,0,0
T09719,557.92,3,961.17,1,9,0,0,0
T09720,3802.44,8,832.95,3,1,1,0,1
T09721,4410.19,14,4929.99,3,9,0,0,0
T09722,1861.52,5,1368.96,2,5,0,0,0
T09723,3756.2,16,1035.29,5,9,0,0,1
T09724,3994.68,19,2312.76,3,1,0,0,1
T09725,446.46,17,619.24,4,6,0,0,0
T09726,10159.93,21,653.07,3,1,0,0,1
T09727,5161.64,3,1836.43,3,1,0,0,0
T09728,686.29,8,1316.0,6,5,1,0,0
T09729,617.99,13,873.83,0,5,0,0,0
T09730,402.86,2,138.65,4,1,0,0,0
T09731,446.82,0,1838.96,4,2,0,1,1
T09732,4136.91,10,4240.34,0,3,0,0,0
T09733,1902.68,0,4765.86,1,3,0,0,0
T09734,4582.66,11,671.14,1,7,0,0,0
T09735,4114.28,8,2288.49,3,2,0,0,0
T09736,2783.67,4,4842.8,2,3,0,0,1
T09737,3478.59,14,1313.69,3,1,0,0,0
T09738,55.58,17,6725.65,0,1,0,0,0
T09739,1120.93,8,5832.06,4,1,0,0,0
T09740,3046.86,12,583.41,8,1,0,0,0
T09741,28.17,12,749.27,7,4,0,0,0
T09742,100.6,23,497.48,3,1,0,0,0
T09743,5729.36,12,545.56,4,4,0,0,0
T09744,3456.28,9,5961.17,2,6,0,0,0
T09745,925.16,9,6689.12,3,3,0,0,0
T09746,3493.9,21,133.23,2,3,1,0,0
T09747,4717.25,6,2251.06,2,5,0,0,0
T09748,1099.29,21,2076.61,8,10,0,0,0
T09749,110.11,4,1237.99,3,2,0,0,0
T09750,8099.31,19,2497.13,0,4,1,0,0
T09751,1270.18,6,7361.07,5,1,1,1,0
T09752,337.77,19,466.59,2,10,0,0,0
T09753,2030.98,9,320.75,2,9,0,0,0
T09754,4389.11,9,84.9,3,3,0,0,0
T09755,751.73,20,1130.74,9,8,1,0,1
T09756,942.04,23,1029.82,2,4,0,0,0
T09757,834.05,12,1408.9,3,6,0,0,0
T09758,14364.78,14,1749.47,5,10,0,0,0
T09759,659.71,5,3545.23,1,4,0,0,0
T09760,2570.67,19,1244.42,3,4,0,1,0
T09761,7781.41,11,1003.48,3,6,0,0,1
T09762,476.62,18,4384.41,3,8,0,0,0
T09763,10606.33,10,4739.41,2,9,0,0,1
T09764,8839.53,5,662.41,2,2,0,0,1
T09765,6477.32,0,944.64,6,6,0,0,0
T09766,724.52,1,4359.09,4,1,0,0,1
T09767,3015.82,22,206.85,1,7,0,0,0
T09768,4292.51,14,985.74,4,10,0,1,0
T09769,12812.08,3,1487.1,6,3,0,0,0
T09770,596.9,4,517.78,4,9,0,0,0
T09771,4357.63,14,495.87,2,6,0,0,0
T09772,1241.1,10,1382.86,2,9,0,0,0
T09773,579.39,9,3511.37,4,6,1,0,0
T09774,1641.31,16,4585.1,2,4,0,1,0
T09775,4737.25,1,9686.23,5,6,0,0,1
T09776,1875.62,19,192.16,4,1,1,0,1
T09777,2313.48,23,610.54,4,10,0,0,0
T09778,15992.16,9,3532.93,3,8,0,0,0
T09779,1528.03,19,1944.58,1,10,0,0,0
T09780,2866.66,2,992.55,2,8,1,0,0
T09781,1363.54,18,575.39,4,3,1,0,0
T09782,1496.62,4,822.92,3,5,0,0,0
T09783,3568.64,2,1402.18,4,5,0,0,0
T09784,8336.4,7,487.46,1,3,0,0,0
T09785,2345.01,4,8326.33,5,6,0,0,1
T09786,4388.23,11,284.57,0,9,0,0,0
T09787,280.32,13,10597.4,5,3,0,0,0
T09788,711.57,6,4611.21,2,9,0,0,0
T09789,2092.26,10,1375.44,2,8,0,0,0
T09790,60.64,7,3365.92,2,5,0,1,0
T09791,874.49,4,2783.16,2,9,0,0,1
T09792,2185.71,7,599.73,2,7,0,0,0
T09793,45.22,11,1035.27,1,3,0,0,0
T09794,921.8,14,1799.36,3,10,0,0,0
T09795,2164.83,18,2539.2,5,2,0,0,0
T09796,2553.96,15,1957.11,3,5,0,0,0
T09797,7801.02,13,1601.33,4,3,0,0,0
T09798,3109.83,6,1463.66,0,10,0,1,0
T09799,1607.08,7,1724.21,2,9,0,0,0
T09800,7992.87,6,1424.46,5,10,0,0,0
T09801,4609.72,17,1948.56,1,7,0,0,0
T09802,669.46,23,5472.81,1,10,0,0,0
T09803,420.69,5,2504.82,3,10,0,0,0
T09804,3379.29,18,3205.93,0,8,0,0,0
T09805,2462.15,3,2275.05,4,6,1,1,1
T09806,4677.28,22,2575.17,5,9,0,0,0
T09807,4027.46,2,2158.95,1,6,1,0,0
T09808,2944.18,16,68.09,3,3,0,0,0
T09809,12889.13,21,19550.02,3,2,1,0,1
T09810,2288.07,18,85.47,3,1,0,0,0
T09811,360.09,14,1256.93,5,9,0,0,0
T09812,5285.56,5,277.65,1,6,0,0,0
T09813,870.47,11,254.88,5,4,0,0,0
T09814,4505.82,18,3943.96,6,5,0,0,0
T09815,9447.15,5,1387.49,3,8,0,1,1
T09816,3580.04,10,4037.87,4,1,1,0,0
T09817,2719.25,19,796.34,4,8,0,0,0
T09818,1850.7,19,740.84,4,7,0,0,0
T09819,1359.6,9,723.31,4,9,0,0,0
T09820,1306.25,15,2393.73,3,4,1,0,0
T09821,3034.88,17,4218.49,2,5,0,0,0
T09822,4174.2,13,1504.89,2,8,0,0,0
T09823,3404.43,3,1192.06,4,3,0,0,0
T09824,663.47,11,9084.04,3,10,0,0,0
T09825,2043.58,19,310.38,3,1,0,0,0
T09826,4705.46,22,1666.91,2,1,0,1,0
T09827,1937.1,20,1312.68,7,10,0,0,0
T09828,2307.64,7,258.2,3,6,0,0,0
T09829,4423.88,6,780.62,7,2,0,0,0
T09830,3247.61,8,72.13,2,9,0,1,0
T09831,1579.57,23,5238.0,1,5,0,0,0
T09832,6773.2,16,2340.27,4,9,0,0,0
T09833,532.24,9,4218.75,1,8,0,1,1
T09834,16222.02,2,1843.03,3,8,0,1,1
T09835,379.59,20,2287.67,5,5,1,0,1
T09836,45.19,7,3017.06,2,2,0,0,0
T09837,6622.34,13,5965.23,6,6,0,0,0
T09838,842.93,6,240.59,1,5,0,0,1
T09839,3924.66,15,1004.74,3,3,0,1,0
T09840,4998.27,17,3086.31,3,10,0,1,1
T09841,5876.7,10,7946.17,2,9,0,0,0
T09842,14336.51,5,9883.08,0,7,0,0,1
T09843,1044.59,19,2540.99,4,9,0,0,0
T09844,3716.14,20,537.93,4,10,0,0,0
T09845,367.86,13,317.34,3,4,0,0,0
T09846,1566.72,20,7298.95,7,3,0,0,0
T09847,5651.07,12,1422.58,1,2,0,0,1
T09848,1374.97,3,541.71,5,5,0,0,1
T09849,2682.82,19,6791.18,1,1,0,0,0
T09850,2102.17,19,276.0,3,6,0,0,0
T09851,3114.96,10,3269.37,3,2,1,0,0
T09852,10824.04,17,2453.83,6,9,1,0,0
T09853,172.05,0,229.56,3,5,0,0,0
T09854,2559.68,11,1034.05,6,2,0,0,1
T09855,5963.95,17,406.09,5,4,0,0,0
T09856,1969.77,6,2319.0,1,6,1,0,0
T09857,245.35,11,1620.97,1,4,0,0,0
T09858,2466.62,0,10.71,2,5,0,0,0
T09859,1210.73,21,9294.28,1,4,0,0,0
T09860,505.05,3,1075.36,6,4,0,1,0
T09861,5672.11,17,746.7,5,3,0,0,1
T09862,2211.92,14,629.0,6,9,0,0,0
T09863,8121.59,2,432.36,1,3,0,0,1
T09864,4919.95,6,17637.96,2,4,0,0,0
T09865,3542.45,5,874.28,0,8,0,0,0
T09866,15.11,14,1300.14,2,5,0,0,0
T09867,1674.92,14,5126.76,3,7,0,0,0
T09868,660.02,5,2567.27,5,6,0,0,0
T09869,7250.55,7,1149.91,3,1,0,0,0
T09870,575.6,7,5715.02,5,2,0,0,0
T09871,1010.87,21,3462.98,2,10,0,0,0
T09872,2182.2,0,646.6,4,5,0,1,0
T09873,916.98,12,2580.23,2,10,0,0,0
T09874,706.65,22,6390.42,4,3,0,0,0
T09875,2742.12,23,1715.23,1,8,0,0,0
T09876,279.41,20,3307.01,1,8,0,0,0
T09877,179.78,12,8860.11,2,2,1,0,1
T09878,1396.82,10,2931.3,3,6,0,0,0
T09879,3826.02,3,270.18,3,7,0,0,1
T09880,2427.74,6,701.14,3,7,0,0,0
T09881,1649.1,11,2260.27,6,3,1,1,1
T09882,2502.42,12,805.88,2,9,1,1,1
T09883,1364.52,21,7898.08,4,7,0,1,0
T09884,8253.48,11,1299.46,3,1,0,0,0
T09885,169.41,15,1527.68,1,9,0,0,0
T09886,3356.98,5,3023.32,2,6,0,0,0
T09887,6657.01,13,1857.16,2,6,0,0,0
T09888,4887.16,18,1203.76,0,7,0,0,0
T09889,610.17,15,199.33,0,2,1,0,1
T09890,1052.62,3,2268.61,6,2,0,1,1
T09891,3787.43,4,5054.44,2,4,0,0,0
T09892,264.1,8,2894.02,3,2,0,0,0
T09893,5011.73,23,1201.13,1,7,0,0,0
T09894,3807.21,2,341.63,7,10,0,0,1
T09895,3923.63,21,4236.65,3,9,0,0,0
T09896,316.89,9,7107.46,2,2,1,1,0
T09897,3795.0,16,1228.67,2,1,0,0,0
T09898,3416.6,18,3260.79,3,1,0,0,0
T09899,5332.19,9,1322.32,4,2,0,0,1
T09900,127.46,11,1744.23,2,3,0,0,0
T09901,70.15,22,4526.99,4,1,0,1,0
T09902,1400.46,6,217.78,3,8,1,0,0
T09903,483.28,17,1889.34,4,6,0,0,0
T09904,2451.95,18,603.97,5,3,0,0,0
T09905,7479.38,14,1038.05,2,9,0,0,0
T09906,1490.18,6,2585.07,3,4,0,0,0
T09907,5592.03,11,69.01,2,9,0,0,0
T09908,0.72,21,2252.43,3,5,1,0,0
T09909,553.62,6,833.24,2,9,0,0,0
T09910,92.69,9,2767.75,3,8,0,0,0
T09911,1193.15,23,381.66,4,2,0,0,0
T09912,7164.09,21,3327.73,8,5,1,0,0
T09913,305.94,19,2593.6,1,1,1,0,0
T09914,2797.33,9,8872.08,3,1,0,0,1
T09915,1801.68,22,6054.42,3,3,0,0,0
T09916,8364.6,4,832.75,3,1,0,1,1
T09917,392.1,17,69.24,2,6,1,1,0
T09918,714.88,8,2663.2,6,6,1,0,0
T09919,89.96,15,2308.84,1,5,0,1,0
T09920,1707.14,6,69.53,3,9,0,0,0
T09921,976.5,9,327.2,5,4,1,0,0
T09922,6118.49,4,2196.9,5,3,0,0,1
T09923,2786.16,6,6071.14,3,3,0,0,0
T09924,2856.46,4,5924.49,3,1,0,0,0
T09925,2277.29,14,410.67,3,4,0,0,0
T09926,289.04,18,1213.6,4,7,0,0,0
T09927,1766.46,9,110.41,2,8,0,1,0
T09928,22834.01,7,1583.76,1,6,0,0,1
T09929,5409.6,23,3496.76,6,7,0,0,0
T09930,6717.68,8,3901.29,3,5,1,0,0
T09931,5198.66,10,1727.82,5,8,1,1,1
T09932,326.24,21,251.95,4,10,0,0,0
T09933,774.17,1,1200.6,3,3,0,0,1
T09934,9.38,2,6724.37,3,8,0,0,0
T09935,1085.11,12,652.15,2,10,0,0,0
T09936,344.91,10,963.25,2,7,0,0,0
T09937,1920.49,9,3434.21,2,9,0,0,0
T09938,3391.49,14,3306.71,2,6,0,0,0
T09939,6226.48,5,6081.8,2,10,0,0,0
T09940,4149.5,0,1228.04,3,10,0,0,0
T09941,8370.33,13,1806.95,5,2,0,0,0
T09942,166.22,17,1574.93,3,5,1,0,1
T09943,36.76,23,6569.13,2,9,0,0,0
T09944,3248.26,10,3666.92,5,7,0,0,0
T09945,1024.74,7,4451.19,4,3,1,1,0
T09946,877.08,21,357.07,5,2,1,0,0
T09947,1205.41,2,3923.7,7,8,1,0,0
T09948,943.29,13,1418.4,3,8,0,1,0
T09949,2148.86,1,59.04,2,1,0,0,1
T09950,1740.25,15,154.92,2,2,0,0,0
T09951,2154.96,5,2832.29,4,5,0,0,0
T09952,3350.76,0,1163.09,3,5,1,0,0
T09953,1468.81,13,5064.57,2,7,1,1,1
T09954,868.28,9,3313.22,3,5,0,1,0
T09955,545.29,5,54.8,9,9,0,0,1
T09956,1289.92,8,2902.99,1,1,1,0,0
T09957,4062.14,6,534.07,5,5,0,0,0
T09958,4240.44,1,1372.97,7,3,1,0,1
T09959,3297.99,10,2450.31,4,10,0,1,0
T09960,799.83,13,5153.37,1,6,0,0,0
T09961,2660.82,4,1522.46,2,1,0,1,1
T09962,2536.73,8,4132.04,3,2,0,0,0
T09963,1986.49,6,3819.25,9,9,0,0,0
T09964,2395.38,13,1338.39,2,9,1,0,0
T09965,2030.59,15,1737.77,1,2,0,0,0
T09966,2500.38,21,3013.98,1,4,0,0,0
T09967,3771.13,15,79.11,1,10,0,0,0
T09968,348.35,6,5536.7,1,3,0,0,0
T09969,4154.4,9,3672.19,7,8,0,0,0
T09970,438.15,20,717.26,2,1,0,0,0
T09971,206.85,5,9932.08,2,9,0,1,0
T09972,11199.08,16,494.27,3,4,0,0,0
T09973,9439.09,0,6136.04,2,8,0,0,0
T09974,187.02,1,980.66,5,8,1,0,1
T09975,1756.94,13,3600.79,2,6,1,1,0
T09976,618.29,3,1523.75,3,10,0,0,1
T09977,1992.77,8,3333.95,2,9,0,1,0
T09978,5319.0,22,423.36,2,8,1,0,0
T09979,9024.13,5,785.09,4,3,1,1,0
T09980,3017.44,16,263.01,2,6,0,0,0
T09981,1310.43,20,5008.87,2,2,0,0,0
T09982,2773.92,10,878.48,8,1,0,0,0
T09983,1121.91,3,2964.32,4,5,1,0,1
T09984,7217.96,20,4290.07,4,7,0,0,0
T09985,6129.92,8,5792.17,4,6,0,0,0
T09986,2450.91,15,280.95,2,4,1,0,1
T09987,1178.23,2,5587.67,6,4,0,0,0
T09988,1041.83,3,549.29,1,9,0,1,0
T09989,101.97,23,3338.07,5,3,0,0,0
T09990,5075.54,2,3262.7,2,2,0,0,0
T09991,1795.6,12,21.35,0,6,0,0,0
T09992,1179.72,18,623.15,1,1,0,0,0
T09993,1910.93,20,1692.73,4,2,0,0,0
T09994,5123.44,0,1361.97,2,4,0,1,0
T09995,399.27,22,6270.14,2,9,0,0,0
T09996,5848.53,22,1114.71,4,4,1,0,0
T09997,6833.94,5,6910.91,1,10,0,1,0
T09998,8795.9,21,1537.82,2,3,0,0,0
T09999,1519.94,2,8335.22,4,1,0,0,0
T10000,734.41,2,3342.38,2,8,0,1,1
